{
    "dist": 0.7,
    "thetas": [
        1.2344523002620233,
        -1.3437261884234306,
        -1.71624293364286,
        0.3224202031429355,
        1.3789642063384902,
        -0.4831363599630145,
        3.0207305475081876,
        1.1613194978062573,
        -0.1198083964293164,
        -0.6778456245845823,
        -0.9853415847636118,
        1.4391617560491943,
        -0.3859619696820067,
        -2.766625370449171,
        -0.6406068368903868,
        1.4953692364717712,
        -1.9949632941225846,
        -2.0391967572450125,
        0.1982431285443691,
        0.1999786276100073,
        0.844466128040513,
        2.1955447144109703,
        1.4102943992825638,
        0.6975812910408847,
        1.3976529930445434,
        -1.112381951244826,
        -0.8684074882794137,
        -1.7073724751617976,
        -1.296132872807237,
        0.8229472569938512,
        -2.5628802482082387,
        -0.4165678177032248,
        -0.4344020696261799,
        -0.039677701659869946,
        -0.46602203025102895,
        -1.1795975254072706,
        -0.46274838598426316,
        2.471737009701255,
        2.7907397004152337,
        0.011540174930514624
    ],
    "oo": false,
    "mo": [
        [
            [
                -0.00023664840940583405,
                0.23465515541927162,
                -0.3302580790273188,
                3.8311190115694034e-17,
                -1.2429648918101556e-16,
                -0.6276138497612634,
                2.3395859160601107e-16,
                -1.357331857425505e-16,
                0.025806994326980772,
                1.2048823898173646,
                -1.2879558626664374
            ],
            [
                0.0026068340736051937,
                -0.021535303390733073,
                -0.052871838056052424,
                4.513375389081245e-17,
                -6.0936675904856606e-18,
                -0.05417899215492967,
                1.7564833816146037e-16,
                -9.490036068912202e-17,
                0.13185313475720314,
                -1.4455065494292472,
                -1.3068538922936828
            ],
            [
                0.9954095404845211,
                -0.22397990341099575,
                -0.08145971416572122,
                -1.0295153473169621e-19,
                -6.571459794984365e-17,
                -0.07211015654838153,
                -3.1851999366220343e-16,
                6.818915958280477e-17,
                -0.10777730671271395,
                0.003993985558033566,
                -0.02911585709015608
            ],
            [
                0.022104005390244773,
                0.487858355070754,
                0.16901150786445096,
                -9.409316063218628e-18,
                8.797702022045608e-17,
                0.5986349258673873,
                3.818659563652961e-15,
                6.390200237680507e-17,
                1.3607807103587537,
                -0.2861992682421855,
                -0.7152130545742348
            ],
            [
                -0.006645037924451809,
                0.431827101457943,
                0.37857670983014907,
                -4.6367593430618955e-17,
                4.1015311936597075e-17,
                -0.16488575771294192,
                -3.961899807276179e-15,
                1.1088128770460267e-16,
                -1.4202216831776273,
                0.47918108652509045,
                2.3164739726273957
            ],
            [
                6.449626478207544e-17,
                1.1153632364789121e-17,
                -1.1009490514872911e-16,
                0.4799287278160577,
                0.45623032220299853,
                -1.6795060884296125e-16,
                -0.7952496171463418,
                -0.5114448797138313,
                2.534524237284939e-15,
                5.801449488391552e-17,
                5.857335175358627e-17
            ],
            [
                2.286330244433019e-17,
                8.73315160566006e-18,
                -8.552139246830215e-17,
                -0.4562303222029987,
                0.479928727816059,
                -2.9853658451274196e-16,
                -0.5114448797138302,
                0.7952496171463423,
                1.6818185899193382e-15,
                1.3977500588362426e-17,
                5.780768832475204e-18
            ],
            [
                -0.001980677599991975,
                -0.15631570544310328,
                0.5691238348367019,
                -3.5163681285179835e-17,
                7.118634929492984e-17,
                -0.8957383104799137,
                1.4955898097441515e-15,
                -1.9758257792314354e-16,
                0.4201914899469506,
                0.14268875736721043,
                0.21082211984815138
            ],
            [
                2.6079935717628922e-17,
                6.6446829743675145e-18,
                -5.245458310083065e-17,
                0.3539326971936719,
                0.33645585087945296,
                9.848363338418673e-17,
                0.879720710453544,
                0.5657703483771472,
                -2.8104974102466913e-15,
                -1.0097643558397734e-16,
                -9.970974357858077e-17
            ],
            [
                6.369168441081372e-17,
                2.641321576531801e-18,
                -5.694324220280552e-17,
                -0.3364558508794522,
                0.35393269719367115,
                2.770430680659703e-16,
                0.5657703483771465,
                -0.8797207104535454,
                -1.8656808343050288e-15,
                -1.9190670621435806e-17,
                -2.3023958201363947e-17
            ],
            [
                0.0014295876412425313,
                -0.01991432917315688,
                0.28083470789536985,
                8.826004388168948e-17,
                2.891849932065503e-17,
                0.41471632910953304,
                -1.4756619618469195e-15,
                5.502664363126372e-17,
                -0.42841163112107494,
                0.3300198318651615,
                -1.6402606117101546
            ]
        ],
        [
            [
                -0.00023664840940583405,
                0.23465515541927162,
                -0.3302580790273188,
                3.8311190115694034e-17,
                -1.2429648918101556e-16,
                -0.6276138497612661,
                -1.8306098604357239e-16,
                1.3234825790035996e-16,
                0.02580699432697743,
                1.2048823898173593,
                -1.2879558626664414
            ],
            [
                0.0026068340736051937,
                -0.021535303390733073,
                -0.052871838056052424,
                4.513375389081245e-17,
                -6.0936675904856606e-18,
                -0.054178992154928725,
                4.9459673483378946e-17,
                2.0756806584975676e-17,
                0.13185313475720398,
                -1.4455065494292516,
                -1.306853892293678
            ],
            [
                0.9954095404845211,
                -0.22397990341099575,
                -0.08145971416572122,
                -1.0295153473169621e-19,
                -6.571459794984365e-17,
                -0.07211015654838157,
                -1.8335815077153964e-16,
                -5.657707129824913e-17,
                -0.10777730671271413,
                0.003993985558033312,
                -0.029115857090155944
            ],
            [
                0.022104005390244773,
                0.487858355070754,
                0.16901150786445096,
                -9.409316063218628e-18,
                8.797702022045608e-17,
                0.5986349258673866,
                2.310280966197244e-15,
                -2.386967622672257e-16,
                1.3607807103587544,
                -0.28619926824218633,
                -0.7152130545742355
