{
    "dist": 1.575,
    "thetas": [
        2.3463261368903874,
        2.9439278084526643,
        2.319717710563025,
        0.1938720278250048,
        -1.6793174426784083,
        -3.0699718540344296,
        -0.4368772992954577,
        -0.6135444998792989,
        0.1424691618875915,
        -0.1357683511288812,
        0.34781498297773794,
        0.2726023879603252,
        1.639255247336484,
        1.3343888034911187,
        0.7519847877695871,
        -0.4643791018236456,
        -1.3252806848740173,
        2.9773202892406827,
        -1.0444284749192585,
        -1.766825043051343,
        -2.7281063583560097,
        3.033965123374311,
        -2.3382515167002618,
        -1.1175851867391877,
        -2.695845613805822,
        -1.7293214755701178,
        -0.6683115396232484,
        2.4890524741785924,
        -0.9709933288902195,
        3.045770542014389,
        -2.961063865698451,
        -0.931892285898047,
        -0.7479573583046881,
        1.6597670561412299,
        2.7570863008471456,
        -1.1329224215729323,
        -0.4242662269722661,
        -1.444216899225165,
        1.891589921605929,
        0.8685800355148432
    ],
    "oo": false,
    "mo": [
        [
            [
                3.890479807763646e-05,
                0.02764148570766414,
                8.260975654550185e-17,
                -2.965693087503271e-16,
                -0.21418505989012507,
                -0.27169717749770805,
                -1.2734077420419911,
                -1.0169264920404672e-15,
                -9.425471362657585e-16,
                0.25514314508579683,
                -0.0821682981881894
            ],
            [
                0.000692084339343636,
                0.015483670652759473,
                9.476624718030117e-17,
                -5.521997820061022e-16,
                -0.3112367783901274,
                -0.7712132478352146,
                1.2307548009679765,
                1.0877012179581265e-15,
                9.765616704031278e-16,
                -0.03588411335182599,
                -0.30663258703228885
            ],
            [
                0.9955878695745135,
                -0.23882206874212983,
                3.0858409118133744e-17,
                -1.094945065660794e-16,
                -0.02487201670418463,
                -0.031203384976535197,
                0.012023506367011194,
                6.723371476186478e-17,
                -7.972802050876705e-17,
                0.047820342726844565,
                0.1088753493910299
            ],
            [
                0.020474878195821868,
                0.5215576528811432,
                -2.2867963926194944e-16,
                -5.652462176741072e-17,
                0.06892559847024957,
                0.053562884088290234,
                0.009479504481502721,
                -7.510315581356846e-16,
                1.1805224445490526e-15,
                -0.5624200848367003,
                -1.4066924000208016
            ],
            [
                -0.004367780979472208,
                0.5620204852586166,
                3.0606641674814507e-16,
                9.552568400444659e-17,
                0.08485538658445872,
                0.20387800331542794,
                -0.2443766593855332,
                5.546043848102324e-16,
                -1.3520006067506797e-15,
                0.5425353087741386,
                1.4567163696359584
            ],
            [
                -6.174070842119214e-17,
                1.0640706770273552e-16,
                -0.33293774634274487,
                0.5783665407950966,
                -9.168436762699081e-16,
                -8.507251441513507e-17,
                5.77882026806709e-16,
                -0.9145580014908924,
                -0.22517498239236822,
                2.740979689623612e-16,
                2.342770936457865e-16
            ],
            [
                -2.392941449466622e-17,
                -3.31968090758692e-17,
                0.5783665407950956,
                0.33293774634274437,
                -3.750279200237594e-16,
                4.133770662993188e-17,
                1.7904903025880347e-16,
                0.22517498239236755,
                -0.9145580014908927,
                -1.1170527731320365e-15,
                -6.450813601323091e-16
            ],
            [
                -0.0006891565030458537,
                -0.0089744863111185,
                -1.1065523813185673e-16,
                7.623152324826616e-16,
                0.5019676077429522,
                -0.377336794708942,
                -0.15785859797351456,
                -4.430779139034167e-16,
                6.046304625711563e-16,
                -0.8864471950224111,
                0.3950077911219352
            ],
            [
                -4.7514135005067244e-17,
                6.169350587235274e-17,
                -0.24076399527130984,
                0.4182458751604658,
                -6.788758811435754e-16,
                6.322570694268745e-17,
                -7.038684852939748e-16,
                1.0182002048118042,
                0.25069291703385416,
                -3.4722221456861146e-16,
                -2.704741376850631e-16
            ],
            [
                -1.3709666558972359e-17,
                -1.9103927947822942e-18,
                0.418245875160467,
                0.24076399527131043,
                -2.7910932429174016e-16,
                7.353651575711403e-17,
                -2.1312755541605453e-16,
                -0.250692917033853,
                1.0182002048118033,
                1.0853326086298286e-15,
                5.285390680098704e-16
            ],
            [
                0.0005033165419621089,
                -0.018355446672439366,
                6.908934347367276e-18,
                4.377136287904903e-16,
                0.39944524519928654,
                -0.4100991394720916,
                0.23419480701174653,
                6.403029822413439e-16,
                -5.140215312819086e-16,
                0.9798065006636428,
                -0.5073384437914279
            ]
        ],
        [
            [
                3.8904451172411536e-05,
                0.02764094098097497,
                -2.1901349771725113e-17,
                -5.298694771123413e-17,
                -0.21417946455862025,
                -0.27169831983321896,
                -1.2734081828740047,
                -1.2604987782711502e-16,
                -9.650474058889958e-17,
                0.2551447774507461,
                -0.08216738859436697
            ],
            [
                0.0006920858181860974,
                0.015483085379980865,
                6.184872721078475e-17,
                4.8181955287804025e-17,
                -0.31122860397666874,
                -0.7712186946939674,
                1.2307534523292856,
                2.9811345510760674e-16,
                1.5232387192927146e-16,
                -0.03588292224551797,
                -0.30663276667697437
            ],
            [
                0.9955878601202394,
                -0.23882223735201863,
                -2.243311455602021e-17,
                -7.135169343324447e-17,
                -0.024871802781449136,
                -0.031203320499405086,
                0.012023490850890352,
                3.2566984873823515e-17,
                3.353180796395444e-17,
                0.047819767965991716,
                0.10887538749888462
            ],
            [
                0.020474921072652863,
                0.5215590530306259,
                2.4744139964346256e-16,
                -1.2139356732929847e-16,
                0.06892473294507001,
                0.05356346899989609,
                0.009479587107332852,
                -3.1551041091953443e-16,
                -3.456463046168933e-16,
                -0.5624122980596225,
                -1.4066950131095077
            ],
