{
    "dist": 1.575,
    "thetas": [
        1.8148753005830365,
        -1.9076246126603773,
        -2.166249198586991,
        -0.16916881257402583,
        -1.3671299471605198,
        1.030739713856713,
        -2.114864275870905,
        2.6673673978022956,
        1.721011088872685,
        2.2808057577892766,
        2.873702368367785,
        0.7118380667706448,
        -1.3961024839174951,
        -1.5045217333087788,
        -1.0484277890707796,
        -0.9871406037468522,
        0.5008491064145693,
        0.09656811746617544,
        -0.733868705148474,
        -3.132316454857535,
        -1.7262338485393,
        -1.579759456116289,
        -0.32013179302128103,
        -0.6801258357338167,
        2.7701825498272976,
        -2.8846962536334013,
        2.830095799495841,
        -0.3345043775701484,
        -1.061854481673711,
        1.8727980151998445,
        -2.7718940989136387,
        -1.8268385097175488,
        2.1162492300106175,
        -2.380273188992966,
        -0.6448389883673977,
        -2.67554913957511,
        0.5400341029065694,
        -1.3257783267016452,
        2.6368753752037373,
        -0.5464862959011358
    ],
    "oo": false,
    "mo": [
        [
            [
                3.8904798077744284e-05,
                0.02764148570766098,
                -2.4097631068444573e-18,
                1.8604896463075884e-16,
                -0.21418505989010825,
                -0.27169717749770494,
                -1.2734077420419927,
                -5.117565253444168e-16,
                -2.3156057038578417e-17,
                0.2551431450858062,
                -0.08216829818818992
            ],
            [
                0.0006920843393432259,
                0.015483670652756442,
                -1.2646274585124113e-16,
                4.596453720604175e-16,
                -0.3112367783901071,
                -0.7712132478352354,
                1.230754800967968,
                4.868178703437299e-16,
                -3.346425763515914e-17,
                -0.03588411335183299,
                -0.3066325870322899
            ],
            [
                0.9955878695745127,
                -0.23882206874213058,
                1.1890595220449694e-17,
                -7.072328307936454e-17,
                -0.02487201670418273,
                -0.031203384976535284,
                0.012023506367011378,
                -6.712918932984542e-17,
                -6.702247923943982e-17,
                0.04782034272684479,
                0.10887534939102932
            ],
            [
                0.020474878195822003,
                0.5215576528811465,
                -2.0372520422590452e-17,
                1.8751479820101598e-16,
                0.06892559847024327,
                0.05356288408829372,
                0.009479504481500188,
                8.684179467471521e-16,
                8.781437751886274e-16,
                -0.5624200848366956,
                -1.406692400020802
            ],
            [
                -0.0043677809794718855,
                0.5620204852586144,
                -1.5434390353517677e-17,
                -2.628674130840835e-16,
                0.08485538658445381,
                0.2038780033154257,
                -0.24437665938552883,
                -9.343756694076714e-16,
                -9.029724212935687e-16,
                0.5425353087741336,
                1.4567163696359626
            ],
            [
                3.577078909652317e-17,
                -3.185183304977575e-17,
                -0.41362780688395984,
                0.5237054857679476,
                6.439898708085868e-16,
                -9.04268860307848e-17,
                -1.0557204999468407e-16,
                0.14526967113653055,
                -0.9306002543704253,
                -4.480968217529782e-16,
                -3.2831885854859024e-16
            ],
            [
                2.4274808474221834e-17,
                -8.056691901371895e-18,
                0.5237054857679478,
                0.41362780688396,
                4.136101381176196e-16,
                -4.268041941372288e-17,
                -2.675512779947852e-16,
                0.9306002543704253,
                0.14526967113653128,
                1.0948348351157811e-15,
                5.346321751798636e-16
            ],
            [
                -0.0006891565030455047,
                -0.00897448631112172,
                6.339675720290673e-17,
                -5.552151734311006e-16,
                0.5019676077429672,
                -0.3773367947089238,
                -0.15785859797352145,
                5.12334710174911e-16,
                4.4385739822736836e-16,
                -0.8864471950224114,
                0.3950077911219302
            ],
            [
                2.9707118751980424e-17,
                -1.5056318471351225e-17,
                -0.2991150280634464,
                0.37871772270960313,
                4.528841500916509e-16,
                -2.5678833640252145e-17,
                1.3868526015809054e-16,
                -0.16173234356162636,
                1.036060444557079,
                5.669664081884895e-16,
                3.733573464620575e-16
            ],
            [
                2.5669522779738665e-17,
                -5.039887046595565e-18,
                0.37871772270960247,
                0.29911502806344625,
                3.0817930617685404e-16,
                -2.5196494256341922e-17,
                3.226379277559039e-16,
                -1.0360604445570796,
                -0.16173234356162725,
                -8.656212487709182e-16,
                -3.718485911461656e-16
            ],
            [
                0.0005033165419615614,
                -0.018355446672437284,
                -1.3189027517603277e-16,
                -2.869100528351218e-16,
                0.3994452451992999,
                -0.41009913947207716,
                0.2341948070117521,
                -4.876907104694928e-16,
                -5.932420364851838e-16,
                0.9798065006636432,
                -0.5073384437914265
            ]
        ],
        [
            [
                3.890445117236833e-05,
                0.02764094098097513,
                -7.774994872594498e-17,
                -7.369984492837659e-17,
                -0.2141794645586459,
                -0.27169831983320963,
                -1.2734081828740036,
                2.6734204902894984e-16,
                3.202262981261051e-16,
                0.255144777450735,
                -0.08216738859438395
            ],
            [
                0.0006920858181863969,
                0.015483085379979845,
                8.429993912949057e-17,
                -7.773095052695378e-17,
                -0.31122860397670865,
                -0.7712186946939443,
                1.230753452329288,
                -1.1965363164878023e-16,
                -3.858772318157494e-16,
                -0.03588292224554428,
                -0.3066327666769768
            ],
            [
                0.9955878601202398,
                -0.23882223735201846,
                -5.355570945024038e-17,
                -5.606408860020422e-17,
                -0.024871802781450205,
                -0.031203320499403973,
                0.012023490850890769,
                1.3857636573327292e-17,
                2.3648795306881253e-17,
                0.04781976796600159,
                0.10887538749888086
            ],
            [
                0.02047492107265351,
                0.5215590530306242,
                3.048264108109656e-17,
                -2.867183367614483e-16,
                0.06892473294507098,
                0.05356346899989474,
                0.009479587107328153,
                -1.4643594032786128e-16,
                -3.689179144780802e-16,
                -0.5624122980597462,
                -1.4066950131094595
            ],
