{
    "dist": 1.575,
    "thetas": [
        -0.788287681898749,
        2.8319215077704234,
        1.4576609265440963,
        0.6198895383354297,
        -2.1612986243157413,
        -2.1614501754128375,
        -2.776642555026645,
        2.3007525789727232,
        0.6353243561202211,
        1.3073585636350948,
        -3.012256461474685,
        2.952530678803174,
        2.088798716157191,
        -1.8074266732364683,
        -1.9991526911557285,
        -1.9892281320082241,
        -1.2299822628030639,
        0.15554924748987276,
        -0.427602058948239,
        -1.3117459988749123,
        0.7027924646851598,
        -2.265126877899127,
        -1.3059936903421663,
        -0.8396733026956396,
        -0.27602042971168705,
        1.7918134105853962,
        -1.8870052793034098,
        0.0894376142963571,
        0.5806578612433215,
        -2.8497361028750756,
        0.6757242333299223,
        -2.0701579851181284,
        -2.732861440336058,
        2.8204310122755585,
        2.9256523487662305,
        1.9377176864584964,
        -1.2276478947550764,
        -2.5279006619437125,
        1.1575702452784116,
        -0.3760329720066755
    ],
    "oo": false,
    "mo": [
        [
            [
                3.890479807757385e-05,
                0.027641485707662297,
                -1.8113840336579303e-17,
                -1.889939942144024e-16,
                -0.21418505989013017,
                -0.2716971774976974,
                -1.2734077420419898,
                -3.7509161612164987e-16,
                4.915371383460876e-17,
                0.2551431450858015,
                -0.08216829818819955
            ],
            [
                0.0006920843393438066,
                0.015483670652760049,
                -4.992308053155217e-17,
                -1.7232287686328656e-16,
                -0.31123677839013686,
                -0.7712132478352165,
                1.230754800967971,
                3.7193979102370773e-16,
                -2.3517192254105546e-17,
                -0.03588411335184444,
                -0.30663258703228946
            ],
            [
                0.9955878695745126,
                -0.23882206874213038,
                -6.14548172747437e-19,
                2.695357623272946e-17,
                -0.024872016704183562,
                -0.03120338497653558,
                0.012023506367011393,
                -2.690109997272797e-17,
                -2.1836055185982124e-17,
                0.047820342726848035,
                0.10887534939102782
            ],
            [
                0.02047487819582237,
                0.521557652881148,
                7.562253240501538e-17,
                1.1409744096636835e-16,
                0.06892559847024791,
                0.05356288408829385,
                0.009479504481499928,
                3.2540096439274705e-16,
                2.883319292678718e-16,
                -0.5624200848367484,
                -1.4066924000207812
            ],
            [
                -0.0043677809794728075,
                0.5620204852586119,
                -4.191718997101716e-17,
                4.910703819194106e-17,
                0.08485538658445593,
                0.20387800331542497,
                -0.24437665938552935,
                -3.8598769594315624e-16,
                -2.8178954610034295e-16,
                0.5425353087741908,
                1.4567163696359429
            ],
            [
                -7.889958898966246e-17,
                3.877293450166591e-18,
                0.4740667630148767,
                0.4696978844487954,
                -4.322554810098844e-16,
                3.5572696895859836e-17,
                2.073235548345467e-17,
                0.020683178747804933,
                0.9416434128178779,
                2.1744457510218917e-16,
                2.1535555553147107e-16
            ],
            [
                -6.320108490447651e-17,
                9.817302830595012e-18,
                -0.46969788444879534,
                0.47406676301487627,
                -3.4298748629959197e-16,
                3.821751899965116e-17,
                4.7967111928996465e-17,
                -0.9416434128178782,
                0.020683178747805335,
                -2.6150338862840586e-16,
                -1.4347256565514716e-16
            ],
            [
                -0.0006891565030456493,
                -0.008974486311114258,
                7.319526888566899e-17,
                3.7352209937653776e-16,
                0.5019676077429426,
                -0.3773367947089467,
                -0.15785859797352292,
                2.242236361778368e-16,
                4.429864062944609e-17,
                -0.8864471950223994,
                0.3950077911219666
            ],
            [
                -5.4881496191273034e-17,
                -3.264639991949995e-18,
                0.3428214708082304,
                0.3396621154333008,
                -3.244405200038981e-16,
                2.809227091845608e-19,
                -2.7033137010717995e-17,
                -0.02302709812045103,
                -1.0483550679430602,
                -1.1096848683019594e-16,
                -1.454029669384391e-16
            ],
            [
                -3.3676643154930264e-17,
                -1.0406835449296826e-18,
                -0.33966211543330094,
                0.3428214708082308,
                -2.515867312854912e-16,
                -6.048247115269503e-18,
                -6.913688768603095e-17,
                1.04835506794306,
                -0.02302709812045141,
                3.156057550759245e-16,
                9.078735536948591e-17
            ],
            [
                0.0005033165419620519,
                -0.01835544667243539,
                6.6094148394939e-18,
                4.811486220229484e-16,
                0.399445245199285,
                -0.41009913947210075,
                0.23419480701174925,
                -1.9403699773264412e-16,
                -6.123670632496904e-17,
                0.9798065006636225,
                -0.5073384437914619
            ]
        ],
        [
            [
                3.8904451172466776e-05,
                0.02764094098097472,
                1.6305112180100603e-16,
                -1.737540834830133e-17,
                -0.2141794645586242,
                -0.27169831983321036,
                -1.2734081828740051,
                -4.1547725599116606e-16,
                2.6347491130722587e-16,
                0.25514477745074415,
                -0.08216738859439023
            ],
            [
                0.0006920858181860836,
                0.015483085379979142,
                2.1887151958647755e-16,
                -3.778704829644457e-17,
                -0.31122860397668123,
                -0.771218694693967,
                1.2307534523292822,
                3.6523351314682717e-16,
                -2.899926018656412e-16,
                -0.035882922245550106,
                -0.30663276667697387
            ],
            [
                0.9955878601202398,
                -0.2388222373520193,
                1.0081894882820514e-16,
                9.787202882590137e-18,
                -0.024871802781448644,
                -0.03120332049940505,
                0.012023490850890462,
                -1.0600389426451537e-16,
                1.0012811684692666e-17,
                0.04781976796600149,
                0.10887538749888005
            ],
            [
                0.020474921072653356,
                0.5215590530306291,
                7.404907402135887e-17,
                -3.244436442451967e-16,
                0.0689247329450701,
                0.053563468999898035,
                0.00947958710733065,
                1.23560494448261e-15,
                -1.9434460506942205e-16,
                -0.5624122980597481,
                -1.4066950131094573
