{
    "dist": 1.125,
    "thetas": [
        1.0824581083310676,
        -0.07490562672962531,
        2.045146495060206,
        -2.9440091728923625,
        1.9355350036912204,
        0.4122864067919232,
        -1.2715753426470968,
        -2.8481947885923398,
        3.0827028676546355,
        -3.0987053080191687,
        1.6951595907025174,
        1.5504834232626843,
        -0.7700738744524487,
        -0.036772642089067276,
        2.6951622347532513,
        -0.6568816124913903,
        2.977955240480968,
        0.15340218092467994,
        -2.553404241221722,
        1.968574815808429,
        -1.811525352650629,
        0.34146463524734116,
        -1.3052116384528223,
        1.9863810312485803,
        2.061152232120124,
        -1.749380967135041,
        0.9100232690836672,
        -2.5435488851435126,
        -0.5550362397858817,
        -2.532970267248091,
        -2.2367448611807736,
        -1.8083247626073817,
        -0.14667370733601048,
        -2.6539305358307423,
        -1.6647690189709083,
        -3.1004189234255946,
        2.5047552990058524,
        0.32819858348667985,
        -2.088866144067793,
        2.6947211011102787
    ],
    "oo": false,
    "mo": [
        [
            [
                0.000358335034001058,
                0.07652285098408687,
                -0.260144008790876,
                -5.1694132800910613e-17,
                -8.492585046377644e-17,
                0.42587707028194277,
                5.669175333338675e-17,
                3.8107229321046805e-18,
                0.04585742341484834,
                -0.5244562437507395,
                1.2205555179808758
            ],
            [
                0.0011772109895869843,
                0.002553095735516469,
                -0.1827466980610482,
                -7.786390481165292e-17,
                -1.0230894183916072e-16,
                0.29049249807206107,
                2.1452042019608733e-16,
                3.371256507811894e-17,
                0.21079726673876475,
                1.543598604209327,
                -0.29009212706630894
            ],
            [
                0.9955579591813736,
                -0.23489066191651545,
                -0.0461560885282346,
                -4.2944314158605846e-17,
                -7.548997233091091e-17,
                0.05566745067059218,
                -4.5323080267063685e-17,
                -2.469175022097921e-17,
                -0.11241912522525215,
                0.005105023192852474,
                -0.0013416385683406261
            ],
            [
                0.02092320184802578,
                0.5071710316710165,
                0.1120492867207008,
                2.6337784730121906e-17,
                -9.115818021056636e-17,
                -0.31897764059642814,
                6.40197560253949e-16,
                3.2309687463593974e-16,
                1.453422788157483,
                0.35637538548935893,
                0.374396039894546
            ],
            [
                -0.0051048157480816135,
                0.5554141705449469,
                0.16830476558352833,
                1.9748871502201094e-17,
                1.84721499992084e-16,
                0.03750636389192211,
                -7.292912167026267e-16,
                -3.3390287295641435e-16,
                -1.5213489552523871,
                -0.925493018939314,
                -0.5485571327021936
            ],
            [
                2.5468621624580897e-17,
                -4.5137084123623e-18,
                -6.438145444384355e-17,
                0.44951148060549884,
                0.48681380853382966,
                -2.5531423169927776e-16,
                -0.857183778140504,
                0.39832552561303536,
                6.977738217352538e-17,
                1.8047385052287044e-16,
                1.6871980403718074e-16
            ],
            [
                1.5742364794075355e-17,
                1.2610112437338422e-17,
                3.203177508844941e-17,
                0.48681380853382944,
                -0.4495114806054987,
                7.595322823071735e-17,
                0.3983255256130347,
                0.8571837781405042,
                -4.1342693890615443e-16,
                -3.72105041931575e-17,
                -3.215768555345837e-17
            ],
            [
                -0.0011962689238655222,
                -0.04314747400628625,
                0.5265624700300433,
                1.0600640864901834e-16,
                1.3351446317703865e-16,
                0.8206527841990376,
                -4.364457937557911e-16,
                1.4566998278280176e-16,
                0.28264165647606593,
                -0.3609164852403857,
                -0.4746875061962905
            ],
            [
                1.1367690280515575e-17,
                -2.5858758371914105e-18,
                -4.5685504113807315e-17,
                0.3309621438862801,
                0.3584267559279566,
                3.099955819769123e-16,
                0.9487378833300285,
                -0.44086988774592506,
                -4.044725738709836e-17,
                -2.0407382290290014e-16,
                -2.3010809170820316e-16
            ],
            [
                -2.877390037294071e-17,
                4.136448262392792e-18,
                2.0915842200890315e-17,
                0.3584267559279566,
                -0.3309621438862798,
                -9.841079255101125e-17,
                -0.44086988774592495,
                -0.9487378833300288,
                2.996386636162048e-16,
                7.323617883562722e-17,
                7.751451191371636e-17
            ],
            [
                0.001091756973377022,
                -0.042062700728629145,
                0.38312304978866313,
                -1.5819898058808932e-16,
                -1.4144299788341013e-16,
                -0.2429131603747328,
                4.920907902391496e-16,
                -1.410832272817474e-16,
                -0.24429530930860574,
                0.8013488608409186,
                1.0895432129703806
            ]
        ],
        [
            [
                0.000358335034001058,
                0.07652285098408687,
                -0.260144008790876,
                -5.1694132800910613e-17,
                -8.492585046377644e-17,
                0.42587707028194177,
                1.9469000983720126e-16,
                2.2275670432762657e-17,
                0.045857423414849545,
                -0.5244562437506914,
                1.220555517980899
            ],
            [
                0.0011772109895869843,
                0.002553095735516469,
                -0.1827466980610482,
                -7.786390481165292e-17,
                -1.0230894183916072e-16,
                0.2904924980720622,
                4.212430989356325e-16,
                9.591706295084451e-17,
                0.21079726673876306,
                1.5435986042093155,
                -0.2900921270663716
            ],
            [
                0.9955579591813736,
                -0.23489066191651545,
                -0.0461560885282346,
                -4.2944314158605846e-17,
                -7.548997233091091e-17,
                0.05566745067059212,
                -2.304973615957989e-16,
                -3.659523168772424e-17,
                -0.11241912522525221,
                0.0051050231928524235,
                -0.001341638568340722
            ],
            [
                0.02092320184802578,
                0.5071710316710165,
                0.1120492867207008,
                2.6337784730121906e-17,
                -9.115818021056636e-17,
                -0.3189776405964275,
                3.0194254698376527e-15,
                4.944717388089919e-16,
                1.4534227881574842,
                0.35637538548937375,
                0.37439603989453124
            ],
            [
