{
    "dist": 0.95,
    "thetas": [
        0.9725849013986938,
        3.0287421515471404,
        -0.6289173301713022,
        2.16237457127599,
        -0.22718521280628412,
        0.2817572965695807,
        0.7507014191504124,
        -1.056600618389329,
        3.0221833115836887,
        -1.5016108035144697,
        2.7646484878048208,
        -2.8589964351740242,
        -0.5016555425818261,
        2.0733586813341685,
        0.5071355655896048,
        -2.4133419417808275,
        -2.4599761845258357,
        2.4611239750855427,
        -0.34992760330396155,
        0.24580324287761357,
        0.5581641695536286,
        0.24721344885994823,
        -2.6389742316536102,
        -0.9006083675731262,
        -1.1873121949029048,
        2.2458890663324613,
        2.055962515189252,
        -0.019834208791557284,
        1.9019236771753105,
        -0.12214653947925536,
        -1.9160646725362525,
        2.1694379634766676,
        -1.2133649235615256,
        -1.4492425834009157,
        2.2046696769441416,
        -0.22458344705123823,
        0.5066684200980132,
        2.926807060814026,
        -1.3461152645169567,
        2.3256045348177192
    ],
    "oo": false,
    "mo": [
        [
            [
                0.0003330487263916128,
                0.12115269204428675,
                -0.28742946002485165,
                -7.044063115729587e-17,
                -1.612445233381336e-17,
                -0.47037132670668896,
                3.301529731206098e-16,
                4.98490669886487e-17,
                0.04587567362862111,
                0.7465533459349718,
                -1.2228514209033863
            ],
            [
                0.0016575407294761463,
                -0.011188873557976058,
                -0.11910947230716766,
                -7.981095235495545e-17,
                -2.807109206700368e-17,
                -0.20396264096160716,
                1.1975240014602479e-15,
                1.0589810432690633e-16,
                0.20323958739863773,
                1.0247058989255122,
                1.3262626857092885
            ],
            [
                0.9955228049582576,
                -0.2313682627366608,
                -0.05898657185318867,
                9.855154525740582e-18,
                9.800334664608383e-18,
                -0.06576023375689802,
                -8.225165703530167e-16,
                -1.0446606900787856e-16,
                -0.10930550120078399,
                0.010812988609928008,
                -0.0003073479549148614
            ],
            [
                0.02128488022324669,
                0.4987811199398273,
                0.132848520949137,
                1.556500600716826e-16,
                1.182583231732218e-17,
                0.4265116381613136,
                9.874751058235529e-15,
                9.39688916447018e-16,
                1.4193043464052335,
                0.6462735704205576,
                0.02883891840189169
            ],
            [
                -0.0056980786985969525,
                0.5363667097438753,
                0.22902666111676626,
                -5.1209431691604096e-17,
                4.530843647325078e-19,
                -0.09924041521936705,
                -1.0351400916014212e-14,
                -9.781913021111042e-16,
                -1.504705004398195,
                -1.4678299067162714,
                -0.2758542276103716
            ],
            [
                1.0339009314960319e-16,
                2.0247424643764486e-17,
                -1.1314287298479792e-16,
                0.38993140500395074,
                0.5333570237122747,
                1.5559584863662108e-16,
                0.8566705627014589,
                0.40258519705359946,
                -7.165790765223106e-15,
                1.5747973529869372e-16,
                4.9394739391574766e-17
            ],
            [
                5.2551085190861735e-17,
                -6.0544907182314165e-18,
                -1.2492698883838673e-16,
                0.5333570237122751,
                -0.3899314050039512,
                -9.48107959355829e-17,
                -0.4025851970535987,
                0.8566705627014604,
                2.576239790402369e-15,
                -7.265992046330135e-17,
                -1.2102063243655855e-17
            ],
            [
                -0.0014379465580080359,
                -0.07600722783986079,
                0.5446262818492534,
                1.6479903539393496e-16,
                4.114391112878405e-17,
                -0.8478857859774994,
                2.7264232085546964e-15,
                1.847299018598067e-16,
                0.35114697974023434,
                -0.4895083553831304,
                0.009097700750356921
            ],
            [
                -2.0401253028113307e-17,
                6.56539518267521e-18,
                -8.226784840950251e-17,
                0.28917494772912183,
                0.3955400551832811,
                -1.5980549795829764e-16,
                -0.9459339941506293,
                -0.4445338033256796,
                7.918213319905959e-15,
                -1.588323199060759e-16,
                -4.845221510105674e-17
            ],
            [
                3.217298532201488e-17,
                -5.545832416361188e-19,
                -8.186459561996999e-17,
                0.39554005518328045,
                -0.28917494772912133,
                1.1358855520988246e-16,
                0.44453380332567893,
                -0.9459339941506317,
                -2.8863011398099095e-15,
                1.0857977923005994e-16,
                -4.6795471619793455e-18
            ],
            [
                0.0013631134921815802,
                -0.047577983169806014,
                0.357107970514251,
                1.7067146044587253e-17,
                -1.312491296206117e-17,
                0.3159180323423722,
                -2.603614927729747e-15,
                -1.660547119741905e-16,
                -0.3197847409131647,
                1.4502751687549371,
                -0.2831618689945734
            ]
        ],
        [
            [
                0.0003330487263916128,
                0.12115269204428675,
                -0.28742946002485165,
                -7.044063115729587e-17,
                -1.612445233381336e-17,
                0.47037132670668946,
                -1.2093855657456446e-16,
                2.0440028110156713e-17,
                -0.04587567362862104,
                0.7465533459349842,
                -1.2228514209033783
            ],
            [
                0.0016575407294761463,
                -0.011188873557976058,
                -0.11910947230716766,
                -7.981095235495545e-17,
                -2.807109206700368e-17,
                0.20396264096160663,
                -2.0453867205604534e-16,
                -5.787489149198096e-17,
                -0.20323958739864081,
                1.0247058989254987,
                1.326262685709299
            ],
            [
                0.9955228049582576,
                -0.2313682627366608,
                -0.05898657185318867,
                9.855154525740582e-18,
                9.800334664608383e-18,
                0.06576023375689811,
                2.414390525468961e-16,
                5.135847570692988e-17,
                0.10930550120078389,
                0.010812988609928154,
                -0.0003073479549145612
            ],
            [
                0.02128488022324669,
                0.4987811199398273,
                0.132848520949137,
                1.556500600716826e-16,
                1.182583231732218e-17,
                -0.4265116381613154,
                -2.3571551201073276e-15,
                -2.9837196891427456e-16,
                -1.4193043464052346,
                0.6462735704205553,
                0.028838918401896008
            ],
