{
    "dist": 1.775,
    "thetas": [
        -0.00192064113892787,
        -1.5334922117210585,
        -1.5198985611886016,
        -2.532615592894908,
        0.4032869687551237,
        -3.0411240589617163,
        -2.182808553520649,
        -0.1241071691169231,
        -2.5140735967996206,
        -0.5217312516932693,
        2.5990447134551884,
        -0.9379569794999609,
        -2.4215121476907453,
        1.3358579153864216,
        -2.5014230735418677,
        -0.5925016137506689,
        1.03975054660485,
        -2.2722550862248503,
        2.076172331284596,
        -2.3675061766595737,
        0.5516106050035505,
        -2.745133174819262,
        -0.018203995556216768,
        2.6916827881223995,
        1.9228484850886236,
        -1.8950637410754403,
        -0.9721121955634815,
        0.21825569210966034,
        3.0070286190191906,
        0.01912918844371969,
        -0.9585156002323929,
        -1.8046154715910256,
        -2.026616131905825,
        -2.4879616580176984,
        -1.9637753010659786,
        -2.8882939001022034,
        -1.6341479896602276,
        0.29055147512465496,
        -1.8360525055672188,
        3.0957504019029525
    ],
    "oo": false,
    "mo": [
        [
            [
                -8.395393929341672e-05,
                0.018969922657226645,
                -5.383289215011593e-17,
                3.704383228210344e-18,
                -0.2024711021708898,
                0.35882312396605753,
                1.6938371509799745e-17,
                -4.12385072360732e-17,
                0.03907317054341983,
                0.5291397157777453,
                1.1701119098293409
            ],
            [
                0.0006115558093371895,
                0.015541638150008735,
                9.252102584976258e-18,
                -3.3833982144219746e-18,
                -0.34614559234658754,
                0.4781704392369523,
                9.619327320372031e-17,
                -5.65288445764934e-17,
                0.11394787609227676,
                0.05100324607859877,
                -1.3475030991106922
            ],
            [
                0.995590312290407,
                -0.23943797091635766,
                8.49058758247217e-17,
                -7.986241619422781e-19,
                -0.019127969998085723,
                0.02476343996438494,
                -5.4882134328998965e-17,
                3.608920425911846e-17,
                -0.12052768226074155,
                -0.006754076211435338,
                -0.003903205094524273
            ],
            [
                0.02040886607248168,
                0.5243807117713051,
                8.61817418469388e-18,
                -7.561440291324728e-18,
                0.05546318872269842,
                -0.10139874297391499,
                6.284577807247783e-16,
                -3.3722086399779534e-16,
                1.4844539004096688,
                0.14271273229557932,
                -0.17695034405861862
            ],
            [
                -0.004248066368352277,
                0.5622976279057004,
                -8.779356334391358e-17,
                3.4925830587136e-18,
                0.0607840738265962,
                -0.0364185568545145,
                -6.309608923756629e-16,
                3.310458960079575e-16,
                -1.470254413946724,
                -0.1739559152034773,
                0.40226486571166786
            ],
            [
                -7.551157396444635e-17,
                -9.11307746002638e-18,
                0.6605470155714717,
                -0.10128791543838776,
                -1.8640378037455864e-17,
                -5.501248918131602e-17,
                -0.5089817736953763,
                0.7917268857940641,
                5.52754412288921e-16,
                2.1126424352440354e-16,
                -5.937451513569487e-17
            ],
            [
                -8.966304112667001e-18,
                1.2413722862641311e-17,
                0.10128791543838794,
                0.6605470155714733,
                5.109618109523975e-18,
                1.7148390857363e-17,
                0.7917268857940636,
                0.5089817736953763,
                -3.733080805250235e-16,
                -1.863163083904338e-17,
                5.690137112886956e-18
            ],
            [
                -0.0005390324674070314,
                -0.003940362466195043,
                9.355980580674815e-18,
                -6.379768065988273e-18,
                0.4989263875539241,
                0.6885846969489686,
                -1.7366764413692348e-16,
                2.947611600676137e-16,
                0.10450990638955493,
                -0.7576678815898731,
                0.21016147035519356
            ],
            [
                -4.5027930363351285e-17,
                2.953481411649707e-19,
                0.4760075736448112,
                -0.07299073908562832,
                -2.5395969024125865e-18,
                1.964406533466261e-16,
                0.5673083203385625,
                -0.8824544865049094,
                -5.928733817588767e-16,
                -3.7239134693451224e-16,
                8.658076920430414e-17
            ],
            [
                -5.793992399582847e-18,
                3.3394511641668157e-18,
                0.07299073908562824,
                0.4760075736448111,
                3.533110487278535e-18,
                4.035188948626651e-18,
                -0.8824544865049099,
                -0.5673083203385632,
                3.9295034419797083e-16,
                1.3411816925064083e-17,
                -6.036746843003505e-18
            ],
            [
                0.0003681696429503701,
                -0.012212253072247365,
                2.3233308140802107e-17,
                -3.142698390162154e-19,
                0.4031712966433448,
                -0.023823349272017416,
                1.8704755864335463e-16,
                -3.0314442251809965e-16,
                -0.09686211187267386,
                1.0498657960947466,
                -0.495844370132258
            ]
        ],
        [
            [
                -8.395393929341672e-05,
                0.018969922657226645,
                -5.383289215011593e-17,
                3.704383228210344e-18,
                -0.2024711021708898,
                0.3588231239660579,
                -4.2798651980477804e-16,
                5.315291046061709e-17,
                0.03907317054341912,
                0.5291397157777451,
                1.1701119098293407
            ],
            [
                0.0006115558093371895,
                0.015541638150008735,
                9.252102584976258e-18,
                -3.3833982144219746e-18,
                -0.34614559234658754,
                0.478170439236952,
                -4.077257360160665e-16,
                8.572210413340507e-17,
                0.11394787609227751,
                0.05100324607859815,
                -1.3475030991106922
            ],
            [
                0.995590312290407,
                -0.23943797091635766,
                8.49058758247217e-17,
                -7.986241619422781e-19,
                -0.019127969998085723,
                0.02476343996438489,
                7.527837184735822e-16,
                -6.958220066590964e-17,
                -0.12052768226074156,
                -0.006754076211435347,
                -0.0039032050945242824
            ],
            [
                0.02040886607248168,
                0.5243807117713051,
                8.61817418469388e-18,
                -7.561440291324728e-18,
                0.05546318872269842,
                -0.10139874297391452,
                -9.282108393168663e-15,
                7.506278707710556e-16,
                1.4844539004096688,
                0.14271273229557913,
                -0.17695034405861892
            ],
            [
