{
    "dist": 1.55,
    "thetas": [
        0.4431632708051181,
        -1.456066771688601,
        0.6615894899646975,
        -2.6084243085547607,
        2.9760580638363034,
        0.10266254757066129,
        2.444092040737413,
        -2.5296581630843313,
        -2.581821335329188,
        -3.0258194229693456,
        1.786020658848761,
        -3.002143112637201,
        -2.1240149900011014,
        -0.47440610752512624,
        -1.7057614172626203,
        -2.024797595404695,
        2.3160498681702926,
        -1.0424888373011796,
        1.9124335685257599,
        -0.23588497664817476,
        -0.7819304433204426,
        0.9396708066250827,
        -0.36797510554288504,
        -2.0962846163005464,
        -0.04977946971708658,
        1.843325195741718,
        -2.5214797027502143,
        -1.3757499329684877,
        -0.6501429306290829,
        1.9478181180387235,
        -2.1844744068161277,
        -0.7920754121143565,
        2.7973526693447326,
        0.6016014965515235,
        1.4326041207957578,
        -1.8071176754737086,
        -1.069761197176884,
        -2.390088718012377,
        -2.0009789311021535,
        -1.7817630482814513
    ],
    "oo": false,
    "mo": [
        [
            [
                5.720058392837917e-05,
                0.029046370971504143,
                2.0904043306909486e-17,
                -2.591705179534445e-16,
                -0.21592247546980634,
                -0.26892120005515247,
                1.2697533307016942,
                -9.875189579449497e-17,
                -1.0502371692829055e-15,
                0.26571666087847345,
                -0.10722863878173147
            ],
            [
                0.0007040482595858712,
                0.015361406933124894,
                3.197606480854862e-17,
                -3.574572923931209e-16,
                -0.30606566446752453,
                -0.7828282868601969,
                -1.2314980780262115,
                9.688080843110135e-17,
                9.864813736449302e-16,
                -0.0494107164478404,
                -0.3020535114611664
            ],
            [
                0.995587282234956,
                -0.23871581704251726,
                1.0853395064091291e-17,
                -9.8949638110335e-17,
                -0.025715486492230533,
                -0.03226902399821609,
                -0.01094441183321805,
                -1.2252805724775032e-17,
                -2.7218158590049676e-17,
                0.05047420711612146,
                0.10751969501706135
            ],
            [
                0.020486744488512086,
                0.5210829639646968,
                3.5759942411841834e-17,
                7.996943866669272e-19,
                0.07084371776050936,
                0.054833656226252185,
                -0.017131662393181306,
                1.242122510230919e-16,
                -7.853497149013216e-17,
                -0.5943656421971243,
                -1.3952766798021634
            ],
            [
                -0.004387843054640591,
                0.5619727328423154,
                -4.5653443661972684e-17,
                -8.625868897070864e-17,
                0.08825761404857127,
                0.2147516148409545,
                0.25590220784791634,
                -1.4244693828034575e-16,
                -7.838401899537974e-17,
                0.5754243016663199,
                1.4494712442774484
            ],
            [
                -8.878716086091889e-17,
                1.1145373994405251e-16,
                -0.024387413032954733,
                0.6667371570380782,
                -6.052493508211697e-16,
                -1.7365164396333715e-16,
                -4.72105706362357e-16,
                0.11617292757244801,
                -0.9347973992513449,
                -3.462027728978564e-16,
                2.723934088731424e-16
            ],
            [
                -6.625412600981526e-18,
                5.856476021846464e-18,
                0.6667371570380791,
                0.02438741303295458,
                6.097638799789727e-17,
                -2.0060779123867944e-17,
                -1.159890740916449e-16,
                -0.9347973992513442,
                -0.11617292757244856,
                -7.742304587140687e-17,
                -1.0938248114620257e-17
            ],
            [
                -0.0007111158798441919,
                -0.009864958405197239,
                -6.822844207565621e-17,
                4.5487666972306e-16,
                0.5025993583936792,
                -0.37675406694277536,
                0.16855393447741027,
                5.262808199597218e-17,
                3.0867038087595127e-16,
                -0.8760216705216892,
                0.41493376490682854
            ],
            [
                8.086646372199576e-18,
                4.5467102181364166e-17,
                -0.017646939408153945,
                0.48245667531511577,
                -4.547851923534717e-16,
                9.131953127942833e-18,
                5.6932185036835585e-16,
                -0.12931149482782134,
                1.040518230746725,
                3.444529479529172e-16,
                -2.1012100063011758e-16
            ],
            [
                1.1211331815621836e-17,
                1.2997456653993128e-18,
                0.4824566753151152,
                0.01764693940815409,
                4.4813463292962656e-17,
                -5.089670184984749e-18,
                1.2702548778579446e-16,
                1.0405182307467247,
                0.12931149482782184,
                1.6795338559643636e-16,
                4.981627752359379e-17
            ],
            [
                0.0005245339512201267,
                -0.019325219654669143,
                -5.432737278363153e-17,
                2.3013925359020007e-16,
                0.3990392291104129,
                -0.4138738798811981,
                -0.2345266896937505,
                -5.2300856126055093e-17,
                -1.9666938859732846e-16,
                0.9704515978524173,
                -0.5346962986603341
            ]
        ],
        [
            [
                5.72002276423808e-05,
                0.029045751861385083,
                3.8841139496013905e-17,
                6.858231977204142e-16,
                -0.2159160922511142,
                -0.26892246454737884,
                1.26975381302445,
                -4.548014909544154e-16,
                4.0196323212882575e-16,
                0.2657187039511902,
                -0.10722771441260157
            ],
            [
                0.0007040498291038941,
                0.015360780875219431,
                -5.0864454963941736e-17,
                8.372844553894547e-16,
                -0.30605641847549664,
                -0.7828343742938442,
                -1.2314965076351336,
                4.2417122373110335e-16,
                -4.4077614763680075e-16,
                -0.04940955809295852,
                -0.30205372727328383
            ],
            [
                0.9955872721798886,
                -0.23871599041276292,
                3.524889426409299e-17,
                1.5729925995804376e-17,
                -0.025715198139612705,
                -0.03226899576869026,
                -0.0109443934516165,
                -3.8203303170696494e-17,
                3.580258969178202e-18,
                0.05047359784575115,
                0.10751976852837992
            ],
            [
                0.0204867898160318,
                0.5210843578326636,
                -4.926579590968405e-16,
                -2.932327170113953e-16,
                0.07084268273974223,
                0.05483437093210207,
                -0.017131772718943623,
                8.245427469277465e-16,
                -1.961951512243109e-16,
                -0.5943573767661975,
                -1.3952797026025736
