{
    "dist": 1.55,
    "thetas": [
        2.6642912079054266,
        -2.1496625415376767,
        2.3053954196316866,
        -2.6128189992718975,
        0.4622770899119768,
        -1.3701128529271016,
        -1.5313344182421782,
        0.4020007843637723,
        -1.7604017992677186,
        0.9338120242786836,
        0.8026910124677635,
        -0.5593642767808649,
        -0.6123381419475225,
        -0.3131409369257323,
        -1.6718146755238117,
        -2.297561711699521,
        -2.483662932392931,
        -0.16970739510385746,
        -2.4262674891507134,
        -1.3443064296088185,
        2.125046712902188,
        -1.1682111365695702,
        -2.6617063424381278,
        1.6928598255164848,
        -1.5207194334820011,
        2.7295255334943684,
        1.9354703609260708,
        -1.0346545769819757,
        -0.05436527175048056,
        -1.7421129792025705,
        -0.4131309769728362,
        0.907253796106815,
        2.9013660158372616,
        -0.38018158604402075,
        -0.382485110624724,
        0.881078877024569,
        2.595581313190542,
        0.3522367566250084,
        0.2227459122705251,
        -0.35651160698077966
    ],
    "oo": false,
    "mo": [
        [
            [
                5.7200583928466935e-05,
                0.02904637097150422,
                2.4928478078761683e-16,
                -4.0623941409261607e-16,
                -0.21592247546981508,
                -0.26892120005514814,
                1.2697533307016937,
                5.443981248909357e-16,
                -2.8554781172581474e-16,
                0.26571666087847096,
                -0.10722863878173272
            ],
            [
                0.0007040482595856131,
                0.015361406933125253,
                3.566802516040684e-16,
                -5.085997827880912e-16,
                -0.3060656644675415,
                -0.7828282868601882,
                -1.2314980780262124,
                -5.851166215508564e-16,
                5.127687274623882e-16,
                -0.04941071644784233,
                -0.30205351146116594
            ],
            [
                0.995587282234957,
                -0.23871581704251663,
                6.738660786984398e-17,
                -1.237688108052814e-16,
                -0.025715486492232365,
                -0.032269023998215074,
                -0.010944411833218275,
                3.8576828502940814e-17,
                1.315568882727186e-16,
                0.05047420711612229,
                0.10751969501706088
            ],
            [
                0.020486744488511722,
                0.5210829639646954,
                -8.814159565037949e-17,
                1.9883548215138838e-16,
                0.07084371776051243,
                0.054833656226249625,
                -0.017131662393181323,
                -4.2956246161893863e-16,
                -8.481139227409009e-16,
                -0.5943656421971346,
                -1.3952766798021583
            ],
            [
                -0.004387843054640286,
                0.5619727328423157,
                -5.421847356254733e-17,
                8.639411253406911e-17,
                0.08825761404857918,
                0.21475161484095123,
                0.2559022078479171,
                5.395004484124212e-16,
                7.3459313596292e-16,
                0.5754243016663313,
                1.4494712442774424
            ],
            [
                1.2041634038776794e-16,
                -3.16245287936146e-17,
                -0.294935231785222,
                0.5984533328016964,
                -1.633126485963614e-15,
                1.2537516960991556e-16,
                -4.108583195472907e-16,
                0.20666258485996689,
                -0.9190391192799299,
                1.146053486346448e-15,
                1.0112991399277954e-16
            ],
            [
                2.276103456157439e-17,
                -2.4471965183484912e-17,
                0.598453332801697,
                0.2949352317852216,
                1.5124337993012398e-16,
                1.969598813973186e-17,
                1.7193134083392283e-16,
                -0.919039119279928,
                -0.20666258485996686,
                6.471010895092579e-16,
                3.558178621916602e-16
            ],
            [
                -0.000711115879843992,
                -0.009864958405199388,
                -7.164781859545967e-16,
                1.164680378653942e-15,
                0.5025993583936667,
                -0.37675406694278557,
                0.16855393447741013,
                -1.7153199098475376e-16,
                -1.0370036117307476e-15,
                -0.8760216705216876,
                0.4149337649068357
            ],
            [
                -4.140367703457586e-17,
                1.3140704040009384e-17,
                -0.21341764120739448,
                0.4330459195605727,
                -1.1821542166282209e-15,
                1.4930983524225848e-16,
                4.432869228316595e-16,
                -0.23003507212606183,
                1.0229777694568243,
                -1.0720454029257813e-15,
                -9.130519842479446e-17
            ],
            [
                -3.509689279192299e-17,
                -5.050413062490581e-18,
                0.4330459195605708,
                0.21341764120739418,
                1.163858016546108e-16,
                -2.3521101695287668e-17,
                -1.9240506545827494e-16,
                1.0229777694568238,
                0.23003507212606156,
                -6.5390823387401e-16,
                -2.6914950847579923e-16
            ],
            [
                0.0005245339512199086,
                -0.019325219654671735,
                -4.647957717896865e-16,
                8.237627124951123e-16,
                0.39903922911040557,
                -0.4138738798812105,
                -0.2345266896937486,
                1.0492174411401849e-16,
                1.1943544468459789e-15,
                0.970451597852411,
                -0.5346962986603406
            ]
        ],
        [
            [
                5.720022764206551e-05,
                0.029045751861384278,
                -5.87285043884473e-17,
                -1.1125631308171062e-16,
                -0.2159160922511088,
                -0.2689224645473796,
                -1.2697538130244508,
                -6.066454987782082e-16,
                5.354029459616869e-16,
                0.26571870395119157,
                -0.10722771441260157
            ],
            [
                0.0007040498291043827,
                0.015360780875218851,
                -5.056025057971438e-17,
                -1.4804509527724317e-16,
                -0.30605641847548964,
                -0.7828343742938498,
                1.2314965076351325,
                6.182181427969568e-16,
                -4.3641377698048637e-16,
                -0.04940955809295935,
                -0.30205372727328395
            ],
            [
                0.9955872721798877,
                -0.23871599041276279,
                -3.9795653089755175e-17,
                -4.7974804358386174e-17,
                -0.0257151981396126,
                -0.032268995768689995,
                0.01094439345161646,
                2.3293573812587505e-17,
                -9.178940527210245e-17,
                0.05047359784575125,
                0.10751976852837987
            ],
            [
                0.02048678981603173,
                0.5210843578326627,
                4.859512916078813e-17,
                9.208484252214241e-17,
                0.07084268273974113,
                0.054834370932101834,
                0.017131772718942954,
                1.741230759875908e-15,
                -3.369606601467963e-16,
                -0.594357376766198,
                -1.3952797026025725
            ],
