{
    "dist": 0.9,
    "thetas": [
        1.7448557058857794,
        -1.649077150016919,
        2.0375021118516665,
        2.926388517974451,
        2.9694403750439315,
        -0.2924870046656962,
        0.6851339998803385,
        1.7311841483035746,
        0.8897828870907407,
        1.394981677626908
    ],
    "oo": false,
    "mo": [
        [
            [
                0.3018110652724825,
                0.15212491451486768,
                -0.8326716291363057,
                -1.0216184137253488
            ],
            [
                0.30993188907213504,
                1.3811179581351434,
                0.6950395547171977,
                1.2506850898285025
            ],
            [
                0.30181106527248236,
                -0.1521249145148688,
                -0.8326716291363087,
                1.0216184137253455
            ],
            [
                0.30993188907213376,
                -1.3811179581351425,
                0.6950395547172038,
                -1.2506850898284998
            ]
        ],
        [
            [
                0.30181107120109535,
                0.1521249168222452,
                -0.8326716269874133,
                -1.0216184133817674
            ],
            [
                0.3099318841234603,
                1.381117955310407,
                0.6950395569239098,
                1.2506850929478284
            ],
            [
                0.30181107120109607,
                -0.15212491682224535,
                -0.8326716269874175,
                1.0216184133817632
            ],
            [
                0.3099318841234597,
                -1.3811179553104065,
                0.6950395569239153,
                -1.2506850929478248
            ]
        ]
    ],
    "uhf_energy": -1.111686373984069,
    "ump2_energy": -1.1215684431992452,
    "ump2_no_energy": -1.121568443199245,
    "iterations": 67,
    "final_energy": -1.71429,
    "iter_energies": [
        -1.6996606778051728,
        -1.7000659886840135,
        -1.700082925954105,
        -1.7002338155070988,
        -1.7017246969611004,
        -1.7027327213583905,
        -1.7037823113059525,
        -1.7056606419840386,
        -1.7087275069120234,
        -1.7123692997578674,
        -1.7130669950588235,
        -1.7132679344590183,
        -1.7134158640822457,
        -1.713652186581045,
        -1.7140024719013986,
        -1.7142086506409224,
        -1.714255890587925,
        -1.71426360203097,
        -1.714267419683927,
        -1.7142740032186319,
        -1.7142838145988348,
        -1.7142888117611306,
        -1.7142895806941962,
        -1.7142897360708433,
        -1.7142897369801062,
        -1.7142897369913643,
        -1.7142897369998307,
        -1.7142897370157684,
        -1.7142897370461763,
        -1.7142897371041645,
        -1.7142897372137418,
        -1.7142897374171395,
        -1.7142897377839108,
        -1.7142897384180864,
        -1.7142897394653887,
        -1.7142897411790217,
        -1.7142897441288965,
        -1.7142897495136291,
        -1.7142898776928879,
        -1.7142899512279874,
        -1.7142899956517856,
        -1.7142900195515616,
        -1.7142900349548311,
        -1.7142900610997938,
        -1.7142901033765217,
        -1.7142901572243405,
        -1.7142902003561562,
        -1.7142902247401532,
        -1.7142902394265254,
        -1.7142902470773926,
        -1.7142902551848898,
        -1.7142902679455896,
        -1.7142902875161368,
        -1.7142903085209378,
        -1.7142903175392532,
        -1.714290320974974,
        -1.7142903264838218,
        -1.7142903343307592,
        -1.7142903403829723,
        -1.7142903426663787,
        -1.7142903457346865,
        -1.7142903476466314,
        -1.7142903490207952,
        -1.7142903495766302,
        -1.7142903497365742,
        -1.7142903498327242,
        -1.7142903498441666
    ],
    "function_evaluations": 82,
    "gradient_evaluations": 82
}