{
    "dist": 1.2,
    "thetas": [
        -0.788287681898749,
        2.8319215077704234,
        1.4576609265440963,
        0.6198895383354297,
        -2.1612986243157413,
        -2.1614501754128375,
        -2.776642555026645,
        2.3007525789727232,
        0.6353243561202211,
        1.3073585636350948
    ],
    "oo": false,
    "mo": [
        [
            [
                0.2625634006545113,
                -0.1924220371156516,
                0.9148556375694119,
                -0.9374179647814371
            ],
            [
                0.3703830556500987,
                -1.0056060318666533,
                -0.6986004330893231,
                1.1369109570226552
            ],
            [
                0.2625634006545109,
                0.19242203711565112,
                0.91485563756944,
                0.9374179647814097
            ],
            [
                0.37038305565009805,
                1.0056060318666542,
                -0.6986004330893563,
                -1.1369109570226341
            ]
        ],
        [
            [
                0.26256340049797217,
                -0.1924220370286978,
                0.9148556376143437,
                -0.9374179647992809
            ],
            [
                0.37038305576963454,
                -1.0056060319721114,
                -0.6986004330259539,
                1.136910956929373
            ],
            [
                0.2625634004979719,
                0.19242203702869745,
                0.9148556376143615,
                0.9374179647992635
            ],
            [
                0.3703830557696345,
                1.0056060319721118,
                -0.6986004330259746,
                -1.1369109569293596
            ]
        ]
    ],
    "iterations": 120,
    "final_energy": -1.522517,
    "iter_energies": [
        -1.2729860345741844,
        -1.4457884442598097,
        -1.4850959771356953,
        -1.4964641439753914,
        -1.4974801916879692,
        -1.5178158351919815,
        -1.5180555133553642,
        -1.5198782706123521,
        -1.521829426929024,
        -1.522301033687038,
        -1.5224574350739681,
        -1.5224971831782925,
        -1.5225122126613038,
        -1.5225131269193128,
        -1.522513153614691,
        -1.5225131570475587,
        -1.5225131629067976,
        -1.5225131726601482,
        -1.5225131851235452,
        -1.5225131881234888,
        -1.5225131889879173,
        -1.5225131893489017,
        -1.522513189981927,
        -1.5225131911369811,
        -1.5225131932756037,
        -1.5225131972382064,
        -1.522513204516595,
        -1.5225132176610565,
        -1.5225132408381044,
        -1.5225132806592867,
        -1.5225133479572268,
        -1.5225134607115034,
        -1.5225136336808835,
        -1.5225138551082575,
        -1.5225142431820373,
        -1.5225147868392868,
        -1.522514908666446,
        -1.5225150517300385,
        -1.5225151128451304,
        -1.522515222972644,
        -1.5225154053012466,
        -1.5225156356701155,
        -1.5225157174906727,
        -1.5225158308585052,
        -1.5225158910819143,
        -1.5225159569212654,
        -1.5225160269353202,
        -1.5225161315718436,
        -1.5225162386269153,
        -1.522516269682503,
        -1.5225163215374387,
        -1.5225164015671466,
        -1.5225164388224937,
        -1.5225164974748377,
        -1.5225165594371775,
        -1.522516578822583,
        -1.5225166059397706,
        -1.5225166484595078,
        -1.5225166912118517,
        -1.5225167037275122,
        -1.5225167248687697,
        -1.5225167577481606,
        -1.5225167709649396,
        -1.5225167922818201,
        -1.522516822218513,
        -1.5225168320700782,
        -1.52251684268621,
        -1.5225168597547756,
        -1.522516877028609,
        -1.522516897561451,
        -1.522516907124426,
        -1.5225169134710321,
        -1.5225169200373383,
        -1.5225169304477817,
        -1.522516944922519,
        -1.5225169586091796,
        -1.5225169629492206,
        -1.5225169699876675,
        -1.5225169809053,
        -1.522516985598512,
        -1.5225169932478184,
        -1.5225170035785915,
        -1.5225170060402684,
        -1.5225170102109813,
        -1.5225170169940399,
        -1.5225170247559265,
        -1.522517034117542,
        -1.522517037972438,
        -1.5225170398308052,
        -1.5225170429361334,
        -1.5225170479446173,
        -1.5225170510742838,
        -1.522517055989752,
        -1.5225170623113704,
        -1.5225170637422483,
        -1.522517066073451,
        -1.5225170698214423,
        -1.5225170750230916,
        -1.522517076581839,
        -1.5225170791921885,
        -1.5225170832206054,
        -1.5225170845583682,
        -1.5225170867230546,
        -1.522517090139911,
        -1.52251709236212,
        -1.5225170957677518,
        -1.5225170976537168,
        -1.5225171006064089,
        -1.5225171036703447,
        -1.522517107149809,
        -1.5225171091245893,
        -1.5225171097150358,
        -1.5225171107083049,
        -1.522517112384771,
        -1.5225171149455077,
        -1.5225171177697074,
        -1.5225171185195732,
        -1.5225171195380278,
        -1.5225171211876434,
        -1.522517123461874
    ],
    "function_evaluations": 152,
    "gradient_evaluations": 152
}