{
    "dist": 1.525,
    "thetas": [
        1.7448557058857794,
        -1.649077150016919,
        2.0375021118516665,
        2.926388517974451,
        2.9694403750439315,
        -0.2924870046656962,
        0.6851339998803385,
        1.7311841483035746,
        0.8897828870907407,
        1.394981677626908,
        -2.921451680140999,
        -1.2663793231633795,
        -2.773947824309876,
        2.243480068231582,
        -0.7988817039240748,
        1.1300180068818442,
        -1.531338241455982,
        -0.9576754694920289,
        -3.0824504749171866,
        -0.8901150950318448,
        2.8217419638603713,
        -1.7724928009645748,
        -1.1347975131086745,
        2.6249413174642493,
        -2.941136005369488,
        -2.7326544467196805,
        0.815739659640105,
        2.3487391344402075,
        -3.0868300924373417,
        1.5492904725652465,
        1.9656390491245403,
        -2.6658459083030457,
        0.9830378595694711,
        0.05819611947691916,
        -0.12639637898020917,
        2.862456773761779,
        -3.1415170444428115,
        -1.5897797083310843,
        1.3334972435574386,
        -1.1021834873956844
    ],
    "oo": false,
    "mo": [
        [
            [
                7.596900313049301e-05,
                0.030544466226124174,
                1.953888568543581e-18,
                3.3528141467046957e-16,
                -0.21773361927704685,
                0.2659692961437827,
                1.266027743149152,
                -1.2781746936686254e-16,
                -6.686442240379504e-18,
                0.274773686029224,
                -0.132640562555654
            ],
            [
                0.0007168177182413176,
                0.015200712946523974,
                8.827646129828392e-18,
                4.980787481869439e-16,
                -0.3006881874573352,
                0.7951250295347153,
                -1.2315479265184577,
                2.515528366027534e-18,
                2.1292010635396914e-17,
                -0.06199469319336598,
                -0.29768039048432776
            ],
            [
                0.995586616854982,
                -0.23860121010854918,
                -7.049674885885984e-18,
                -1.2252337959641403e-16,
                -0.02659090882792494,
                0.0333643702381787,
                -0.00981664984535562,
                -1.7485204133970167e-16,
                -2.5834636847831217e-17,
                0.05309052470254804,
                0.1060771105478674
            ],
            [
                0.020499662454214525,
                0.5205763222672938,
                5.689070133156238e-17,
                6.069861467978898e-17,
                0.07281771731873661,
                -0.05611549101638384,
                -0.024601225644374947,
                4.1703651696950845e-16,
                -1.5278770933305295e-18,
                -0.6256464215667644,
                -1.383426137464035
            ],
            [
                -0.004409441209520149,
                0.5619178241423693,
                -5.0833652816509706e-17,
                -2.598446563525795e-16,
                0.09175632864675973,
                -0.22620344122144995,
                0.2668057274401813,
                -4.188248000121216e-16,
                1.9844283159537785e-20,
                0.6075489882734284,
                1.442194216343526
            ],
            [
                1.9137618776858568e-17,
                -2.997793935606366e-17,
                -0.24837810722191367,
                0.6190337273703029,
                1.0854173679166376e-15,
                8.004813837809428e-17,
                2.977789997012757e-17,
                -0.9104499610422345,
                0.2422022665182455,
                -4.85154076358184e-16,
                -5.746413586200799e-17
            ],
            [
                7.491800098438556e-17,
                -1.8722723862359993e-17,
                0.6190337273703023,
                0.24837810722191422,
                4.545991138256174e-16,
                2.8284790697050464e-17,
                -5.3772175465928885e-18,
                -0.24220226651824517,
                -0.9104499610422349,
                -1.9722508815578894e-16,
                -1.2284235669534433e-16
            ],
            [
                -0.0007338508404447375,
                -0.010829063789844377,
                7.755833862422255e-18,
                -9.87706760766534e-16,
                0.5032981450812121,
                0.37604611261243753,
                0.1789890111676193,
                4.0450280190315973e-16,
                -9.435055232968717e-18,
                -0.8652605908178647,
                0.4343200520804146
            ],
            [
                8.14237122509716e-17,
                -7.851532135998942e-18,
                -0.17985088937596475,
                0.44824307450654544,
                8.155830002199076e-16,
                9.433340535359496e-17,
                4.571511638922349e-18,
                1.0131922769715176,
                -0.26953427030779964,
                5.26792349235279e-16,
                9.487146614880664e-17
            ],
            [
                -2.038334387012418e-17,
                -7.023342489641668e-18,
                0.4482430745065462,
                0.17985088937596427,
                3.4429533190106465e-16,
                3.5028858733287786e-17,
                4.5013888205801404e-18,
                0.2695342703077998,
                1.0131922769715174,
                1.8275269930140428e-16,
                6.410350006464275e-17
            ],
            [
                0.000546941231429694,
                -0.020344641256474606,
                -5.318192203125876e-17,
                -6.6732879937359125e-16,
                0.3986348904040954,
                0.4176970896004814,
                -0.23357440550973851,
                -5.373240192723023e-16,
                3.054126642689069e-17,
                0.9609490659704096,
                -0.5622018394821482
            ]
        ],
        [
            [
                7.5968650944539e-05,
                0.0305437671814908,
                1.341848288780103e-16,
                3.485309785328798e-18,
                -0.2177264518816195,
                0.2659706734258633,
                1.2660282610022466,
                -7.990202335634837e-17,
                3.216879825389705e-16,
                0.2747761652150477,
                -0.13263964849331986
            ],
            [
                0.000716819369379514,
                0.015200045712188047,
                2.371842880845985e-16,
                1.7237467538428568e-17,
                -0.3006779100951274,
                0.7951317097831424,
                -1.2315461271422108,
                1.0775309276853449e-16,
                -2.7292520042805925e-16,
                -0.06199358427710779,
                -0.2976806373173054
            ],
            [
                0.9955866062325697,
                -0.238601387929198,
                -5.40466936235839e-17,
                -2.0928155834814794e-17,
                -0.02659054282759382,
                0.033364379259327594,
                -0.009816628183507956,
                -2.553625610285947e-17,
                1.3126139431275e-16,
                0.05308988635346013,
                0.10607722066821738
            ],
            [
                0.02049971007214899,
                0.5205777030726775,
                -1.0574716735911338e-16,
                1.6071540464791751e-16,
                0.07281650767347897,
                -0.056116334499577945,
                -0.024601365380709034,
                2.6461801435036615e-16,
                -1.3392695482157823e-15,
                -0.6256377324050331,
                -1.3834295737298512
            ],
            [
