{
    "dist": 1.525,
    "thetas": [
        -0.00192064113892787,
        -1.5334922117210585,
        -1.5198985611886016,
        -2.532615592894908,
        0.4032869687551237,
        -3.0411240589617163,
        -2.182808553520649,
        -0.1241071691169231,
        -2.5140735967996206,
        -0.5217312516932693,
        2.5990447134551884,
        -0.9379569794999609,
        -2.4215121476907453,
        1.3358579153864216,
        -2.5014230735418677,
        -0.5925016137506689,
        1.03975054660485,
        -2.2722550862248503,
        2.076172331284596,
        -2.3675061766595737,
        0.5516106050035505,
        -2.745133174819262,
        -0.018203995556216768,
        2.6916827881223995,
        1.9228484850886236,
        -1.8950637410754403,
        -0.9721121955634815,
        0.21825569210966034,
        3.0070286190191906,
        0.01912918844371969,
        -0.9585156002323929,
        -1.8046154715910256,
        -2.026616131905825,
        -2.4879616580176984,
        -1.9637753010659786,
        -2.8882939001022034,
        -1.6341479896602276,
        0.29055147512465496,
        -1.8360525055672188,
        3.0957504019029525
    ],
    "oo": false,
    "mo": [
        [
            [
                7.596900313057015e-05,
                0.030544466226127102,
                8.522070047716384e-19,
                -6.560316801315523e-16,
                -0.21773361927705603,
                0.2659692961437932,
                1.2660277431491482,
                -9.364395226037814e-18,
                -3.4089499624914595e-16,
                0.2747736860292191,
                -0.13264056255565698
            ],
            [
                0.0007168177182412162,
                0.015200712946529256,
                6.526290160133442e-17,
                -7.904084665138158e-16,
                -0.30068818745733755,
                0.7951250295346999,
                -1.2315479265184672,
                -1.3348840035748518e-17,
                2.745091893305525e-16,
                -0.061994693193361504,
                -0.29768039048432376
            ],
            [
                0.9955866168549824,
                -0.23860121010854857,
                -2.555169202413793e-17,
                -5.924608731280786e-17,
                -0.02659090882792575,
                0.03336437023817976,
                -0.009816649845355397,
                1.4073541761958232e-17,
                -1.7208997732161876e-16,
                0.05309052470254757,
                0.10607711054786738
            ],
            [
                0.020499662454213887,
                0.5205763222672939,
                3.368922571075681e-16,
                -2.139626025514963e-17,
                0.07281771731874195,
                -0.05611549101638189,
                -0.024601225644379405,
                -3.2956777998819657e-16,
                1.2624475559111723e-15,
                -0.6256464215667684,
                -1.3834261374640335
            ],
            [
                -0.004409441209519865,
                0.5619178241423677,
                -3.3416033379672283e-16,
                2.585912315635924e-16,
                0.09175632864675777,
                -0.22620344122145633,
                0.2668057274401882,
                3.590777410641313e-16,
                -1.263567182202276e-15,
                0.6075489882734347,
                1.4421942163435222
            ],
            [
                2.746097835860974e-18,
                8.837625942351874e-17,
                0.0917041935039778,
                0.6606699483576399,
                -1.8430731809735983e-15,
                -4.776680053599146e-17,
                2.90914420665844e-17,
                -0.6752875206718203,
                -0.6569382268473154,
                -7.631763237783913e-16,
                -1.1304362724157015e-16
            ],
            [
                -2.4996230038444474e-17,
                -3.162318842739891e-17,
                0.6606699483576433,
                -0.09170419350397996,
                2.920679207843068e-16,
                -7.86444351715401e-18,
                -8.028291994287929e-18,
                0.6569382268473133,
                -0.6752875206718199,
                -1.0910520789106603e-15,
                -4.446118509825105e-16
            ],
            [
                -0.0007338508404450527,
                -0.01082906378983871,
                5.0396011210367714e-17,
                1.3787494951059092e-15,
                0.5032981450812118,
                0.37604611261244647,
                0.17898901116761515,
                -5.3475130425698524e-17,
                8.96392389642876e-16,
                -0.8652605908178606,
                0.434320052080419
            ],
            [
                4.590464471647254e-17,
                3.619222044389951e-17,
                0.06640311799485778,
                0.4783919127378445,
                -1.3480731596395309e-15,
                -2.388136492928251e-17,
                5.749666571751557e-17,
                0.7514922620203065,
                0.731072289933548,
                7.476437289291066e-16,
                1.3262400937204216e-16
            ],
            [
                1.725948184452577e-17,
                -1.1808183574298223e-17,
                0.4783919127378424,
                -0.0664031179948555,
                2.1489003766367394e-16,
                -1.137511677962246e-17,
                1.5621562793250664e-17,
                -0.7310722899335497,
                0.7514922620203067,
                1.032901862928398e-15,
                4.071094717308469e-16
            ],
            [
                0.0005469412314298688,
                -0.020344641256475365,
                -1.1592010514299225e-16,
                1.1369286518532658e-15,
                0.3986348904040875,
                0.4176970896004812,
                -0.23357440550973935,
                9.403871797492468e-17,
                -8.944080464770245e-16,
                0.9609490659704123,
                -0.5622018394821505
            ]
        ],
        [
            [
                7.596865094458329e-05,
                0.03054376718149019,
                5.4157623408666096e-17,
                -1.890395257910134e-18,
                -0.21772645188158943,
                0.2659706734258826,
                1.2660282610022464,
                -1.0421236535478392e-16,
                1.6585075390562197e-17,
                0.2747761652150624,
                -0.13263964849330098
            ],
            [
                0.0007168193693795509,
                0.015200045712191053,
                8.935582945520076e-17,
                -5.693199183183698e-19,
                -0.3006779100950869,
                0.7951317097831555,
                -1.2315461271422117,
                7.910271447746992e-17,
                -4.336434685291921e-17,
                -0.061993584277082195,
                -0.29768063731731137
            ],
            [
                0.9955866062325703,
                -0.23860138792919838,
                -4.389173209221148e-17,
                -3.864564923651301e-18,
                -0.026590542827593038,
                0.03336437925932919,
                -0.009816628183508095,
                -7.112539201893895e-17,
                -2.178475637708608e-17,
                0.05308988635345106,
                0.10607722066822077
            ],
            [
                0.020499710072148913,
                0.5205777030726829,
                6.924044719396078e-18,
                6.392367684635482e-17,
                0.07281650767347948,
                -0.05611633449958249,
                -0.02460136538070915,
                5.823654407319454e-16,
                -2.2565674434256273e-16,
                -0.6256377324049245,
                -1.3834295737298985
            ],
