{
    "dist": 1.525,
    "thetas": [
        -3.0764099223207433,
        0.01177840984590972,
        -0.026557182477288332,
        -2.3007169235661014,
        -2.248682369474494,
        -1.7683479941393894,
        -0.512028202872056,
        -1.5827270375196305,
        -2.613430288461024,
        -0.9707606747745907,
        -2.0937059634728197,
        2.3785568841181437,
        2.833490577583455,
        -2.8981294278830885,
        1.2510286361875504,
        0.4571634041388086,
        2.5007524773851486,
        1.0486571744320248,
        0.3005736555656977,
        1.2718890166746162,
        -0.7132849799065748,
        1.2216942432770699,
        2.0412213292864516,
        -0.21571133114546903,
        2.767896497391848,
        1.9084532601475015,
        3.0370357265324968,
        -2.075736612374536,
        0.13247914925031923,
        2.7992684884377166,
        0.9395904409587343,
        2.2671738383730498,
        2.9584127451094044,
        -1.975799852373875,
        -1.614051814515542,
        2.346146691061457,
        2.5527154170067154,
        1.622808451808627,
        -0.961943394595556,
        -0.229118149317471
    ],
    "oo": false,
    "mo": [
        [
            [
                7.596900313055237e-05,
                0.030544466226122245,
                -3.56796518518519e-17,
                -7.623609780370205e-16,
                -0.2177336192770293,
                0.265969296143782,
                1.2660277431491527,
                5.526245948940118e-17,
                4.823525574625384e-16,
                0.27477368602923286,
                -0.13264056255565762
            ],
            [
                0.0007168177182412438,
                0.01520071294652415,
                -3.5536671964461013e-17,
                -9.583151653757136e-16,
                -0.3006881874573136,
                0.7951250295347341,
                -1.2315479265184508,
                1.2502074865661085e-17,
                -3.822587118283475e-16,
                -0.06199469319337324,
                -0.29768039048432693
            ],
            [
                0.9955866168549832,
                -0.23860121010854946,
                -1.1866976655923245e-17,
                1.1512162973053188e-16,
                -0.02659090882792442,
                0.033364370238179036,
                -0.009816649845355572,
                -5.714875086651857e-17,
                1.221994424018548e-16,
                0.0530905247025479,
                0.10607711054786674
            ],
            [
                0.020499662454214487,
                0.5205763222672972,
                2.121486494514975e-16,
                9.166646053219731e-17,
                0.07281771731873557,
                -0.0561154910163867,
                -0.02460122564437416,
                6.280876328573731e-16,
                -2.022288750945214e-15,
                -0.6256464215667656,
                -1.3834261374640333
            ],
            [
                -0.004409441209519908,
                0.561917824142366,
                -2.0032907634432177e-16,
                3.115404808069711e-16,
                0.09175632864675404,
                -0.22620344122145108,
                0.2668057274401792,
                -6.263365225330103e-16,
                2.0440974664597018e-15,
                0.6075489882734321,
                1.4421942163435266
            ],
            [
                -2.648835773885872e-17,
                7.265027894354623e-17,
                -0.005057776703244304,
                0.666984901376285,
                -2.4341105229210095e-15,
                -1.7493077898736092e-16,
                7.01675983513594e-17,
                -0.9237873881984415,
                -0.18492682572812544,
                2.038219115073545e-16,
                -2.0936775441155024e-16
            ],
            [
                5.16128957059973e-19,
                1.6756355952807106e-17,
                0.6669849013762852,
                0.00505777670324347,
                -1.2388087277125517e-16,
                3.526712684605316e-18,
                1.0063247863115988e-17,
                0.18492682572812474,
                -0.9237873881984418,
                2.0697269770797674e-15,
                8.945229452533964e-16
            ],
            [
                -0.0007338508404447657,
                -0.010829063789846757,
                1.4611862940214418e-16,
                1.887369357152165e-15,
                0.5032981450812305,
                0.37604611261242143,
                0.17898901116762544,
                2.3649330394300362e-17,
                -1.3302103289175542e-15,
                -0.8652605908178601,
                0.4343200520804129
            ],
            [
                -1.9034490794171557e-17,
                6.186514433511771e-17,
                -0.00366234225921899,
                0.48296457789529573,
                -1.7935073853587218e-15,
                -6.555292007041243e-17,
                -5.322214608502624e-17,
                1.0280348040378828,
                0.20579541946281832,
                -1.9313579489671495e-16,
                2.480453217490592e-16
            ],
            [
                -7.450232644607174e-19,
                4.9850657485248516e-18,
                0.48296457789529534,
                0.0036623422592201586,
                -9.527251954685981e-17,
                7.921848407503342e-18,
                -3.9176183570076086e-17,
                -0.2057954194628191,
                1.0280348040378833,
                -1.9139479891663447e-15,
                -6.895253489580913e-16
            ],
            [
                0.000546941231429829,
                -0.02034464125647617,
                4.8860107727053934e-18,
                1.6384160848249297e-15,
                0.39863489040410677,
                0.4176970896004635,
                -0.23357440550974673,
                -5.833677629528475e-17,
                1.3928871837605019e-15,
                0.9609490659704099,
                -0.5622018394821503
            ]
        ],
        [
            [
                7.596865094453948e-05,
                0.03054376718149175,
                1.2607998643736066e-17,
                -1.4017216074995325e-16,
                -0.21772645188164041,
                0.26597067342585795,
                1.266028261002245,
                -2.7135019159182815e-16,
                -9.959234370520888e-19,
                0.27477616521504206,
                -0.13263964849332677
            ],
            [
                0.0007168193693795877,
                0.015200045712190122,
                -2.562129691645956e-18,
                -1.6103660436445692e-16,
                -0.30067791009516376,
                0.7951317097831202,
                -1.2315461271422161,
                2.2145496883539887e-16,
                3.164459323756737e-17,
                -0.061993584277118347,
                -0.29768063731730543
            ],
            [
                0.9955866062325694,
                -0.23860138792919777,
                -1.1843484401347027e-17,
                -6.416616295247084e-18,
                -0.026590542827595435,
                0.03336437925932688,
                -0.009816628183508393,
                -1.7845793330262162e-16,
                2.7716409628941638e-17,
                0.05308988635346353,
                0.106077220668216
            ],
            [
                0.020499710072149235,
                0.5205777030726769,
                1.439633573011781e-16,
                1.1989121934411355e-17,
                0.07281650767348231,
                -0.056116334499576696,
                -0.024601365380706675,
                1.259185158554197e-15,
                -4.174085602119033e-16,
                -0.6256377324050767,
                -1.3834295737298319
            ],
