{
    "dist": 1.15,
    "thetas": [
        0.7003270491300002,
        -0.053869488946690414,
        1.2521357632657004,
        -1.9190780120328719,
        1.7275848218570173,
        1.3062330150862813,
        -0.8477272751259246,
        2.9662757615906044,
        -2.557455115564175,
        -0.5417974658723006,
        -2.7579177865614644,
        -1.2611919830145855,
        3.116726685272372,
        2.6474127966978234,
        -0.2979985587264111,
        2.634381324251887,
        -1.3107404352401797,
        0.3796338484110535,
        -0.2565573770438969,
        -3.0272038179249767,
        2.8195056772726383,
        -1.1887936715863368,
        2.1463338267637173,
        -3.0008659805164486,
        0.5090497007790056,
        0.6544887072823364,
        2.188024353240066,
        -1.163240541119771,
        2.7880790271266633,
        1.5137781885772634,
        2.5272337397359106,
        2.304403660937262,
        2.5192370373805115,
        1.4045127989437134,
        0.1702470555831357,
        1.6657501249314342,
        -1.7526813500610607,
        1.5617571314008787,
        1.6891796897122564,
        -0.763262672723064
    ],
    "oo": false,
    "mo": [
        [
            [
                0.00034815055278393953,
                0.07181233720181811,
                -0.2566492053421828,
                -3.470212316256995e-16,
                -3.294084774523162e-17,
                -0.18699613693624045,
                1.2567605055440096,
                -1.6720322420645557e-16,
                -3.1851734393719806e-16,
                0.3369305131264381,
                -0.43776570911436663
            ],
            [
                0.0011258628098079022,
                0.004132082401304021,
                -0.19173347264734497,
                -2.2396262286108482e-16,
                -4.284200049829075e-17,
                -1.0854063969164496,
                -1.109851813412693,
                2.6260069683022927e-16,
                1.7842021185311718e-16,
                -0.10298514530982557,
                -0.3805782395618589
            ],
            [
                0.9955613175387992,
                -0.23527257819275235,
                -0.044562872716258466,
                -1.9748039184167295e-16,
                -6.999565767092807e-18,
                -0.052428008977420566,
                0.013654546799644425,
                1.021214844362761e-16,
                -3.3089572865437906e-17,
                0.07069490719707465,
                0.08815707448160336
            ],
            [
                0.02088134422279842,
                0.5083063619703302,
                0.10922198528185996,
                1.7783469674327585e-16,
                -5.0162476928336127e-17,
                0.07473889739705526,
                -0.10426952765177451,
                -1.2088676410281119e-15,
                3.4789761068754575e-16,
                -0.7840789246123986,
                -1.354140977165797
            ],
            [
                -0.005035082309253022,
                0.5566398548198016,
                0.1616756740310551,
                1.9037711681898858e-16,
                7.146745485104403e-17,
                0.4860443906586813,
                0.28323692525334976,
                1.103178062714662e-15,
                -3.293626010093925e-16,
                0.7329284660230274,
                1.5874628199250331
            ],
            [
                -4.9033118600395597e-17,
                -9.708305237363484e-18,
                -7.440883701383229e-16,
                0.6551188997144093,
                0.10147907860616234,
                1.549996180218205e-17,
                1.0904624095875847e-16,
                0.19876846692109285,
                0.9238440504963792,
                3.522838358180413e-16,
                -1.8525281266788295e-16
            ],
            [
                8.328294005040258e-18,
                1.3124912578340611e-17,
                7.090504236343087e-17,
                -0.10147907860616237,
                0.6551188997144096,
                8.95833238820706e-17,
                3.4149458466719094e-16,
                0.9238440504963789,
                -0.19876846692109282,
                -1.2980800877079808e-15,
                -2.2931394765768536e-16
            ],
            [
                -0.0011631810993494554,
                -0.039720614125154007,
                0.5243325378990694,
                5.220313075531326e-16,
                1.8899757450849442e-17,
                -0.3378340948330797,
                0.31982398626438285,
                -8.544490823476908e-16,
                4.985389028651627e-16,
                -0.786776511485898,
                0.5249325185197113
            ],
            [
                -2.811088689153765e-17,
                1.0722544273180678e-18,
                -5.218647826918067e-16,
                0.481753239174764,
                0.07462443053971018,
                -1.0858076713406509e-16,
                -1.4314349694005236e-16,
                -0.2200868108801859,
                -1.0229283043426491,
                -3.6254607355382894e-16,
                1.6672913087534576e-16
            ],
            [
                -3.504076206492175e-18,
                1.4483749649904035e-18,
                4.945432254902438e-17,
                -0.07462443053970999,
                0.4817532391747635,
                -9.331557761339105e-17,
                -3.6551768492586506e-16,
                -1.0229283043426494,
                0.22008681088018625,
                1.2897977751561268e-15,
                2.439521860899572e-16
            ],
            [
                0.0010493003619822733,
                -0.04067070156579151,
                0.3853370975152458,
                4.224987958301134e-16,
                1.0255452192589233e-17,
                -0.4674674358416518,
                -0.0416680864901092,
                9.28233881885894e-16,
                -5.612467740820289e-16,
                0.9614743887074019,
                -0.8682946350688687
            ]
        ],
        [
            [
                0.00034815027913939913,
                0.07181249292297621,
                -0.25665058606327723,
                2.8544114086237357e-16,
                1.8521635084967575e-17,
                -0.18699589373813047,
                1.2567604617113848,
                -3.9175337378903495e-16,
                -5.547249452389891e-17,
                0.33692966731348656,
                -0.4377657547997158
            ],
            [
                0.001125863032023479,
                0.004132162445579444,
                -0.19173541761879348,
                3.288842464582452e-16,
                2.483525534754803e-17,
                -1.0854056658545173,
                -1.1098521950836358,
                2.6284477957815355e-16,
                2.875431833829474e-16,
                -0.10298523149081994,
                -0.38057820744330767
            ],
            [
                0.995561317914317,
                -0.23527258666646114,
                -0.04456301410654297,
                2.5871239539479484e-16,
                1.731969945264459e-17,
                -0.05242793389601794,
                0.013654539474310301,
                -2.754032240846766e-17,
                -8.878445291850933e-18,
                0.07069493207770025,
                0.08815700198830517
            ],
            [
                0.020881343260612032,
                0.5083065665425653,
                0.10922240749131756,
                -1.6475776473994263e-16,
                -5.716691374058448e-17,
                0.07473864237960245,
                -0.10426953529595294,
                2.940609466582618e-16,
                2.1754110440831962e-16,
                -0.7840799034893919,
                -1.354140313029019
            ],
