{
    "dist": 1.25,
    "thetas": [
        2.3958260018131945,
        3.014066632168233,
        2.2907393097350255,
        2.1241702033721,
        2.5747887549532216,
        2.268116710897859,
        -0.18376821356508133,
        -0.3692349045573353,
        0.629297096919271,
        -2.7029951476934766,
        -0.5128175110076243,
        2.526099388339662,
        -2.444670949557147,
        2.5849416676918597,
        -1.9205334501648765,
        -2.087178956919396,
        2.848765104935585,
        2.9566681728718356,
        1.6185124242490563,
        2.4544011478498726,
        0.49182240310951597,
        2.2599906647832615,
        -2.3640072365335265,
        2.4583209737112917,
        0.5766613396536329,
        0.6203078226772614,
        -1.8494256733064371,
        -1.4660429783803186,
        2.746915186860476,
        1.350848660669861,
        1.3521078595549678,
        -1.211486638960258,
        -2.58831365501823,
        0.41537375491575945,
        1.26971338175455,
        -1.252168102670213,
        1.4253982794412483,
        -0.25740982863374917,
        -2.920740281290886,
        2.2378824751019755
    ],
    "oo": false,
    "mo": [
        [
            [
                0.000289242379478468,
                0.05610935361480325,
                -0.24381999148757785,
                1.5289223283241324e-15,
                -7.401781066208465e-17,
                -0.2163306225962005,
                1.2429674002593973,
                3.6456832569642897e-16,
                -4.3680321695229183e-16,
                0.31907025495751723,
                -0.3773672893993679
            ],
            [
                0.0009587417268018777,
                0.009229681466512419,
                -0.2259682342006565,
                1.5054228264088235e-15,
                -1.31592649615914e-16,
                -0.9862382692544902,
                -1.1714819956252531,
                -5.30989826865702e-16,
                8.706358890066177e-17,
                -0.11902067564282494,
                -0.3191956528357684
            ],
            [
                0.995571949668848,
                -0.236551493712096,
                -0.038743157642543796,
                3.0712314439455554e-16,
                -3.125385324186894e-17,
                -0.04709561624956634,
                0.006019680793220754,
                -2.9876682731144754e-17,
                -3.378873059404262e-17,
                0.0701752846021663,
                0.09132297484702541
            ],
            [
                0.020737166820128373,
                0.5124902528434612,
                0.09833717801134229,
                -6.6377155430367115e-16,
                1.0366641817589959e-16,
                0.07029565719631223,
                -0.0891191715951673,
                1.6006034784495445e-16,
                -2.5714908124674527e-16,
                -0.8045355077279205,
                -1.3218425914426597
            ],
            [
                -0.004796711643447061,
                0.5597124714149927,
                0.1385585001296665,
                -6.676685924275328e-16,
                7.850703955024441e-17,
                0.3986701263379179,
                0.31672422496585395,
                6.053736393846561e-18,
                3.274101408183018e-16,
                0.7759960355642971,
                1.480956283251506
            ],
            [
                8.470872085803653e-18,
                -9.06167631225972e-17,
                3.666565264657059e-15,
                0.6635922421037384,
                0.02887592929877965,
                2.668972578096965e-16,
                -1.6068196171734302e-17,
                0.06019516792284238,
                0.9421589929110148,
                3.217546618792797e-16,
                -5.763830836517114e-16
            ],
            [
                2.6976488820623387e-16,
                -4.296939772072427e-17,
                -5.297700564193513e-16,
                -0.02887592929877937,
                0.6635922421037385,
                2.707805126601349e-17,
                -1.2813880834114948e-16,
                0.942158992911015,
                -0.06019516792284253,
                1.4267881538421258e-16,
                -1.1792533055863222e-17
            ],
            [
                -0.0010347628556237245,
                -0.0284260823389781,
                0.5165034101697805,
                -2.5043301438700753e-15,
                3.452262306543854e-16,
                -0.35512573666712705,
                0.282254823154991,
                2.193856570258222e-16,
                4.1650209045813647e-16,
                -0.7858206967649958,
                0.5404754823757573
            ],
            [
                -5.573343598184126e-17,
                -2.2976278816372868e-17,
                2.5911248273888674e-15,
                0.48561161076754444,
                0.021131179133040343,
                2.438729006900933e-16,
                -1.9602121928697464e-16,
                -0.0667574572316518,
                -1.044870225385743,
                -3.068041522546191e-16,
                3.8678840888188404e-16
            ],
            [
                1.814346344616795e-16,
                -8.336608080871743e-18,
                -3.832808056292174e-16,
                -0.02113117913304053,
                0.48561161076754567,
                2.857210125954342e-17,
                1.4028725157748257e-16,
                -1.0448702253857427,
                0.06675745723165157,
                -1.47249765556751e-16,
                -9.680945094491162e-18
            ],
            [
                0.0008859797918174822,
                -0.03472282018303561,
                0.39165273507456405,
                -2.0683975984417302e-15,
                2.2755653297082037e-16,
                -0.45832962424669227,
                -0.12777540782509797,
                -2.944863882051598e-16,
                -6.274613620301642e-16,
                0.9232413449036031,
                -0.8084426955905081
            ]
        ],
        [
            [
                0.0002892413087033745,
                0.056110283286174234,
                -0.24382827713666247,
                -3.238650882046723e-16,
                -2.558140831537116e-16,
                -0.21632900353008344,
                1.2429671904779456,
                -1.4646970081017935e-16,
                -3.5680082023114236e-16,
                0.31906575726267977,
                -0.377367219625644
            ],
            [
                0.0009587409056762427,
                0.009230330310051058,
                -0.22598000847733526,
                -2.9471383463597334e-16,
                -3.1049708085619206e-16,
                -0.9862329820994118,
                -1.1714841759529098,
                1.3276746369430593e-16,
                2.835568449397879e-16,
                -0.11902086848842268,
                -0.3191955605451013
            ],
            [
                0.9955719585115733,
                -0.23655138869493264,
                -0.03874399901141312,
                -9.511358371531312e-17,
                -9.80300292544246e-17,
                -0.047095281884793276,
                0.006019630426136596,
                1.1926408822401652e-17,
                -1.880439810944984e-17,
                0.07017562698505765,
                0.09132270617521501
            ],
            [
                0.020737128616763183,
                0.5124899748523056,
                0.09833923257300009,
                1.7559221161207166e-16,
                -1.1105098723284162e-16,
                0.07029429768204143,
                -0.08911899766678912,
                -1.1085970050882741e-16,
                2.4072400513997396e-16,
                -0.8045415744557749,
                -1.3218389384830131
            ],
            [
