{
    "dist": 1.875,
    "thetas": [
        2.830292529664302,
        -1.3161554982377885,
        2.3138906146080664,
        1.7926006138769264,
        -0.8056669505775651,
        -0.6842470368635021,
        1.988065916926888,
        1.0279108726635657,
        2.2478519852938046,
        1.5172433989400274,
        1.0390654303130313,
        1.2173868599350657,
        -1.6681467403549353,
        2.736038079650694,
        1.2281751786387307,
        0.5880475170514226,
        0.5792178168397495,
        2.3186216093984537,
        2.544651754696443,
        0.20810838014218325,
        -2.84414722614307,
        1.0486728991472214,
        1.7496481108822177,
        3.04237855011527,
        -2.9373252832894425,
        -2.120084351655082,
        2.2498224214658036,
        -0.8067266665731956,
        2.664372052366776,
        1.9546659025502526,
        0.47498217055780456,
        0.4534616092773205,
        2.9644732223995502,
        1.4515888763411802,
        -1.8121575832237378,
        -1.8345214820930618,
        1.3253969360738322,
        -2.4090702818534,
        -2.269592057169401,
        -2.3406893074721826
    ],
    "oo": false,
    "mo": [
        [
            [
                -0.0001259924154182606,
                0.015842856223170842,
                -3.569843462608835e-18,
                5.837112072335689e-17,
                -0.19777903927474538,
                -0.29506606694388615,
                1.2947116856317462,
                8.931109186915035e-17,
                -1.0463615592470968e-15,
                0.05334435986094348,
                0.1355407800065407
            ],
            [
                0.0005730967543101573,
                0.01523355896035649,
                7.034693052577051e-18,
                2.166372484518435e-16,
                -0.360012108782804,
                -0.6735284764837167,
                -1.183677429807461,
                -8.74831262675809e-17,
                6.172425743434735e-16,
                0.1341070832944873,
                -0.3416320945209062
            ],
            [
                0.9955904360923663,
                -0.23963368706797264,
                -9.08601598863322e-18,
                -7.151900716669229e-17,
                -0.016814319000189086,
                -0.020631399621057214,
                -0.020764112167366577,
                1.1021813518620833e-17,
                7.36739815689829e-17,
                0.027720904610668427,
                0.1164432980915819
            ],
            [
                0.020388833340249723,
                0.5252762386386395,
                1.6212768291129815e-16,
                2.6539231794230598e-17,
                0.049871910758127656,
                0.03943303876029087,
                0.07999933145441429,
                -1.3311371918175733e-16,
                -7.343440026414893e-16,
                -0.314296874864549,
                -1.4652214540829405
            ],
            [
                -0.004206177110464924,
                0.5624362234481295,
                -1.4871876634040512e-16,
                -1.3757067113105968e-16,
                0.0506472598267924,
                0.1092809126089067,
                0.0912990160387395,
                1.25511351124079e-16,
                6.461693123906105e-16,
                0.284871076372341,
                1.4813531211504354
            ],
            [
                -1.0210822393258119e-17,
                1.1973947618903488e-17,
                0.6176865217121636,
                0.25561303399768265,
                1.734612836896336e-16,
                8.507877967267714e-18,
                -1.1220369770215032e-16,
                -0.9104523945533015,
                -0.23806991459501897,
                -1.9721215090365583e-16,
                2.703985113248188e-16
            ],
            [
                -2.9108507886574456e-17,
                3.653624344158839e-17,
                -0.2556130339976832,
                0.6176865217121636,
                4.1308568040674227e-16,
                -9.31392378537388e-17,
                -5.857390268433768e-16,
                0.23806991459501886,
                -0.910452394553302,
                -1.1715746778668487e-15,
                8.826273688631871e-16
            ],
            [
                -0.0004784119692821453,
                -0.0024463193769859322,
                7.372295108577763e-17,
                -4.1151701241692203e-16,
                0.4984405921306537,
                -0.37793229055309535,
                0.01892001115101681,
                -5.710564828598145e-17,
                1.2458677784376388e-15,
                -0.9509662771256069,
                0.23100580997952522
            ],
            [
                7.208561579802011e-19,
                -1.7382710672231744e-17,
                0.44474937653003305,
                0.18404762530401317,
                8.022097468118865e-17,
                1.2792474739432277e-18,
                1.2929471108109368e-16,
                1.0150616872575318,
                0.26542370654386704,
                2.0822284494264448e-16,
                -2.7653246157411803e-16
            ],
            [
                2.2062587397633826e-17,
                1.0619606292680468e-17,
                -0.18404762530401328,
                0.4447493765300325,
                3.242656637504649e-16,
                -8.300106483919854e-17,
                6.515847910331008e-16,
                -0.2654237065438667,
                1.0150616872575322,
                1.1905170145149192e-15,
                -6.980498448647582e-16
            ],
            [
                0.0003172011600526177,
                -0.010045786004734367,
                -2.1438865012479303e-17,
                -1.980643703523498e-16,
                0.40550542135130535,
                -0.3704376314271497,
                -0.15708220446334287,
                4.7323906225848934e-17,
                -1.2810146792958865e-15,
                1.038280476161058,
                -0.2952493858983071
            ]
        ],
        [
            [
                -0.00012599252507838342,
                0.015842844049108167,
                -1.3597801579181223e-18,
                2.4256768691947163e-16,
                -0.19777827193035663,
                -0.29506626254096113,
                -1.2947117526638567,
                4.1210875759585314e-16,
                3.7817900636417553e-16,
                0.053344497559353624,
                0.135540780821192
            ],
            [
                0.0005730969987198301,
                0.015233553578235108,
                -6.460815492323081e-17,
                3.0326530154261415e-16,
                -0.3600108526931497,
                -0.6735294099623795,
                1.1836772725124654,
                -2.5243843670951685e-16,
                -6.926380941579694e-16,
                0.13410688757643915,
                -0.34163219988958854
            ],
            [
                0.9955904346466485,
                -0.23963370829649064,
                -1.739097098854544e-17,
                -4.9141122411098023e-17,
                -0.016814223429640448,
                -0.020631466958584286,
                0.020764107418675005,
                -6.979019499781586e-18,
                7.246434030999588e-17,
                0.02772093484203812,
                0.11644326228457176
            ],
            [
                0.02038883999822943,
                0.5252764281307764,
                -1.2696255781689746e-16,
                -1.2234709245312139e-16,
                0.04987185711475414,
                0.03943313645869911,
                -0.07999936085247061,
                -5.014541055089516e-16,
                -6.670414798471387e-16,
                -0.3142975934999635,
                -1.4652212294986562
            ],
            [
