{
    "dist": 1.55,
    "thetas": [
        1.0655702938519083,
        2.5608670627034327,
        1.0551188508115938,
        -2.6490061407730363,
        -0.15386294019893487,
        2.734369317674937,
        -2.190927948945686,
        -2.9780574016743966,
        -1.9364939729810378,
        -2.5679302926602348,
        -0.6569494054321154,
        1.3658652191592457,
        -0.4666071963149765,
        -0.18069234476428386,
        -2.0536861845125167,
        0.5957114448809415,
        -3.029090132252127,
        2.084142762719022,
        -1.7388366955994112,
        -1.6224783445360957,
        1.8983000482250887,
        -2.811622223328434,
        -0.40258445370641693,
        -1.9441957630910902,
        -1.7357246250506833,
        2.3196584796925936,
        2.7149725654840644,
        -0.7073495073263456,
        1.8682579386804257,
        -1.6958332500459903,
        2.6283402879556395,
        -1.010442643750141,
        -3.0327715170391953,
        -0.6898801336470464,
        -0.47736509068018984,
        -2.021034664934765,
        -1.0534229285204186,
        2.5466463647611404,
        1.2257801758144478,
        -2.2367223105539145
    ],
    "oo": false,
    "mo": [
        [
            [
                5.720058392841457e-05,
                0.029046370971504955,
                2.0242654071795717e-18,
                -1.9252414024119295e-16,
                -0.21592247546980634,
                0.2689212000551588,
                1.2697533307016926,
                2.4249719195749498e-17,
                -1.321435471367002e-16,
                0.26571666087847734,
                -0.10722863878172265
            ],
            [
                0.0007040482595858989,
                0.015361406933128203,
                7.689715613885728e-18,
                -3.6701770746015475e-16,
                -0.3060656644675222,
                0.7828282868601913,
                -1.2314980780262157,
                -1.2422381948416384e-17,
                1.0796174397580366e-16,
                -0.04941071644782883,
                -0.302053511461168
            ],
            [
                0.9955872822349566,
                -0.23871581704251663,
                -2.3303542960237015e-17,
                -2.1867033065582775e-16,
                -0.0257154864922307,
                0.032269023998217176,
                -0.010944411833218162,
                1.333492215473562e-17,
                6.458197264552477e-17,
                0.05047420711611745,
                0.10751969501706346
            ],
            [
                0.02048674448851218,
                0.5210829639646958,
                3.6774061185596244e-16,
                1.992077953675395e-18,
                0.0708437177605113,
                -0.054833656226253934,
                -0.017131662393181625,
                -3.542467124293277e-16,
                3.550957176015993e-16,
                -0.594365642197075,
                -1.3952766798021843
            ],
            [
                -0.004387843054640866,
                0.5619727328423153,
                -3.7640552480031485e-16,
                1.2532523035496784e-16,
                0.08825761404856927,
                -0.2147516148409566,
                0.25590220784791795,
                3.6023485011325666e-16,
                -3.3539648016109366e-16,
                0.5754243016662693,
                1.4494712442774669
            ],
            [
                1.718459085670544e-16,
                1.3351907575366365e-17,
                0.20991550682258936,
                0.6332998203734754,
                -6.989172843104275e-16,
                -7.3143947241485e-17,
                -2.4417074176226016e-17,
                -0.7125804835688865,
                -0.6160936464406717,
                -2.621600401970514e-17,
                1.4848429381791054e-16
            ],
            [
                1.6606897754954825e-16,
                -5.584293901357232e-18,
                0.6332998203734761,
                -0.20991550682258925,
                2.684582357030263e-16,
                2.943534205756879e-17,
                -6.5000501816968435e-18,
                0.6160936464406719,
                -0.7125804835688867,
                -3.717098050484141e-16,
                -2.1963211698439853e-16
            ],
            [
                -0.0007111158798444136,
                -0.009864958405195405,
                5.837072427535255e-17,
                5.784786498341388e-16,
                0.5025993583936822,
                0.3767540669427773,
                0.16855393447740843,
                -1.2729180387060568e-16,
                3.0797519965248745e-16,
                -0.8760216705217018,
                0.41493376490679773
            ],
            [
                -9.309436917433328e-17,
                -7.686446551740831e-18,
                0.15189664540164463,
                0.4582611342262359,
                -5.069204824175401e-16,
                -5.910147405879896e-17,
                3.046690568252721e-17,
                0.7931697120911491,
                0.6857707044137621,
                5.1417362354068226e-17,
                -1.1298538684097185e-16
            ],
            [
                -2.1563480576233964e-16,
                -9.937804079297612e-18,
                0.458261134226236,
                -0.15189664540164508,
                1.9592790475180742e-16,
                2.0138594092188367e-17,
                7.982563304460938e-18,
                -0.6857707044137615,
                0.7931697120911495,
                5.362495554205617e-16,
                2.331210641890928e-16
            ],
            [
                0.0005245339512202656,
                -0.01932521965466865,
                -2.0391967735470223e-16,
                3.255718106669004e-16,
                0.39903922911041184,
                0.4138738798811934,
                -0.2345266896937531,
                1.9050010129499199e-16,
                -2.8066087113575135e-16,
                0.9704515978524381,
                -0.5346962986603003
            ]
        ],
        [
            [
                5.7200227642240556e-05,
                0.029045751861385027,
                -1.6933761846160518e-18,
                4.687842383650993e-16,
                -0.21591609225110978,
                0.2689224645473827,
                1.2697538130244492,
                3.6467210433960033e-17,
                -2.257898697057626e-16,
                0.2657187039511947,
                -0.10722771441259837
            ],
            [
                0.0007040498291041431,
                0.015360780875219535,
                3.046441700749422e-17,
                7.211821287616995e-16,
                -0.3060564184754869,
                0.782834374293847,
                -1.231496507635134,
                -5.12067444172669e-17,
                1.9387794949483002e-16,
                -0.04940955809295609,
                -0.30205372727328406
            ],
            [
                0.9955872721798881,
                -0.23871599041276276,
                -4.127603028122179e-18,
                -1.1275909878885418e-16,
                -0.02571519813961155,
                0.032268995768690904,
                -0.010944393451616291,
                2.163716489063528e-17,
                -1.7581218229523211e-16,
                0.05047359784574918,
                0.10751976852838073
            ],
            [
                0.020486789816031935,
                0.5210843578326636,
                -2.4123136861138053e-17,
                -5.215244562064466e-17,
                0.07084268273974118,
                -0.05483437093210364,
                -0.017131772718943127,
                -4.616691088457364e-17,
                1.0100608823754475e-15,
                -0.5943573767661758,
                -1.3952797026025823
            ],
