{
    "dist": 2.8,
    "thetas": [
        -2.8354451983958078,
        -1.325063087034727,
        1.3883725037911319,
        -3.0057737497215755,
        -1.8477417604476294,
        -2.822574873123744,
        -1.2423623306579668,
        1.0298787548813921,
        -1.2056528250732828,
        0.5252194785450901
    ],
    "oo": false,
    "mo": [
        [
            [
                0.21702809606349183,
                0.32825169412866334,
                0.8967317559421276,
                0.9040992171810753
            ],
            [
                0.5212599382917816,
                0.4672665440425534,
                -0.7063845325896497,
                -0.9026558683016501
            ],
            [
                0.21702809606349152,
                -0.3282516941286631,
                0.8967317559421306,
                -0.9040992171810707
            ],
            [
                0.5212599382917811,
                -0.4672665440425531,
                -0.7063845325896531,
                0.9026558683016469
            ]
        ],
        [
            [
                0.21702809606349183,
                0.3282516941286631,
                0.8967317559421272,
                0.9040992171810758
            ],
            [
                0.5212599382917816,
                0.46726654404255363,
                -0.7063845325896493,
                -0.9026558683016502
            ],
            [
                0.21702809606349152,
                -0.32825169412866284,
                0.8967317559421311,
                -0.9040992171810703
            ],
            [
                0.5212599382917811,
                -0.4672665440425533,
                -0.7063845325896535,
                0.9026558683016467
            ]
        ]
    ],
    "iterations": 98,
    "final_energy": -1.187082,
    "iter_energies": [
        -1.0289371014708815,
        -1.0312069197719225,
        -1.0514231489802743,
        -1.0569576291999616,
        -1.0631807229759123,
        -1.1273349573837497,
        -1.1456513878672876,
        -1.1639938684728224,
        -1.1807507305550076,
        -1.1853376249801149,
        -1.1868006650477791,
        -1.1869631013370068,
        -1.1869861829024322,
        -1.186996646130612,
        -1.1869968811299332,
        -1.1869969518880061,
        -1.1869970745773224,
        -1.1869972986643118,
        -1.1869977150305315,
        -1.1869984882770603,
        -1.1869999039751302,
        -1.1870024049244852,
        -1.1870063633233987,
        -1.1870104460563753,
        -1.1870170691842916,
        -1.1870272728156457,
        -1.1870376935512457,
        -1.1870385253049411,
        -1.1870400309724214,
        -1.1870426916273886,
        -1.187046854555899,
        -1.1870511072582859,
        -1.187054284520685,
        -1.1870559326055934,
        -1.1870611968829623,
        -1.1870615363822317,
        -1.1870620360546826,
        -1.187062728099895,
        -1.187063555945458,
        -1.1870648046043408,
        -1.1870667266265584,
        -1.1870677897699051,
        -1.1870692807043468,
        -1.1870703273800793,
        -1.1870716883681152,
        -1.1870720866588347,
        -1.1870727111046768,
        -1.1870736026893525,
        -1.1870739448890955,
        -1.187074516594787,
        -1.187075377780479,
        -1.1870756220829939,
        -1.1870760193429755,
        -1.1870766364036365,
        -1.1870769940319466,
        -1.1870775519464818,
        -1.1870779660256365,
        -1.187078486369296,
        -1.1870788463345092,
        -1.1870791262810045,
        -1.1870794092966448,
        -1.187079711327831,
        -1.187080018379907,
        -1.187080232415293,
        -1.187080448443114,
        -1.1870806495068582,
        -1.1870807265033927,
        -1.1870807960548388,
        -1.187080912973137,
        -1.1870810914505525,
        -1.1870811904946,
        -1.1870813439619916,
        -1.187081499456963,
        -1.1870815976728772,
        -1.187081633164368,
        -1.1870816945842624,
        -1.18708179073697,
        -1.1870818435347055,
        -1.1870819235098613,
        -1.1870820078243172,
        -1.1870820507336663,
        -1.1870820721656534,
        -1.1870821072188582,
        -1.1870821596576233,
        -1.1870822027367263,
        -1.1870822299321309,
        -1.1870822660880331,
        -1.1870822733674011,
        -1.1870822851571428,
        -1.1870822987927063,
        -1.187082305954924,
        -1.1870823119637819,
        -1.1870823150575318,
        -1.187082315506464,
        -1.1870823159480588,
        -1.1870823164586797,
        -1.1870823165729594,
        -1.1870823165941222
    ],
    "function_evaluations": 122,
    "gradient_evaluations": 122
}