{
    "dist": 2.8,
    "thetas": [
        0.10303561663791783,
        0.4440175435037328,
        -2.9626838121493106,
        -2.0638903033331175,
        1.1641296091591355,
        2.0979358614283568,
        -1.2128670123447274,
        2.47314391898043,
        1.392001137158437,
        -1.9481710072691576
    ],
    "oo": false,
    "mo": [
        [
            [
                0.21702809606349144,
                -0.3282516941286471,
                0.8967317559422819,
                0.9040992171809283
            ],
            [
                0.5212599382917821,
                -0.4672665440425657,
                -0.7063845325897888,
                -0.9026558683015347
            ],
            [
                0.21702809606349135,
                0.32825169412867977,
                0.8967317559419762,
                -0.9040992171812172
            ],
            [
                0.5212599382917807,
                0.4672665440425406,
                -0.7063845325895134,
                0.9026558683017627
            ]
        ],
        [
            [
                0.21702809606349144,
                -0.32825169412864696,
                0.89673175594228,
                0.9040992171809299
            ],
            [
                0.5212599382917821,
                -0.4672665440425657,
                -0.7063845325897872,
                -0.9026558683015358
            ],
            [
                0.21702809606349135,
                0.3282516941286793,
                0.8967317559419781,
                -0.9040992171812157
            ],
            [
                0.5212599382917807,
                0.4672665440425409,
                -0.7063845325895151,
                0.9026558683017611
            ]
        ]
    ],
    "iterations": 140,
    "final_energy": -1.187082,
    "iter_energies": [
        -0.9925146318019852,
        -1.0198354590845706,
        -1.0421853746521783,
        -1.0595452818227686,
        -1.1082998584326784,
        -1.1144548711412918,
        -1.1251132821938277,
        -1.1423282975385822,
        -1.1673840142011642,
        -1.1755313559223324,
        -1.1812291118474245,
        -1.1851049657662087,
        -1.1861175331961056,
        -1.1863537746875128,
        -1.1864650699726549,
        -1.186529151881556,
        -1.1865563951063114,
        -1.1865775361490578,
        -1.1866103165905173,
        -1.186653228325818,
        -1.186701420646736,
        -1.1867811691061532,
        -1.1868721805448894,
        -1.1869102344190008,
        -1.1869512474164594,
        -1.1869675385898404,
        -1.1869787748303604,
        -1.1869969387082917,
        -1.1870189947252285,
        -1.187036257203635,
        -1.1870475277870816,
        -1.1870503923024414,
        -1.1870548037703301,
        -1.1870604826652682,
        -1.1870635351575634,
        -1.187065476776973,
        -1.1870663607857173,
        -1.1870677092475865,
        -1.1870691355723058,
        -1.1870711368532358,
        -1.1870725849662915,
        -1.1870742383617434,
        -1.1870763959725537,
        -1.1870778960179447,
        -1.187078735308678,
        -1.1870795972776085,
        -1.1870806148692858,
        -1.1870809997574971,
        -1.187081016693458,
        -1.1870810395411084,
        -1.1870810770481197,
        -1.1870811420489034,
        -1.1870812526677916,
        -1.1870814270569812,
        -1.1870816384805951,
        -1.187081791015708,
        -1.1870818621515595,
        -1.1870819302585736,
        -1.187081965408582,
        -1.1870820018322603,
        -1.1870820341958228,
        -1.187082074337992,
        -1.187082105474319,
        -1.1870821283600335,
        -1.1870821557164943,
        -1.1870821773447477,
        -1.1870821887639162,
        -1.187082204808254,
        -1.1870822188910086,
        -1.187082225196282,
        -1.187082233927161,
        -1.187082244285005,
        -1.1870822484054724,
        -1.1870822539048713,
        -1.1870822608243814,
        -1.1870822640783674,
        -1.187082268982331,
        -1.1870822741874443,
        -1.187082278175528,
        -1.1870822797112837,
        -1.1870822821657352,
        -1.1870822855536343,
        -1.187082286579925,
        -1.1870822881362244,
        -1.187082290529862,
        -1.187082292376132,
        -1.1870822944702595,
        -1.1870822954293483,
        -1.187082295977941,
        -1.1870822968444186,
        -1.1870822980322437,
        -1.187082299067675,
        -1.1870822993816175,
        -1.1870822999233035,
        -1.1870823007925113,
        -1.187082301622014,
        -1.1870823023574184,
        -1.1870823028822284,
        -1.1870823031342925,
        -1.1870823035339486,
        -1.1870823039798262,
        -1.1870823043020178,
        -1.1870823046136483,
        -1.1870823051270873,
        -1.187082305740485,
        -1.1870823059555826,
        -1.1870823063936822,
        -1.1870823066012879,
        -1.1870823066826834,
        -1.18708230677579,
        -1.1870823068786016,
        -1.187082307051591,
        -1.1870823073309242,
        -1.1870823077644062,
        -1.1870823081489288,
        -1.1870823084350421,
        -1.187082308625888,
        -1.1870823087449793,
        -1.1870823088430587,
        -1.1870823089594678,
        -1.1870823090298677,
        -1.1870823091498153,
        -1.1870823093493732,
        -1.1870823095885978,
        -1.1870823098666745,
        -1.1870823099807137,
        -1.1870823100524492,
        -1.1870823101691101,
        -1.1870823103444679,
        -1.187082310414197,
        -1.1870823105285018,
        -1.187082310703551,
        -1.187082310772354,
        -1.1870823108820916,
        -1.1870823110461195,
        -1.1870823111054107,
        -1.1870823111926305,
        -1.187082311328725,
        -1.187082311449633,
        -1.187082311610586
    ],
    "function_evaluations": 168,
    "gradient_evaluations": 168
}