{
    "dist": 1.775,
    "thetas": [
        2.285571396673803,
        -1.3514756789437503,
        -2.681309192325017,
        1.6539681345510768,
        -0.297074922600983,
        0.265759097311558,
        1.4239946207429375,
        2.1922354457653626,
        1.6851501599552883,
        1.4648852168254765,
        -1.621147105353423,
        1.3842403401038794,
        -2.7747972234408573,
        -0.5675668759471639,
        0.6953744050146056,
        -1.5336320738538296,
        -1.3466629957570095,
        1.1590199036646274,
        2.142061872320946,
        1.9424682268417985,
        -3.1411936979972466,
        2.661620723129924,
        1.9287190028927457,
        2.865210417567324,
        -0.09595058622705643,
        1.0214825905762295,
        1.4690505556903348,
        -0.21292378582540206,
        1.9191876336743157,
        -0.38963584749314606,
        -2.330811864735062,
        0.8931583869241067,
        -0.13418557120045138,
        0.9935021116792697,
        -2.6178707404175032,
        1.0287028169829453,
        -0.056925124332792176,
        1.6041885760146908,
        -0.4531873031628644,
        -1.0693315257619167
    ],
    "oo": false,
    "mo": [
        [
            [
                -8.395378952287781e-05,
                0.018969978123606224,
                1.794258726382581e-17,
                -3.9284524307086297e-16,
                -0.20247202399650277,
                -0.2889555239890825,
                -1.2934693560973498,
                7.88424982229647e-17,
                1.1743727573231566e-15,
                0.12677498702084894,
                0.08246771825864078
            ],
            [
                0.0006115553346485364,
                0.015541697098335904,
                5.9751153774094e-18,
                -7.455477594342463e-16,
                -0.3461469477487862,
                -0.6988560189469873,
                1.20489517481016,
                -3.2692416342483477e-16,
                -7.895839385144898e-16,
                0.08325158860665388,
                -0.33599573803575294
            ],
            [
                0.9955903147066578,
                -0.23943794237517568,
                1.0650584402791752e-17,
                -3.120180998913252e-17,
                -0.019128012798418085,
                -0.023724688548596395,
                0.018774687411012233,
                1.2022923705907749e-16,
                -1.3786404091293764e-17,
                0.031142196500069552,
                0.11539421037323
            ],
            [
                0.020408854723264064,
                0.5243804830602392,
                -8.86553078101851e-17,
                4.6098933051177405e-17,
                0.0554632953793485,
                0.043886322506117514,
                -0.05300004870378258,
                -1.4545511594948333e-15,
                -5.561072073150755e-16,
                -0.3577460808380809,
                -1.4604267839966265
            ],
            [
                -0.004248063358855116,
                0.562297833828605,
                7.740484573727692e-17,
                4.197661168912752e-16,
                0.06078428645615974,
                0.13454390517077378,
                -0.14116535045450196,
                1.4755115479718257e-15,
                6.471437401649884e-16,
                0.33033282521280327,
                1.4859011690652624
            ],
            [
                -2.914465564376827e-17,
                -1.3855823582552723e-16,
                0.16842697926908498,
                0.646694355750373,
                -2.3891311240702565e-15,
                6.558463253057797e-16,
                -3.8442259845365924e-16,
                0.45704305333235234,
                -0.8228036944089605,
                1.3365291030667686e-15,
                -5.128246729001827e-16
            ],
            [
                1.471505215639341e-17,
                3.617715957099337e-17,
                0.6466943557503723,
                -0.16842697926908537,
                6.209975682617952e-16,
                -1.4270063034180075e-16,
                2.312262798928066e-16,
                0.8228036944089611,
                0.45704305333235257,
                -8.233496341019116e-16,
                -7.485138762843578e-16
            ],
            [
                -0.0005390313169640808,
                -0.003940231777754973,
                3.426650068928117e-17,
                2.4611053737129635e-15,
                0.49892529685017933,
                -0.37869881405360034,
                -0.06528289243281216,
                1.8322794721684828e-16,
                -1.412880869127776e-15,
                -0.9415952437603473,
                0.2627251535925031
            ],
            [
                6.300321530688226e-17,
                -4.647326315566617e-17,
                0.12137304259934464,
                0.4660254665248449,
                -1.907977544386568e-15,
                5.993790991310564e-16,
                4.930480910393833e-16,
                -0.5094175321847334,
                0.9170922179480024,
                -1.3958916931714961e-15,
                4.3894496310434376e-16
            ],
            [
                -2.6936367039193784e-17,
                1.0971291029705883e-17,
                0.4660254665248451,
                -0.12137304259934487,
                4.79634560007821e-16,
                -1.2612063273430224e-16,
                -2.615801062122364e-16,
                -0.9170922179480023,
                -0.5094175321847333,
                8.552167011018689e-16,
                8.952289038756576e-16
            ],
            [
                0.00036816917372621734,
                -0.012212213026372069,
                1.7838800159373724e-17,
                1.708001749711147e-15,
                0.4031706524712812,
                -0.38236800336488863,
                0.19351485421915554,
                -3.044138379446208e-16,
                1.5582462341975107e-15,
                1.030052102881213,
                -0.3367039453869891
            ]
        ],
        [
            [
                -8.395400100517286e-05,
                0.018969867536916776,
                2.365556842794567e-17,
                1.7171498024300552e-16,
                -0.2024700513354685,
                -0.2889560414409828,
                1.2934695288788904,
                9.413169093270267e-16,
                -4.0553772815468276e-16,
                0.12677507456904247,
                0.08246792921657568
            ],
            [
                0.0006115558737977316,
                0.015541548360537893,
                1.1670912690097261e-17,
                5.271006144126292e-16,
                -0.3461436510526245,
                -0.6988583293206617,
                -1.204894756625563,
                -7.600988774004326e-16,
                3.185229452739673e-16,
                0.08325202692417036,
                -0.3359957267372421
            ],
            [
                0.9955903111476224,
                -0.23943799945266964,
                2.109985351343717e-17,
                5.55830248103575e-17,
                -0.019127917209534027,
                -0.02372470768131505,
                -0.01877467748526139,
                -6.892640104160537e-17,
                -1.3230134556648064e-17,
                0.031142039122831554,
                0.11539417864493173
            ],
            [
                0.02040887096094197,
                0.5243809784652476,
                -2.6188020020616307e-16,
                -1.4363967614998243e-17,
                0.055463033394509885,
                0.04388654867447552,
                0.053000105780416557,
                6.058650398900851e-16,
                9.378051814443694e-18,
                -0.3577440537896854,
                -1.460427103515554
            ],
            [
