{
    "dist": 2.7,
    "thetas": [
        1.704757879308132,
        -3.011204310279467,
        0.8397366260192594,
        1.563280899135842,
        -0.009380718364163876,
        -1.7291536732871136,
        -1.8971269718342263,
        1.6369627429575306,
        -2.0790379300152217,
        -2.586537231132677
    ],
    "oo": false,
    "mo": [
        [
            [
                0.21695876539713976,
                -0.2375202672266845,
                0.8961613049630641,
                -0.934175513103728
            ],
            [
                0.5172103259022842,
                -0.5593031329050681,
                -0.6999852681368985,
                0.8636366644505511
            ],
            [
                0.21695876539709824,
                0.23752026722670538,
                0.8961613049629803,
                0.9341755131038123
            ],
            [
                0.5172103259022103,
                0.5593031329051508,
                -0.6999852681368125,
                -0.8636366644506119
            ]
        ],
        [
            [
                0.21695877703951322,
                0.23752027513244373,
                0.896161302144385,
                0.9341755110937187
            ],
            [
                0.5172103168084022,
                0.5593031255963682,
                -0.6999852748561215,
                -0.8636366691838747
            ],
            [
                0.21695877703955396,
                -0.2375202751324219,
                0.8961613021444517,
                -0.9341755110936509
            ],
            [
                0.5172103168084768,
                -0.5593031255962867,
                -0.699985274856191,
                0.8636366691838265
            ]
        ]
    ],
    "iterations": 33,
    "final_energy": -1.187196,
    "iter_energies": [
        -1.0299441349318803,
        -1.0339701586038235,
        -1.0344567704871337,
        -1.0456685188679908,
        -1.0480682690976577,
        -1.0587780301676926,
        -1.0672641986262192,
        -1.0830780534002415,
        -1.108560510687177,
        -1.1383905574603035,
        -1.16951780037592,
        -1.1841671791608515,
        -1.1856159803052972,
        -1.186527044451453,
        -1.1866473063298433,
        -1.1866833075922412,
        -1.1866902779928676,
        -1.1866979076074498,
        -1.1867552214465613,
        -1.186824332424598,
        -1.1869093746001398,
        -1.1870352897841754,
        -1.1871117828543214,
        -1.1871362607354994,
        -1.1871672297980747,
        -1.1871859074115931,
        -1.1871917374814076,
        -1.1871943977670674,
        -1.1871956220340474,
        -1.1871957610883435,
        -1.1871957691303443,
        -1.187195769498323,
        -1.187195769569429
    ],
    "function_evaluations": 46,
    "gradient_evaluations": 46
}