{
    "dist": 1.9,
    "thetas": [
        2.3463261368903874,
        2.9439278084526643,
        2.319717710563025,
        0.1938720278250048,
        -1.6793174426784083,
        -3.0699718540344296,
        -0.4368772992954577,
        -0.6135444998792989,
        0.1424691618875915,
        -0.1357683511288812,
        0.34781498297773794,
        0.2726023879603252,
        1.639255247336484,
        1.3343888034911187,
        0.7519847877695871,
        -0.4643791018236456,
        -1.3252806848740173,
        2.9773202892406827,
        -1.0444284749192585,
        -1.766825043051343,
        -2.7281063583560097,
        3.033965123374311,
        -2.3382515167002618,
        -1.1175851867391877,
        -2.695845613805822,
        -1.7293214755701178,
        -0.6683115396232484,
        2.4890524741785924,
        -0.9709933288902195,
        3.045770542014389,
        -2.961063865698451,
        -0.931892285898047,
        -0.7479573583046881,
        1.6597670561412299,
        2.7570863008471456,
        -1.1329224215729323,
        -0.4242662269722661,
        -1.444216899225165,
        1.891589921605929,
        0.8685800355148432
    ],
    "oo": false,
    "mo": [
        [
            [
                -0.0001343105150690936,
                0.0151495031009908,
                1.7152885028159584e-16,
                -1.2716907170792277e-17,
                -0.19670791459323655,
                0.29638305434169204,
                1.2941670970050156,
                -1.9159428909698352e-17,
                -2.3438416876954686e-17,
                0.03597815934167769,
                0.14613639608643073
            ],
            [
                0.0005631595275571787,
                0.015139645365075652,
                3.4892152394608837e-16,
                1.1837987775658402e-16,
                -0.36316428286566904,
                0.6680835844077686,
                -1.1780880326288041,
                -1.4747629058954192e-16,
                -5.615361966428286e-16,
                0.14501117615055892,
                -0.3420188977566119
            ],
            [
                0.9955903868048331,
                -0.23967435522438288,
                -1.1958191169894682e-16,
                -1.0787808129949628e-17,
                -0.01628424816681335,
                0.019918380660271587,
                -0.021110768124843915,
                3.96713704169949e-17,
                1.730081103843627e-16,
                0.027270200206468833,
                0.11659772260820823
            ],
            [
                0.020384689962401812,
                0.52545827761191,
                -3.718093821377978e-17,
                1.8606793889784243e-16,
                0.04858119177058399,
                -0.03836552561390236,
                0.08585483091591924,
                1.2176460473722675e-16,
                -2.439385133738291e-16,
                -0.30843609655081633,
                -1.4652412694427714
            ],
            [
                -0.004196929304173207,
                0.56247437871717,
                -1.2329204026425088e-16,
                -2.999588377168236e-16,
                0.04829481664195723,
                -0.10373559947539517,
                0.0797742174125009,
                -8.535075207602754e-17,
                3.4020595727710267e-16,
                0.27876497794404737,
                1.479171101456193
            ],
            [
                2.389135908151284e-16,
                7.702706491517004e-17,
                0.2881319342761896,
                0.6032413184287996,
                7.315059112512709e-16,
                2.3408953193275853e-16,
                -5.1581141262385045e-18,
                -0.17261852528622398,
                -0.9250720264693159,
                -2.530122580221994e-15,
                6.330542519150635e-16
            ],
            [
                1.3521999030345439e-16,
                2.370883315348865e-17,
                0.6032413184287997,
                -0.2881319342761902,
                8.989457595470133e-16,
                2.2469245757792305e-16,
                1.9581819303543014e-18,
                -0.9250720264693157,
                0.17261852528622385,
                -2.7219282312672886e-16,
                -3.885087283438519e-17
            ],
            [
                -0.0004644813247401017,
                -0.0021503159037503023,
                -1.158961161382147e-15,
                -4.528726999840158e-16,
                0.4983995679529235,
                0.37764723398841815,
                0.007927345555800231,
                7.446508342096124e-16,
                2.544545443434746e-15,
                -0.9521213553372689,
                0.2260589548334414
            ],
            [
                -1.3841216154510896e-16,
                3.242646558234617e-17,
                0.20743515045616687,
                0.43429220701967525,
                5.570433874837482e-16,
                2.0019240210160753e-16,
                2.6490742661501246e-17,
                0.19246019955417024,
                1.0314046335470226,
                2.679352421529035e-15,
                -6.419907012275349e-16
            ],
            [
                5.574889865501138e-17,
                1.7987786037722097e-18,
                0.4342922070196747,
                -0.20743515045616656,
                6.990616807465009e-16,
                2.0852665574031482e-16,
                -5.568596089014522e-18,
                1.0314046335470233,
                -0.19246019955417043,
                3.143987918183465e-16,
                5.669797500150301e-17
            ],
            [
                0.00030564692804953226,
                -0.009581074410583389,
                -7.297131373779089e-16,
                -2.655103521509117e-17,
                0.40613996071917924,
                0.3676639025391799,
                -0.14734882748416261,
                -8.643157289714938e-16,
                -2.7969445856861027e-15,
                1.0391939448340546,
                -0.2883467811601659
            ]
        ],
        [
            [
                -0.0001343105994440811,
                0.015149511119222952,
                -2.1103124784419125e-16,
                -3.3860546737657237e-17,
                -0.1967074070306343,
                0.2963831690279228,
                1.2941671448146097,
                6.33958962866749e-17,
                -6.447651666563913e-17,
                0.03597837133216799,
                0.14613637027664897
            ],
            [
                0.0005631597036995636,
                0.015139676402665258,
                -2.302551560481207e-16,
                -8.287471600456991e-17,
                -0.363163500388728,
                0.6680841940971609,
                -1.1780879292562925,
                -2.1696167975092424e-16,
                2.3081247498818843e-16,
                0.14501079346523232,
                -0.34201905461691967
            ],
            [
                0.995590385889207,
                -0.23967436684843815,
                5.072339763282325e-18,
                2.510031285934366e-17,
                -0.016284144247435392,
                0.019918466070674625,
                -0.021110765287234212,
                5.299691926214734e-17,
                -4.5823049950562356e-17,
                0.027270278508642803,
                0.11659768865546864
            ],
            [
                0.020384694191820478,
                0.5254583808858587,
                1.85557097731562e-16,
                3.1454257535297855e-17,
                0.048581180704145924,
                -0.038365601765826374,
                0.0858548459935791,
                -6.622845600284913e-16,
                3.7957354218747956e-16,
                -0.30843753006840047,
                -1.465240928078849
            ],
