{
    "dist": 1.9,
    "thetas": [
        1.704757879308132,
        -3.011204310279467,
        0.8397366260192594,
        1.563280899135842,
        -0.009380718364163876,
        -1.7291536732871136,
        -1.8971269718342263,
        1.6369627429575306,
        -2.0790379300152217,
        -2.586537231132677,
        1.1646500873100205,
        2.8487544111850127,
        -3.1167849646094092,
        0.07660625016677525,
        1.9642554329689128,
        0.70702212977712,
        1.3933297522764283,
        -1.3076812305427234,
        2.6249522282931705,
        1.3482194095209188,
        0.2673141479915979,
        -2.2483118993788564,
        -0.7958234754631421,
        1.0941137716709264,
        -0.3654729438307087,
        -0.4146023075677032,
        0.7399517487893483,
        0.08255001257991035,
        0.94497336375301,
        0.6348464674842362,
        1.917773905749895,
        0.1360130698619595,
        2.567616643692406,
        -1.1357731497354906,
        -2.5732197993538017,
        -1.2522384758651308,
        -2.425407785880496,
        2.0651656802006935,
        -2.846934388642458,
        0.7934855547557511
    ],
    "oo": false,
    "mo": [
        [
            [
                -0.00013431051506939247,
                0.015149503100990225,
                1.4396757085104744e-17,
                -9.039884370299033e-17,
                -0.19670791459323203,
                0.29638305434169326,
                1.2941670970050159,
                1.3113432704120358e-16,
                -2.013582722515765e-17,
                0.03597815934168012,
                0.14613639608643172
            ],
            [
                0.0005631595275577779,
                0.015139645365075552,
                -2.2842512468746563e-17,
                -7.756116722411319e-17,
                -0.36316428286566316,
                0.6680835844077728,
                -1.1780880326288028,
                -1.3017537248733237e-16,
                6.285460210802474e-17,
                0.14501117615055611,
                -0.34201889775661354
            ],
            [
                0.995590386804833,
                -0.23967435522438282,
                5.330353505363772e-18,
                2.334085792697036e-16,
                -0.016284248166812246,
                0.019918380660272315,
                -0.021110768124844005,
                -9.966132981083199e-19,
                -9.759847849415401e-18,
                0.02727020020646839,
                0.11659772260820812
            ],
            [
                0.020384689962401666,
                0.5254582776119094,
                -2.9833091010994954e-17,
                -3.090141515920326e-17,
                0.04858119177058037,
                -0.0383655256139055,
                0.08585483091592086,
                -8.819823190071536e-16,
                1.7400340845390776e-16,
                -0.30843609655081744,
                -1.4652412694427703
            ],
            [
                -0.004196929304173662,
                0.56247437871717,
                -7.655722892288355e-17,
                1.1319002591243749e-16,
                0.04829481664195504,
                -0.1037355994753951,
                0.07977421741249913,
                8.92274972906747e-16,
                -1.8989505019153715e-16,
                0.27876497794405025,
                1.479171101456192
            ],
            [
                3.9438491645132157e-17,
                6.637249524441583e-17,
                0.5761348770259118,
                -0.33909984264784476,
                2.3680083540027726e-16,
                9.010357254765773e-17,
                2.578719558048215e-17,
                -0.935154689420913,
                0.10507671617494688,
                6.093761632462718e-16,
                4.896038659730746e-16
            ],
            [
                -1.212491775463298e-16,
                -1.439966612508169e-17,
                0.3390998426478449,
                0.5761348770259116,
                -3.036270448953266e-16,
                -6.686102833548826e-17,
                -3.6481499422734303e-19,
                -0.10507671617494663,
                -0.935154689420914,
                1.8662168871770394e-16,
                -1.0977678540499433e-16
            ],
            [
                -0.00046448132473974604,
                -0.0021503159037467297,
                -9.740778073066622e-17,
                4.2237091956298277e-16,
                0.4983995679529276,
                0.3776472339884125,
                0.007927345555801442,
                -5.126339390238787e-16,
                -9.025034320582992e-17,
                -0.9521213553372686,
                0.22605895483344235
            ],
            [
                1.0493775540396466e-16,
                4.7280932834226375e-17,
                0.414777435896284,
                -0.24412853457573405,
                2.5206785794607615e-16,
                1.1844462712450124e-16,
                -3.651945738508494e-17,
                1.0426462504041034,
                -0.11715478237341394,
                -6.057844778940293e-16,
                -5.307339411312712e-16
            ],
            [
                -8.181274620763057e-17,
                4.413178586214817e-18,
                0.24412853457573408,
                0.4147774358962843,
                -2.344996247561665e-16,
                -6.145191797089963e-17,
                1.1036432774738707e-18,
                0.1171547823734139,
                1.0426462504041043,
                -1.6973824478851856e-16,
                1.1011096385724966e-16
            ],
            [
                0.00030564692805016473,
                -0.00958107441058255,
                -1.235411856478428e-16,
                3.5535624220957707e-16,
                0.40613996071918274,
                0.3676639025391755,
                -0.14734882748416414,
                4.576895333012369e-16,
                1.2303936116675722e-16,
                1.0391939448340537,
                -0.2883467811601685
            ]
        ],
        [
            [
                -0.00013431059944396173,
                0.015149511119223727,
                1.4085348187190486e-16,
                1.9823256161720367e-17,
                -0.19670740703063955,
                0.29638316902792095,
                1.2941671448146097,
                -3.9145466944702666e-17,
                1.695077082785975e-17,
                0.03597837133216541,
                0.1461363702766504
            ],
            [
                0.0005631597036993009,
                0.015139676402663636,
                2.9185700481672904e-16,
                3.1419105560740495e-17,
                -0.3631635003887416,
                0.6680841940971523,
                -1.1780879292562938,
                2.275806831109049e-16,
                -1.0700064988400428e-16,
                0.1450107934652386,
                -0.34201905461691795
            ],
            [
                0.9955903858892087,
                -0.23967436684843807,
                2.78012490340234e-17,
                -1.3785242581725899e-17,
                -0.01628414424743641,
                0.019918466070673595,
                -0.021110765287233914,
                -4.349663177328912e-17,
                2.1022084506332344e-17,
                0.02727027850864023,
                0.11659768865546864
            ],
            [
                0.020384694191819992,
                0.52545838088586,
                1.6617758870089978e-16,
                -2.878995952782708e-17,
                0.048581180704148054,
                -0.03836560176582518,
                0.08585484599357968,
                5.273333147555435e-16,
                -1.5986534881481609e-16,
                -0.30843753006837005,
                -1.4652409280788548
            ],
