{
    "dist": 1.175,
    "thetas": [
        0.08760861272552134,
        1.7163466416595838,
        2.32746579231868,
        -3.091032184819611,
        -1.1954644373498238,
        2.8752090916942024,
        0.08241473380009046,
        -1.141752631729318,
        0.24630047087519147,
        -1.751406850186827,
        1.9256791650342215,
        -0.9911434186133583,
        0.24434584507180768,
        -3.1046865705178597,
        1.0879491068056106,
        -1.8219712953171123,
        2.717839512084492,
        -0.7901435423585768,
        1.5859948625045268,
        1.6533511101416858,
        2.3279167336815005,
        -2.4497437162116813,
        -1.256059131577146,
        -0.15767172267494178,
        1.0865934529393346,
        -1.5230916638223246,
        1.2638710166126836,
        0.9864604662866885,
        -1.9980041845417171,
        -1.1180111890597026,
        2.4349696553066904,
        -2.6178944295162165,
        1.5492080569438746,
        -2.749835741914887,
        1.4544388133711452,
        1.523743782519647,
        -0.5785820079441057,
        3.08745043887678,
        -0.3007302212031986,
        -1.9485505812597712
    ],
    "oo": false,
    "mo": [
        [
            [
                0.0003358218454019497,
                0.06743886785512938,
                -0.25326788906297565,
                -3.509320158221036e-16,
                -3.4544266851672592e-18,
                -0.19500868154730056,
                1.2515291955817425,
                -5.923826612012904e-16,
                -2.4031455731166086e-16,
                0.3315711460204147,
                -0.42423821210651885
            ],
            [
                0.001078547246106134,
                0.005588855016403243,
                -0.20057516512347642,
                -2.7054010312337365e-16,
                -2.0936295609674868e-18,
                -1.0591274091917096,
                -1.127951182727017,
                6.806164870126207e-16,
                2.0115143661584994e-17,
                -0.10892462547239805,
                -0.362005333776892
            ],
            [
                0.9955643690547157,
                -0.23562812167816372,
                -0.04302660917485248,
                -1.8799582590896837e-16,
                8.592761808648538e-18,
                -0.05110885750355718,
                0.011637454252485625,
                -1.7462819873353876e-16,
                -1.1496900739271576e-16,
                0.07078833757538396,
                0.08883590265996939
            ],
            [
                0.02084185882077535,
                0.5094089705921278,
                0.10643465188306414,
                2.5958562041682113e-16,
                -3.107221086623559e-17,
                0.07371284463812869,
                -0.1008435666153755,
                1.1668072833620069e-15,
                1.3448356581492208e-16,
                -0.7930318732950674,
                -1.3434359327897691
            ],
            [
                -0.004969472105459777,
                0.5576493116385028,
                0.15542365103053696,
                2.0403730053939124e-16,
                -7.018841470680147e-18,
                0.4629317775939165,
                0.29529884178711296,
                -1.2755692523496156e-15,
                -1.043003366383656e-16,
                0.7490952422563649,
                1.5556796190495759
            ],
            [
                -6.72362881067586e-17,
                -6.970646231615805e-17,
                -1.0672382098576365e-15,
                0.6617119069420213,
                0.045262432251282556,
                2.8651883804710124e-17,
                -7.269295089376948e-18,
                0.3629084875132282,
                -0.8722738121520119,
                -5.714155472577429e-17,
                2.3990381867167047e-16
            ],
            [
                -2.2877425270192294e-16,
                3.7282161549889705e-17,
                8.204198411577144e-17,
                -0.04526243225128304,
                0.6617119069420214,
                -7.026017664911234e-18,
                -1.4518623021879712e-16,
                -0.8722738121520117,
                -0.362908487513228,
                -1.0406266190128768e-15,
                -1.8769205183516575e-16
            ],
            [
                -0.0011304413870910678,
                -0.03655299516533505,
                0.5222097739986571,
                7.777295079433845e-16,
                -2.1063679387649706e-17,
                -0.3428296890274671,
                0.31022274158189894,
                5.604688335977419e-16,
                3.643379912491185e-16,
                -0.7852356131995745,
                0.531283557207041
            ],
            [
                1.1157470289029463e-16,
                -2.3534667439493045e-17,
                -7.614082965762121e-16,
                0.4860018500904468,
                0.0332435091207217,
                2.599831398798849e-18,
                -1.9319217953118392e-17,
                -0.40199317601382456,
                0.9662163662895656,
                -4.511646437788854e-17,
                -1.904624618566752e-16
            ],
            [
                2.883432897630591e-16,
                1.0149532816473628e-17,
                4.923085746267459e-17,
                -0.033243509120721354,
                0.48600185009044605,
                -1.807385464011479e-18,
                1.7191384254824448e-16,
                0.966216366289566,
                0.40199317601382417,
                1.0126061393128158e-15,
                1.6118839838096185e-16
            ],
            [
                0.0010072267921400367,
                -0.03922073183591642,
                0.3872670383646944,
                7.094194407582877e-16,
                1.296933971132875e-17,
                -0.46580355448609934,
                -0.06576053539827799,
                -6.216816352065251e-16,
                -5.208555358897371e-16,
                0.949053749507226,
                -0.8547070532218052
            ]
        ],
        [
            [
                0.000335821560913906,
                0.06743907549857707,
                -0.25326972636028583,
                1.3658718085842437e-18,
                -6.448734885461492e-16,
                -0.1950083787624687,
                1.2515291269916846,
                2.0882491194459298e-16,
                -6.3413374226858285e-16,
                0.33157006423147045,
                -0.42423826925420194
            ],
            [
                0.0010785475013263897,
                0.005588952719869151,
                -0.200577692379439,
                -9.546239739037489e-20,
                -7.012321307751373e-16,
                -1.0591263751459552,
                -1.1279517081732342,
                -1.9202295305167774e-16,
                4.748874269891649e-16,
                -0.10892472670278001,
                -0.3620052896533768
            ],
            [
                0.9955643695417126,
                -0.23562813187779014,
                -0.04302679355125668,
                3.376338801718531e-18,
                2.81116658448627e-17,
                -0.05110876091132178,
                0.011637444327739003,
                1.3898041062559265e-16,
                -5.823678059976825e-17,
                0.07078837607928562,
                0.08883580703778934
            ],
            [
                0.020841857607132988,
                0.5094092276621615,
                0.1064351904627207,
                5.4240079248189345e-17,
                4.703792967613717e-16,
                0.07371251581450587,
                -0.10084357386836305,
                -5.883520593040078e-16,
                7.401314581501159e-17,
                -0.7930331758285298,
                -1.343435041272044
            ],
