{
    "dist": 1.175,
    "thetas": [
        1.2344523002620233,
        -1.3437261884234306,
        -1.71624293364286,
        0.3224202031429355,
        1.3789642063384902,
        -0.4831363599630145,
        3.0207305475081876,
        1.1613194978062573,
        -0.1198083964293164,
        -0.6778456245845823,
        -0.9853415847636118,
        1.4391617560491943,
        -0.3859619696820067,
        -2.766625370449171,
        -0.6406068368903868,
        1.4953692364717712,
        -1.9949632941225846,
        -2.0391967572450125,
        0.1982431285443691,
        0.1999786276100073,
        0.844466128040513,
        2.1955447144109703,
        1.4102943992825638,
        0.6975812910408847,
        1.3976529930445434,
        -1.112381951244826,
        -0.8684074882794137,
        -1.7073724751617976,
        -1.296132872807237,
        0.8229472569938512,
        -2.5628802482082387,
        -0.4165678177032248,
        -0.4344020696261799,
        -0.039677701659869946,
        -0.46602203025102895,
        -1.1795975254072706,
        -0.46274838598426316,
        2.471737009701255,
        2.7907397004152337,
        0.011540174930514624
    ],
    "oo": false,
    "mo": [
        [
            [
                0.000335821845402085,
                0.06743886785513041,
                -0.25326788906297587,
                6.128755709918551e-16,
                -2.272081267666048e-17,
                -0.19500868154730283,
                -1.2515291955817425,
                5.1322697441445065e-16,
                -6.775556547254673e-17,
                0.33157114602042376,
                -0.42423821210651025
            ],
            [
                0.0010785472461058757,
                0.005588855016402183,
                -0.20057516512347914,
                6.578637392253668e-16,
                -1.1179722081376861e-17,
                -1.0591274091917067,
                1.127951182727018,
                -3.662861977276133e-16,
                5.280032000587919e-17,
                -0.10892462547239397,
                -0.3620053337768956
            ],
            [
                0.9955643690547156,
                -0.23562812167816385,
                -0.04302660917485269,
                -7.086775853802653e-17,
                1.2300024341770649e-18,
                -0.051108857503557384,
                -0.011637454252485503,
                9.531422202657705e-17,
                -1.7551245331469344e-17,
                0.07078833757538208,
                0.08883590265997109
            ],
            [
                0.02084185882077547,
                0.5094089705921265,
                0.10643465188306435,
                -1.8401006142626988e-16,
                4.40131949510554e-17,
                0.07371284463813044,
                0.10084356661537304,
                -1.0887358792095598e-15,
                1.918998702517515e-16,
                -0.7930318732950421,
                -1.3434359327897856
            ],
            [
                -0.004969472105459489,
                0.557649311638504,
                0.15542365103053776,
                -4.963652845607021e-16,
                -2.692427937239861e-17,
                0.4629317775939143,
                -0.29529884178711036,
                1.106506882333935e-15,
                -2.0193469391729373e-16,
                0.7490952422563371,
                1.5556796190495905
            ],
            [
                8.457896627794684e-17,
                3.5575766482558353e-17,
                1.5485390768178446e-15,
                0.656073493810625,
                -0.09735967482109156,
                -2.9922803212596725e-17,
                2.320990598090003e-16,
                -0.936986148826547,
                0.12091786709389957,
                1.3417863598339865e-15,
                4.430641254689999e-18
            ],
            [
                1.1056407798866848e-17,
                1.1238851179564704e-17,
                1.4787596707911415e-16,
                0.0973596748210917,
                0.6560734938106252,
                3.164012292545606e-17,
                -3.7506040727990065e-17,
                0.12091786709389916,
                0.9369861488265466,
                3.928147793862443e-17,
                1.1102257013090599e-17
            ],
            [
                -0.0011304413870910732,
                -0.036552995165334036,
                0.5222097739986556,
                -1.1522925701962352e-15,
                4.708013281325194e-17,
                -0.3428296890274675,
                -0.31022274158189794,
                -9.34696613002268e-16,
                1.3974000386480835e-16,
                -0.7852356131995856,
                0.5312835572070255
            ],
            [
                5.284623826071075e-17,
                -2.866310650287923e-18,
                1.0832553558095932e-15,
                0.4818606533178253,
                -0.07150692256078853,
                1.6232125180106334e-16,
                -1.6983967052219333e-16,
                1.0378981225508441,
                -0.13394053625742894,
                -1.3692527744579133e-15,
                -3.021280941583546e-17
            ],
            [
                4.023704781414567e-18,
                -2.2379378842995e-18,
                1.0319625664743963e-16,
                0.07150692256078828,
                0.48186065331782474,
                -6.99560984896802e-18,
                3.794953960778757e-17,
                -0.13394053625742863,
                -1.0378981225508443,
                -7.872766541648884e-17,
                -3.579128035835171e-17
            ],
            [
                0.0010072267921401154,
                -0.039220731835917226,
                0.3872670383646945,
                -7.786302291586501e-16,
                6.842060993601432e-17,
                -0.4658035544861018,
                0.06576053539827832,
                1.0867449355450846e-15,
                -1.6369409764212286e-16,
                0.9490537495072413,
                -0.8547070532217851
            ]
        ],
        [
            [
                0.00033582156091346637,
                0.06743907549857728,
                -0.2532697263602881,
                7.902901519870594e-17,
                4.374428123930556e-16,
                -0.19500837876246815,
                -1.2515291269916848,
                -8.397347871219185e-16,
                1.0210252378043076e-16,
                0.33157006423146546,
                -0.42423826925420577
            ],
            [
                0.001078547501326694,
                0.0055889527198692245,
                -0.2005776923794425,
                9.372779938591399e-17,
                4.991665228336258e-16,
                -1.0591263751459545,
                1.1279517081732353,
                7.546417646211943e-16,
                -1.6492067603810984e-16,
                -0.10892472670278681,
                -0.3620052896533746
            ],
            [
                0.9955643695417116,
                -0.23562813187779014,
                -0.04302679355125695,
                3.857063509646618e-17,
                1.2659809728947494e-16,
                -0.05110876091132171,
                -0.011637444327738897,
                3.570487461064938e-17,
                -4.3365216382505873e-17,
                0.07078837607928704,
                0.08883580703778848
            ],
            [
                0.02084185760713256,
                0.5094092276621596,
                0.10643519046272158,
                -2.399954126116521e-16,
                -1.741566999468868e-16,
                0.07371251581450536,
                0.10084357386836156,
                7.296776981284389e-16,
                1.198516179404015e-15,
                -0.7930331758285476,
                -1.3434350412720335
            ],
