{
    "dist": 1.175,
    "thetas": [
        1.704757879308132,
        -3.011204310279467,
        0.8397366260192594,
        1.563280899135842,
        -0.009380718364163876,
        -1.7291536732871136,
        -1.8971269718342263,
        1.6369627429575306,
        -2.0790379300152217,
        -2.586537231132677,
        1.1646500873100205,
        2.8487544111850127,
        -3.1167849646094092,
        0.07660625016677525,
        1.9642554329689128,
        0.70702212977712,
        1.3933297522764283,
        -1.3076812305427234,
        2.6249522282931705,
        1.3482194095209188,
        0.2673141479915979,
        -2.2483118993788564,
        -0.7958234754631421,
        1.0941137716709264,
        -0.3654729438307087,
        -0.4146023075677032,
        0.7399517487893483,
        0.08255001257991035,
        0.94497336375301,
        0.6348464674842362,
        1.917773905749895,
        0.1360130698619595,
        2.567616643692406,
        -1.1357731497354906,
        -2.5732197993538017,
        -1.2522384758651308,
        -2.425407785880496,
        2.0651656802006935,
        -2.846934388642458,
        0.7934855547557511
    ],
    "oo": false,
    "mo": [
        [
            [
                0.00033582184540210854,
                0.06743886785512841,
                -0.2532678890629727,
                -1.2334381918740074e-17,
                6.833875885759511e-16,
                -0.19500868154730464,
                1.251529195581743,
                -4.895880045180754e-16,
                -2.6107707810230696e-16,
                0.331571146020429,
                -0.42423821210650775
            ],
            [
                0.001078547246106051,
                0.005588855016404059,
                -0.20057516512347995,
                1.7165679612595348e-17,
                6.234223368711597e-16,
                -1.059127409191706,
                -1.1279511827270203,
                6.098020761403912e-16,
                3.1806538900445197e-16,
                -0.10892462547239112,
                -0.3620053337768977
            ],
            [
                0.9955643690547163,
                -0.23562812167816377,
                -0.043026609174852695,
                -1.79076257356142e-17,
                4.160977308595575e-17,
                -0.05110885750355751,
                0.01163745425248499,
                -1.9625764656248433e-17,
                -2.5803075834260272e-17,
                0.07078833757538146,
                0.08883590265997178
            ],
            [
                0.020841858820775636,
                0.5094089705921269,
                0.10643465188306339,
                2.6641591496755863e-16,
                -4.3639641342140453e-16,
                0.07371284463813131,
                -0.10084356661537142,
                2.6077992105854926e-16,
                3.687892506058115e-16,
                -0.7930318732950312,
                -1.3434359327897918
            ],
            [
                -0.004969472105459917,
                0.5576493116385038,
                0.15542365103053812,
                -2.830571413026194e-16,
                -2.7620066110660245e-16,
                0.4629317775939137,
                0.29529884178711,
                -4.043776400668684e-16,
                -4.486258231632444e-16,
                0.7490952422563242,
                1.555679619049597
            ],
            [
                8.413660314105252e-17,
                -3.302649546914397e-17,
                1.7387043187931454e-15,
                0.001180768141174811,
                0.6632570703345309,
                1.2919584859783486e-16,
                2.875657164071523e-16,
                0.8971232165271346,
                0.29619943964050816,
                4.654062754856861e-17,
                2.4255751384214975e-16
            ],
            [
                -1.1461014697229294e-18,
                1.462318906178063e-17,
                -1.1378525378484378e-17,
                0.6632570703345309,
                -0.0011807681411749055,
                -1.588426074388982e-19,
                2.859159921912918e-17,
                -0.29619943964050754,
                0.8971232165271344,
                2.133122628287129e-16,
                2.258195662066665e-17
            ],
            [
                -0.0011304413870910396,
                -0.036552995165334716,
                0.5222097739986572,
                8.427249919668183e-17,
                -1.133025049784786e-15,
                -0.3428296890274684,
                0.3102227415818972,
                -2.167877385181773e-16,
                8.084890316106081e-17,
                -0.7852356131995895,
                0.5312835572070198
            ],
            [
                5.956404553152494e-17,
                -9.229465401484512e-18,
                1.2005652371726793e-15,
                0.0008672286158352687,
                0.4871367129508146,
                1.624555720403609e-16,
                -3.627817940135967e-16,
                -0.9937420134720201,
                -0.32809966581523614,
                -6.4029288813412e-17,
                -2.7901190359542076e-16
            ],
            [
                -2.1054978563111853e-19,
                6.4603420637011095e-18,
                -7.285414420677378e-18,
                0.4871367129508146,
                -0.0008672286158350733,
                -1.8293155664179124e-17,
                -3.3160547951076834e-17,
                0.32809966581523564,
                -0.9937420134720204,
                -1.8166082167404802e-16,
                -3.3094644234523946e-17
            ],
            [
                0.0010072267921402334,
                -0.03922073183591715,
                0.3872670383646943,
                -8.967171648850725e-17,
                -1.1200940621026538e-15,
                -0.46580355448610006,
                -0.06576053539828099,
                1.0743396792317374e-16,
                -1.247732459485514e-16,
                0.9490537495072496,
                -0.8547070532217796
            ]
        ],
        [
            [
                0.0003358215609135584,
                0.06743907549857708,
                -0.25326972636028805,
                2.5768778354147492e-17,
                5.54918088642174e-16,
                -0.1950083787624676,
                -1.2515291269916857,
                4.369597848665086e-17,
                2.386032907660632e-16,
                0.3315700642314657,
                -0.42423826925420627
            ],
            [
                0.0010785475013268782,
                0.005588952719868858,
                -0.2005776923794439,
                -5.678736419135045e-17,
                6.881742541383987e-16,
                -1.059126375145955,
                1.1279517081732362,
                -2.449048027063396e-17,
                -1.7296019576743844e-16,
                -0.10892472670278504,
                -0.36200528965337364
            ],
            [
                0.9955643695417111,
                -0.2356281318777902,
                -0.04302679355125677,
                1.7332434316052881e-18,
                3.7117783628955357e-17,
                -0.051108760911321625,
                -0.011637444327738845,
                4.0235095854655495e-17,
                -4.400361389883935e-18,
                0.07078837607928692,
                0.08883580703778865
            ],
            [
                0.0208418576071328,
                0.5094092276621598,
                0.10643519046272082,
                -1.1470558799930022e-16,
                -1.1882583219823064e-16,
                0.07371251581450396,
                0.10084357386836248,
                -3.076864970605875e-16,
                -8.464438604228096e-16,
                -0.7930331758285474,
                -1.3434350412720348
            ],
            [
