{
    "dist": 1.925,
    "thetas": [
        0.0041979616052225666,
        -0.20063828010322737,
        0.004916753617765668,
        -2.204278596269102,
        2.0123656205543545,
        -1.12240289192412,
        1.7541019567718958,
        1.9797079610483523,
        -3.0485872024626652,
        -1.7116670481088534,
        1.3303487237216896,
        2.017611826950281,
        1.8430183187708211,
        -0.03005884899993827,
        0.38060203635481615,
        0.0938127945663263,
        -1.3382347235245735,
        -1.9597896027308164,
        -0.9989910534481625,
        -1.4683217553975476,
        -1.8673072594636073,
        -0.5801417420434314,
        0.1334834942899632,
        -3.088481703315672,
        2.910021795475287,
        2.2649266903510474,
        1.8222796736284623,
        1.5842660155966026,
        2.7594641571641203,
        3.0424658479416467,
        -2.6070862416883784,
        0.20512283176273893,
        1.6075647637327464,
        -1.1916817754211517,
        1.2049176098936316,
        -1.9141566965251737,
        2.2255113678159137,
        -0.38900592398375444,
        0.8455951269240969,
        -1.3883354549218891
    ],
    "oo": false,
    "mo": [
        [
            [
                -0.00014176072446125398,
                0.01448676545944565,
                5.2208875591033e-17,
                -2.0503087860383976e-17,
                -0.1956759203673674,
                -0.29762195399050884,
                1.2933424586688593,
                9.080334634785831e-17,
                -7.618263080286452e-17,
                0.019231457558183136,
                0.1557649510066427
            ],
            [
                0.0005530563446974446,
                0.015040873918224324,
                1.3593413280750446e-16,
                2.6758489139794986e-17,
                -0.36619934411010013,
                -0.662956956795967,
                -1.172490261235685,
                -3.82856538681256e-17,
                1.3961667821782085e-16,
                0.1551500675209707,
                -0.34198478051068487
            ],
            [
                0.9955903112281013,
                -0.23971218047446693,
                -1.5074984475295713e-16,
                -2.9997263925906483e-18,
                -0.015772003093477264,
                -0.019228107435349452,
                -0.021398538107327895,
                5.518455099280082e-17,
                -8.504604373845793e-18,
                0.026935667033469054,
                0.116726657620282
            ],
            [
                0.02038082867109095,
                0.5256253577017773,
                -5.581963567016621e-17,
                3.154189712962099e-17,
                0.04733123289337401,
                0.037317404253949936,
                0.09130218078774642,
                -3.459795351240828e-16,
                1.2051490847287128e-16,
                -0.3040436646714492,
                -1.4649675919953309
            ],
            [
                -0.004188098450719516,
                0.5625142387440449,
                2.3658546632559515e-16,
                2.776842552765173e-17,
                0.04601264908506142,
                0.09846619415181757,
                0.06871557476106423,
                2.439592345075366e-16,
                -1.2353840485523024e-16,
                0.27423044119032286,
                1.476734133034969
            ],
            [
                -3.4128343165353997e-17,
                -1.2933348048544783e-16,
                0.6477012363536161,
                0.16564556383489856,
                3.1787862676479633e-16,
                -6.042038536931259e-17,
                3.9926573500724454e-18,
                -0.916598357224963,
                0.21299675203581703,
                4.732186565172106e-16,
                2.0788850973529204e-16
            ],
            [
                9.902474924901669e-18,
                1.3253079563453779e-18,
                -0.16564556383489873,
                0.6477012363536154,
                -1.1033197276781207e-16,
                2.0070764129881593e-17,
                -4.4141871631355856e-17,
                -0.21299675203581678,
                -0.9165983572249631,
                3.8282410708868997e-16,
                -2.6802873105275007e-17
            ],
            [
                -0.000450993377862627,
                -0.0018811994901414756,
                -2.932600335646983e-16,
                -2.8738018783148994e-17,
                0.49838613921042124,
                -0.3773327960983626,
                -0.002722571521307169,
                -4.909018870091912e-16,
                -2.0998243520093494e-16,
                -0.9529336456913347,
                0.2219923956144123
            ],
            [
                -1.4022815906229038e-17,
                -3.514460390388092e-17,
                0.46625342722954183,
                0.11924141488163775,
                2.3865813626619517e-16,
                -6.753463957243431e-17,
                -9.515768757963727e-18,
                1.0219904250834986,
                -0.23748748777329887,
                -5.311357700517085e-16,
                -2.0395496734936391e-16
            ],
            [
                8.460278474395777e-18,
                6.461855377590895e-18,
                -0.11924141488163806,
                0.466253427229542,
                -8.878959384191488e-17,
                3.147821000339231e-17,
                5.4770277135348615e-17,
                0.23748748777329876,
                1.0219904250834981,
                -3.2682564021126087e-16,
                7.992121075001852e-17
            ],
            [
                0.00029449693326393477,
                -0.009144213873477344,
                -1.113996612287213e-16,
                1.2882032896881535e-16,
                0.40679341999174173,
                -0.36497228618055766,
                -0.1375422707196975,
                4.226225282832898e-16,
                2.71361077643686e-16,
                1.0397629047627726,
                -0.2824415796438833
            ]
        ],
        [
            [
                -0.0001417607879727654,
                0.014486790045661568,
                1.7574221957955865e-19,
                -2.323762915639679e-16,
                -0.1956756192739091,
                -0.29762199858592836,
                -1.2933424937913638,
                3.5357083215934274e-16,
                9.982160467500964e-17,
                0.019231755927611466,
                0.15576491328559236
            ],
            [
                0.0005530564617837171,
                0.015040938158520444,
                6.329260310423749e-17,
                -2.6698411670370674e-16,
                -0.3661989546068115,
                -0.6629573001746417,
                1.172490199947916,
                1.8629376960578392e-16,
                -3.552853580878903e-16,
                0.1551495080799416,
                -0.34198499303645874
            ],
            [
                0.995590310789225,
                -0.2397121831243661,
                -1.477268735908344e-17,
                8.471339260872538e-17,
                -0.015771887945690045,
                -0.019228211997989877,
                0.021398537360745574,
                7.199234609876602e-18,
                2.432786731664613e-17,
                0.026935789517370357,
                0.11672662612848371
            ],
            [
                0.020380830701389928,
                0.5256253787788244,
                1.8318420830997608e-16,
                -1.0989369622675759e-16,
                0.04733125585012772,
                0.03731746645062466,
                -0.09130218116043355,
                2.3225162674579576e-16,
                -4.762736562956308e-16,
                -0.3040457575960439,
                -1.4649671476821702
