{
    "dist": 0.725,
    "thetas": [
        0.4431632708051181,
        -1.456066771688601,
        0.6615894899646975,
        -2.6084243085547607,
        2.9760580638363034,
        0.10266254757066129,
        2.444092040737413,
        -2.5296581630843313,
        -2.581821335329188,
        -3.0258194229693456,
        1.786020658848761,
        -3.002143112637201,
        -2.1240149900011014,
        -0.47440610752512624,
        -1.7057614172626203,
        -2.024797595404695,
        2.3160498681702926,
        -1.0424888373011796,
        1.9124335685257599,
        -0.23588497664817476,
        -0.7819304433204426,
        0.9396708066250827,
        -0.36797510554288504,
        -2.0962846163005464,
        -0.04977946971708658,
        1.843325195741718,
        -2.5214797027502143,
        -1.3757499329684877,
        -0.6501429306290829,
        1.9478181180387235,
        -2.1844744068161277,
        -0.7920754121143565,
        2.7973526693447326,
        0.6016014965515235,
        1.4326041207957578,
        -1.8071176754737086,
        -1.069761197176884,
        -2.390088718012377,
        -2.0009789311021535,
        -1.7817630482814513
    ],
    "oo": false,
    "mo": [
        [
            [
                -0.00014375611108202456,
                0.22016016265416305,
                -0.3261219720298096,
                7.79498544850219e-18,
                9.064952194529889e-17,
                0.603365359280604,
                1.1394028939620208e-15,
                -5.599633615041869e-16,
                -0.03141144613420805,
                -1.1002575180510397,
                -1.316099661049164
            ],
            [
                0.0025070540078403355,
                -0.02242325943969766,
                -0.057009518132447166,
                -4.34823440268712e-17,
                2.447195181202064e-16,
                0.0686844185062019,
                4.219308979012298e-16,
                4.7820570689202285e-17,
                -0.1410519721369208,
                1.5274859274508046,
                -1.1525762717362107
            ],
            [
                0.995425816086434,
                -0.22472874690148092,
                -0.07917429497967166,
                2.484231633809839e-18,
                2.7182144404529705e-16,
                0.07267969387127221,
                -1.0906838483603162e-16,
                1.3745703710599207e-16,
                0.1074623938755027,
                -0.002038073891172521,
                -0.02758143395732016
            ],
            [
                0.021991806568891048,
                0.4889817498158564,
                0.16467100817133284,
                2.9975459636757065e-17,
                -1.8230459086239308e-16,
                -0.5844789997061209,
                1.9549172867297423e-15,
                -1.8853396333703696e-15,
                -1.363600064493994,
                0.306979711276544,
                -0.7011665896468112
            ],
            [
                -0.006554872383480221,
                0.44906012181216154,
                0.36014249968452444,
                -6.8731275080633445e-18,
                -1.9636387957409152e-16,
                0.1674610005866644,
                -2.8326024546982917e-15,
                2.1271945098070353e-15,
                1.4300647557460637,
                -0.6267272462129704,
                2.1778026232849057
            ],
            [
                -1.4353177768385388e-16,
                3.379706096052159e-17,
                2.9065527743079603e-16,
                -0.09514355881032202,
                0.6547219052327012,
                1.3761210095703329e-15,
                -0.8452444166574347,
                0.42464610603689296,
                -2.8104413873273847e-15,
                -6.306752501045473e-17,
                2.1972269607400328e-17
            ],
            [
                -2.4132950643878393e-17,
                3.53364061039884e-18,
                5.115631368058106e-17,
                0.6547219052326998,
                0.09514355881032205,
                -8.697538458025844e-17,
                0.4246461060368932,
                0.8452444166574348,
                -6.410468250346186e-16,
                -9.125888197078344e-17,
                6.95467948621839e-17
            ],
            [
                -0.0018955922143594416,
                -0.14659248982134765,
                0.5673427073440624,
                1.1966017342089133e-17,
                -2.4709033551375097e-16,
                0.8879179942773957,
                2.2458681268970913e-15,
                -1.2734708632051854e-15,
                -0.4192279322848728,
                -0.14595298295637696,
                0.23752221613674435
            ],
            [
                -1.0269434991329554e-16,
                1.3749948466118469e-17,
                2.4106087911026933e-16,
                -0.07031856525560122,
                0.48389092854053056,
                -1.504150337328936e-15,
                0.9343596516928163,
                -0.46941710576261425,
                3.069966487085407e-15,
                9.333359077584554e-17,
                3.629686874725033e-17
            ],
            [
                -1.902039056190544e-17,
                1.1967559943360592e-18,
                3.125094366420761e-17,
                0.48389092854053045,
                0.07031856525560143,
                6.747202828489173e-17,
                -0.469417105762614,
                -0.9343596516928159,
                7.3192621768779e-16,
                1.3330995769992378e-16,
                -8.543545899950172e-17
            ],
            [
                0.001442920445173166,
                -0.02559041704665333,
                0.29013167503621184,
                -2.823577692094445e-17,
                -9.768868547445759e-17,
                -0.40450887917849127,
                -1.3950207078434458e-15,
                9.917568329900735e-16,
                0.42114295833303583,
                -0.19475009478132174,
                -1.6449913289020401
            ]
        ],
        [
            [
                -0.00014375611108202456,
                0.22016016265416305,
                -0.3261219720298096,
                7.79498544850219e-18,
                9.064952194529889e-17,
                -0.603365359280604,
                2.9951013781723645e-16,
                -2.320769043179852e-16,
                0.03141144613420312,
                -1.1002575180510012,
                -1.3160996610491942
            ],
            [
                0.0025070540078403355,
                -0.02242325943969766,
                -0.057009518132447166,
                -4.34823440268712e-17,
                2.447195181202064e-16,
                -0.06868441850620309,
                2.0830310617366796e-16,
                6.438240820429734e-17,
                0.14105197213691703,
                1.5274859274508366,
                -1.1525762717361694
            ],
            [
                0.995425816086434,
                -0.22472874690148092,
                -0.07917429497967166,
                2.484231633809839e-18,
                2.7182144404529705e-16,
                -0.07267969387127153,
                1.8206060829054765e-16,
                -9.241685702958906e-17,
                -0.10746239387550326,
                -0.002038073891171767,
                -0.02758143395732004
            ],
            [
                0.021991806568891048,
                0.4889817498158564,
                0.16467100817133284,
                2.9975459636757065e-17,
                -1.8230459086239308e-16,
                0.5844789997061117,
                -1.928589662798587e-15,
                1.0183668050121865e-15,
                1.3636000644939972,
                0.30697971127656404,
                -0.7011665896468049
            ],
