{
    "dist": 0.725,
    "thetas": [
        0.9725849013986938,
        3.0287421515471404,
        -0.6289173301713022,
        2.16237457127599,
        -0.22718521280628412,
        0.2817572965695807,
        0.7507014191504124,
        -1.056600618389329,
        3.0221833115836887,
        -1.5016108035144697,
        2.7646484878048208,
        -2.8589964351740242,
        -0.5016555425818261,
        2.0733586813341685,
        0.5071355655896048,
        -2.4133419417808275,
        -2.4599761845258357,
        2.4611239750855427,
        -0.34992760330396155,
        0.24580324287761357,
        0.5581641695536286,
        0.24721344885994823,
        -2.6389742316536102,
        -0.9006083675731262,
        -1.1873121949029048,
        2.2458890663324613,
        2.055962515189252,
        -0.019834208791557284,
        1.9019236771753105,
        -0.12214653947925536,
        -1.9160646725362525,
        2.1694379634766676,
        -1.2133649235615256,
        -1.4492425834009157,
        2.2046696769441416,
        -0.22458344705123823,
        0.5066684200980132,
        2.926807060814026,
        -1.3461152645169567,
        2.3256045348177192
    ],
    "oo": false,
    "mo": [
        [
            [
                -0.00014375611108255864,
                0.22016016265416521,
                -0.32612197202980736,
                2.9417244333154657e-16,
                -3.804225156202733e-17,
                -0.6033653592807625,
                -2.7685945113882206e-18,
                8.609955835020866e-16,
                -0.031411446130052145,
                -1.100257518342271,
                -1.3160996608057172
            ],
            [
                0.0025070540078402613,
                -0.022423259439707667,
                -0.05700951813238807,
                8.817924487099531e-17,
                -2.968516798999549e-17,
                -0.0686844185077275,
                -7.720193397519868e-16,
                -4.168978695100531e-16,
                -0.14105197214119433,
                1.5274859271956385,
                -1.1525762720737618
            ],
            [
                0.9954258160864347,
                -0.22472874690148023,
                -0.07917429497967168,
                4.3366472656638825e-17,
                3.897075926461448e-18,
                -0.07267969387098938,
                1.2300527592549761e-15,
                -9.232193635198267e-17,
                0.10746239387569793,
                -0.002038073897011674,
                -0.027581433956875713
            ],
            [
                0.021991806568890472,
                0.488981749815856,
                0.16467100817132785,
                1.760127231049668e-17,
                1.7843141587057667e-17,
                0.5844789997019656,
                -1.5070126868024856e-14,
                1.3722558480524167e-15,
                -1.3636000644966504,
                0.3069797111181721,
                -0.7011665897144492
            ],
            [
                -0.006554872383479014,
                0.44906012181216215,
                0.3601424996845054,
                -4.154601288476682e-16,
                1.4307113387198075e-17,
                -0.16746100058157154,
                1.5106934959774974e-14,
                -1.5780639460798288e-15,
                1.4300647557489208,
                -0.6267272457278669,
                2.177802623423028
            ],
            [
                1.0333541645839801e-16,
                -7.11939131728769e-18,
                3.0515059932724944e-16,
                0.6539509152852994,
                -0.10030588403547691,
                7.902482115277622e-16,
                0.21416376990782404,
                0.9213556962008443,
                -1.2940571842841096e-15,
                1.5262966240136708e-16,
                6.815262782918156e-18
            ],
            [
                -6.993905879325124e-18,
                3.746227216177699e-18,
                6.469548425786714e-17,
                0.10030588403547702,
                0.6539509152852993,
                3.06470959747369e-16,
                -0.9213556962008433,
                0.2141637699078246,
                1.2089696974799939e-14,
                3.0908253669082407e-16,
                -3.4048075392362806e-16
            ],
            [
                -0.0018955922143601136,
                -0.1465924898213589,
                0.5673427073440798,
                -1.7192047558721968e-16,
                1.0948835231639991e-17,
                -0.8879179942783644,
                -4.8184579457351404e-15,
                1.358919217447133e-15,
                -0.41922793228197536,
                -0.14595298290539935,
                0.23752221616951452
            ],
            [
                -7.011515709714805e-17,
                -3.006368836026561e-18,
                1.9353294798717323e-16,
                0.4833211063938259,
                -0.07413392919358047,
                -7.297783378809701e-16,
                -0.2367433389830874,
                -1.0184954439471992,
                1.3679302918540898e-15,
                -3.8600479762174745e-16,
                8.678686138210454e-18
            ],
            [
                7.044277582142927e-18,
                -8.379312767610195e-19,
                4.164910056433692e-17,
                0.07413392919358049,
                0.4833211063938256,
                -3.2280821423285736e-16,
                1.0184954439471974,
                -0.236743338983088,
                -1.3373733157564366e-14,
                -2.9250801989926927e-16,
                4.0577946183985334e-16
            ],
            [
                0.0014429204451734253,
                -0.02559041704665982,
                0.2901316750362112,
                -1.3581288064794484e-16,
                -7.480637133976309e-17,
                0.4045088791790659,
                5.384685117575554e-15,
                -9.81726953367163e-16,
                0.4211429583318991,
                -0.19475009514362512,
                -1.6449913288592977
            ]
        ],
        [
            [
                -0.00014375611108255864,
                0.22016016265416521,
                -0.32612197202980736,
                2.9417244333154657e-16,
                -3.804225156202733e-17,
                -0.6033653592807616,
                -2.886697971581248e-16,
                8.701888171944087e-16,
                0.03141144613005149,
                -1.1002575183422802,
                -1.3160996608057118
            ],
            [
                0.0025070540078402613,
                -0.022423259439707667,
                -0.05700951813238807,
                8.817924487099531e-17,
                -2.968516798999549e-17,
                -0.06868441850772553,
                3.174637181363771e-16,
                -4.523318469151747e-16,
                0.14105197214119639,
                1.527485927195635,
                -1.152576272073765
            ],
            [
                0.9954258160864347,
                -0.22472874690148023,
                -0.07917429497967168,
                4.3366472656638825e-17,
                3.897075926461448e-18,
                -0.07267969387098921,
                -2.9881395530505833e-16,
                -3.824129144057587e-17,
                -0.10746239387569777,
                -0.0020380738970116907,
                -0.02758143395687572
            ],
            [
                0.021991806568890472,
                0.488981749815856,
                0.16467100817132785,
                1.760127231049668e-17,
                1.7843141587057667e-17,
                0.584478999701965,
                3.644079776105876e-15,
                7.016283105231195e-16,
                1.3636000644966488,
                0.30697971111816685,
                -0.7011665897144486
            ],
