{
    "dist": 1.45,
    "thetas": [
        -2.8354451983958078,
        -1.325063087034727,
        1.3883725037911319,
        -3.0057737497215755,
        -1.8477417604476294,
        -2.822574873123744,
        -1.2423623306579668,
        1.0298787548813921,
        -1.2056528250732828,
        0.5252194785450901,
        -2.7044654537614434,
        2.30847045561727,
        -2.304417780706233,
        -2.022402397232817,
        -0.02557539272590459,
        2.285192262914668,
        1.6269921026744445,
        2.9561452268403734,
        1.6292459897763445,
        -0.7272784976778075,
        -0.573539651253947,
        1.3405831056173065,
        -1.4409243148323205,
        2.2248939625261066,
        2.5959857833208897,
        1.6383787056745502,
        0.10473151153364979,
        -2.0870494395307757,
        -1.2648536355851678,
        -1.357525884977483,
        -1.0856553998608915,
        -0.2504456690610555,
        0.278774624247891,
        -1.7756227029474454,
        1.8841282659115013,
        1.4243004011860876,
        2.194670844684585,
        -1.460703581689548,
        0.7214649379889844,
        0.9597947146749215
    ],
    "oo": false,
    "mo": [
        [
            [
                0.00013440749282638933,
                0.035683669934028016,
                2.7329011530062077e-16,
                -3.734431955258237e-17,
                -0.22365149420218527,
                0.3841441105919103,
                -5.1827115305934247e-17,
                -1.0378168469831565e-16,
                -0.040722617151319675,
                1.1748742955728486,
                0.4910622121528266
            ],
            [
                0.0007614460661564149,
                0.014436008088479809,
                1.984856676158512e-16,
                -5.438101525650012e-17,
                -0.2832273199152261,
                0.4027846832700293,
                -6.524910831342156e-16,
                3.8422631666729066e-16,
                -0.1715371474430918,
                -1.399171925840242,
                0.3842358264251738
            ],
            [
                0.9955840893230319,
                -0.2382002621045034,
                -1.016795825878088e-16,
                1.9226868561107007e-17,
                -0.02942219995622914,
                0.03775277861500722,
                2.736759523347855e-16,
                -2.0520467395612517e-16,
                0.11752064552711547,
                -0.007527512537718467,
                -0.005321317485492952
            ],
            [
                0.02054560423091449,
                0.518850194203404,
                -1.3029162327002221e-16,
                5.654979862454418e-17,
                0.07908258820450334,
                -0.18066234429788505,
                -4.7420713801933316e-15,
                2.3008324717831273e-15,
                -1.4808921997579563,
                -0.11709461510344925,
                0.2989388790728996
            ],
            [
                -0.004484981068452614,
                0.5616858360952377,
                -6.971152841820746e-17,
                -4.479702940483708e-17,
                0.1028732740542051,
                -0.022523336898591883,
                4.827557426790532e-15,
                -2.342011394292973e-15,
                1.5008043508216673,
                0.4351733436700289,
                -0.47339692531727867
            ],
            [
                4.8972739633611356e-17,
                2.1115332725315996e-17,
                0.6663871672555907,
                -0.0024898370506639834,
                7.629804291420618e-16,
                -3.505770483811526e-17,
                -0.24656134009126485,
                0.9097279586988738,
                2.39542589968651e-15,
                3.923919227256494e-17,
                5.686407235335881e-17
            ],
            [
                -8.997400781193353e-17,
                1.7554586868751923e-17,
                0.002489837050663733,
                0.6663871672555907,
                -8.518234127427905e-17,
                7.226270954799588e-18,
                -0.909727958698873,
                -0.24656134009126512,
                2.834784913310941e-15,
                -3.956224190694962e-17,
                -7.733410474413148e-17
            ],
            [
                -0.0008068057919950979,
                -0.014225443420343412,
                -5.517220673511278e-16,
                7.772243298413422e-17,
                0.5058397276660852,
                0.7608089133977282,
                -5.429868530634473e-16,
                3.296525161028163e-16,
                -0.17507597894033178,
                0.05078927873281288,
                -0.7078553483113283
            ],
            [
                4.38123633573465e-17,
                -7.317027498874134e-18,
                0.48365618024011875,
                -0.0018070952390999543,
                5.588432042023996e-16,
                4.146827572901078e-19,
                0.274177009155071,
                -1.0116204380154663,
                -2.6142903996860437e-15,
                -1.1308010085444607e-16,
                -2.4887662780909413e-17
            ],
            [
                8.109760704282248e-17,
                7.038999447659759e-18,
                0.001807095239100069,
                0.4836561802401187,
                -6.014191974354038e-17,
                -2.5015686958084714e-17,
                1.0116204380154654,
                0.2741770091550713,
                -2.971130000490424e-15,
                3.908082678667054e-17,
                2.076768888984664e-16
            ],
            [
                0.0006219518208207067,
                -0.023708634663035286,
                -6.188072538150193e-16,
                2.2319564505785446e-17,
                0.397370732735138,
                -0.12457909189937963,
                4.37630495429752e-16,
                -2.8910913833597516e-16,
                0.14862407206842088,
                -0.2488013140658014,
                1.191612448626878
            ]
        ],
        [
            [
                0.00013440749282638933,
                0.035683669934028016,
                2.7329011530062077e-16,
                -3.734431955258237e-17,
                -0.22365149420218527,
                -0.38414411059190917,
                -1.3073654511806231e-16,
                1.7855383659690115e-16,
                -0.04072261715131906,
                1.174874295572876,
                0.49106221215276136
            ],
            [
                0.0007614460661564149,
                0.014436008088479809,
                1.984856676158512e-16,
                -5.438101525650012e-17,
                -0.2832273199152261,
                -0.40278468327003025,
                -1.0017762064822213e-15,
                1.6478968067282407e-16,
                -0.17153714744309145,
                -1.399171925840219,
                0.3842358264252509
            ],
            [
                0.9955840893230319,
                -0.2382002621045034,
                -1.016795825878088e-16,
                1.9226868561107007e-17,
                -0.02942219995622914,
                -0.037752778615007136,
                7.77456819460006e-16,
                -3.452590373839192e-16,
                0.1175206455271154,
                -0.007527512537718778,
                -0.005321317485492525
            ],
            [
                0.02054560423091449,
                0.518850194203404,
                -1.3029162327002221e-16,
                5.654979862454418e-17,
                0.07908258820450334,
                0.1806623442978841,
                -8.944028692462489e-15,
                3.274278980995751e-15,
                -1.4808921997579552,
                -0.11709461510343228,
                0.2989388790729059
            ],
            [
