{
    "dist": 1.45,
    "thetas": [
        2.3463261368903874,
        2.9439278084526643,
        2.319717710563025,
        0.1938720278250048,
        -1.6793174426784083,
        -3.0699718540344296,
        -0.4368772992954577,
        -0.6135444998792989,
        0.1424691618875915,
        -0.1357683511288812,
        0.34781498297773794,
        0.2726023879603252,
        1.639255247336484,
        1.3343888034911187,
        0.7519847877695871,
        -0.4643791018236456,
        -1.3252806848740173,
        2.9773202892406827,
        -1.0444284749192585,
        -1.766825043051343,
        -2.7281063583560097,
        3.033965123374311,
        -2.3382515167002618,
        -1.1175851867391877,
        -2.695845613805822,
        -1.7293214755701178,
        -0.6683115396232484,
        2.4890524741785924,
        -0.9709933288902195,
        3.045770542014389,
        -2.961063865698451,
        -0.931892285898047,
        -0.7479573583046881,
        1.6597670561412299,
        2.7570863008471456,
        -1.1329224215729323,
        -0.4242662269722661,
        -1.444216899225165,
        1.891589921605929,
        0.8685800355148432
    ],
    "oo": false,
    "mo": [
        [
            [
                0.00013440749282645948,
                0.035683669934028016,
                3.0968147667229885e-16,
                -6.935278919476398e-17,
                -0.2236514942021866,
                0.3841441105919107,
                3.8645750053299696e-16,
                2.8163755807606274e-17,
                0.04072261715133555,
                1.1748742955703861,
                0.4910622121587182
            ],
            [
                0.0007614460661562122,
                0.014436008088479592,
                3.857058392822684e-16,
                3.3901545585082294e-17,
                -0.2832273199152248,
                0.4027846832700275,
                7.417745734131473e-16,
                5.548145696956863e-17,
                0.17153714744307097,
                -1.3991719258421718,
                0.38423582641815934
            ],
            [
                0.9955840893230314,
                -0.23820026210450315,
                -1.6018321754075662e-17,
                -2.0968888869960184e-17,
                -0.029422199956229276,
                0.03775277861500739,
                -6.787792010467411e-16,
                -4.54386367192816e-17,
                -0.1175206455271157,
                -0.007527512537690221,
                -0.005321317485530985
            ],
            [
                0.020545604230914522,
                0.5188501942034025,
                5.963915807558444e-17,
                2.1480550078991162e-16,
                0.07908258820450306,
                -0.18066234429789066,
                8.075009943044436e-15,
                6.085082775179973e-16,
                1.4808921997579516,
                -0.11709461510496887,
                0.29893887907231886
            ],
            [
                -0.00448498106845263,
                0.5616858360952396,
                -2.73356160098855e-16,
                -1.6538117649233831e-16,
                0.10287327405420542,
                -0.02252333689858535,
                -8.143452207518244e-15,
                -6.221903190137475e-16,
                -1.500804350821657,
                0.43517334367242383,
                -0.47339692531510374
            ],
            [
                4.9190718679348876e-17,
                -1.907626225308192e-18,
                0.40438048931075965,
                0.5296739335065102,
                4.4154596683635605e-16,
                1.4495991214976267e-17,
                0.19782827373698278,
                -0.9215538114381969,
                -8.245311361620736e-16,
                4.55394688951664e-18,
                -2.2392429990280123e-17
            ],
            [
                1.5696631974551208e-16,
                -6.319664615811645e-18,
                0.5296739335065085,
                -0.40438048931075926,
                8.460506373857179e-16,
                -3.262353405533278e-16,
                0.9215538114381977,
                0.19782827373698295,
                -6.059727765672659e-15,
                -7.465049080040208e-17,
                2.297558073799785e-16
            ],
            [
                -0.0008068057919949272,
                -0.014225443420343733,
                -7.06307684920517e-16,
                1.097851085722621e-16,
                0.5058397276660836,
                0.7608089133977288,
                1.8085423381080713e-15,
                2.667331732662286e-16,
                0.17507597894033902,
                0.05078927873635946,
                -0.7078553483110736
            ],
            [
                -2.0866124820993617e-17,
                -2.396394974408786e-18,
                0.29349473164248124,
                0.38443127965317014,
                3.5572481056549914e-16,
                4.3322111723860904e-18,
                -0.21998568145127534,
                1.024770824582864,
                8.712060422180289e-16,
                -8.102524720037414e-18,
                2.848115125761378e-17
            ],
            [
                -1.120197277784089e-16,
                -1.425252522232184e-17,
                0.3844312796531718,
                -0.293494731642482,
                6.183798547847874e-16,
                4.041446902176463e-16,
                -1.0247708245828624,
                -0.21998568145127584,
                6.7231608550824936e-15,
                6.438759688830927e-17,
                -2.5170396266784165e-16
            ],
            [
                0.000621951820820473,
                -0.023708634663035376,
                -6.326937348402905e-16,
                1.6328407192586567e-16,
                0.3973707327351396,
                -0.1245790918993794,
                -1.5867037084102246e-15,
                -2.4867971451706944e-16,
                -0.1486240720684303,
                -0.24880131407177414,
                1.1916124486256316
            ]
        ],
        [
            [
                0.00013440749282645948,
                0.035683669934028016,
                3.0968147667229885e-16,
                -6.935278919476398e-17,
                -0.2236514942021866,
                0.3841441105919102,
                3.9143996076165823e-17,
                3.4783822802461718e-16,
                -0.040722617151332914,
                1.1748742955703708,
                0.4910622121587504
            ],
            [
                0.0007614460661562122,
                0.014436008088479592,
                3.857058392822684e-16,
                3.3901545585082294e-17,
                -0.2832273199152248,
                0.40278468327002703,
                2.5187730508086776e-16,
                6.488256784564304e-16,
                -0.17153714744307286,
                -1.399171925842181,
                0.3842358264181213
            ],
            [
                0.9955840893230314,
                -0.23820026210450315,
                -1.6018321754075662e-17,
                -2.0968888869960184e-17,
                -0.029422199956229276,
                0.03775277861500725,
                -1.880173113448217e-16,
                -4.994654303862965e-16,
                0.11752064552711557,
                -0.007527512537690221,
                -0.00532131748553123
            ],
            [
                0.020545604230914522,
                0.5188501942034025,
                5.963915807558444e-17,
                2.1480550078991162e-16,
                0.07908258820450306,
                -0.18066234429788924,
                2.2531973201637826e-15,
                6.758778732311097e-15,
                -1.4808921997579503,
                -0.11709461510497525,
                0.29893887907231587
            ],
            [
