{
    "dist": 0.8,
    "thetas": [
        0.9725849013986938,
        3.0287421515471404,
        -0.6289173301713022,
        2.16237457127599,
        -0.22718521280628412,
        0.2817572965695807,
        0.7507014191504124,
        -1.056600618389329,
        3.0221833115836887,
        -1.5016108035144697,
        2.7646484878048208,
        -2.8589964351740242,
        -0.5016555425818261,
        2.0733586813341685,
        0.5071355655896048,
        -2.4133419417808275,
        -2.4599761845258357,
        2.4611239750855427,
        -0.34992760330396155,
        0.24580324287761357,
        0.5581641695536286,
        0.24721344885994823,
        -2.6389742316536102,
        -0.9006083675731262,
        -1.1873121949029048,
        2.2458890663324613,
        2.055962515189252,
        -0.019834208791557284,
        1.9019236771753105,
        -0.12214653947925536,
        -1.9160646725362525,
        2.1694379634766676,
        -1.2133649235615256,
        -1.4492425834009157,
        2.2046696769441416,
        -0.22458344705123823,
        0.5066684200980132,
        2.926807060814026,
        -1.3461152645169567,
        2.3256045348177192
    ],
    "oo": false,
    "mo": [
        [
            [
                8.618258576119691e-05,
                0.18096762565062743,
                -0.3133241926206577,
                -5.0339114804751275e-17,
                -1.148238587939974e-16,
                -0.049429547270428094,
                -1.5792517349918493,
                -5.277522469424494e-16,
                -1.131383590601888e-16,
                0.3834197801258697,
                -0.44650667431014157
            ],
            [
                0.002210274830142433,
                -0.021615159715884565,
                -0.07314295499027196,
                -3.776999656119086e-16,
                -4.787974432967505e-17,
                -1.4947565167860444,
                0.5789868344693064,
                4.799552088940422e-16,
                3.119598503447927e-16,
                0.22451713146694235,
                -0.853677509940509
            ],
            [
                0.9954671897156497,
                -0.22709216228495036,
                -0.07219610439845134,
                1.1003724035100785e-17,
                -2.3412043832164408e-17,
                -0.06675393631960441,
                -0.04840357825779495,
                -1.704902715368059e-18,
                6.602257674478598e-18,
                0.05421822233344531,
                0.08643109583836255
            ],
            [
                0.02170895690080249,
                0.4921141927261889,
                0.15288455987524624,
                1.4497021160591992e-16,
                2.2008108762480164e-16,
                0.07890605299403974,
                0.13796840381639738,
                4.62816217902359e-17,
                1.8417999066140244e-17,
                -0.40430385355103254,
                -1.5955560641280264
            ],
            [
                -0.00627795213634416,
                0.4903749482274899,
                0.30906165261012447,
                2.61291688207716e-16,
                -1.7877860581558044e-16,
                0.8603302934534838,
                0.33277319526500426,
                -4.091126044732971e-17,
                -1.5928783059739696e-16,
                0.0666013664848082,
                2.2866922441859447
            ],
            [
                -3.2021523905959043e-17,
                1.1169690091273433e-17,
                -4.61682395434186e-16,
                0.6251276808628992,
                0.2134596968649583,
                3.232190156728293e-17,
                3.170583363691659e-16,
                -0.9448992492882504,
                0.05736948984683326,
                2.306618153227319e-16,
                -9.28378714517532e-17
            ],
            [
                1.9872988675360635e-17,
                1.4983877527326826e-17,
                2.35799318540635e-16,
                -0.21345969686495783,
                0.6251276808628987,
                1.1123718843260886e-16,
                -7.453216103037594e-17,
                0.05736948984683299,
                0.9448992492882521,
                -6.830215159065837e-17,
                3.568022898456771e-18
            ],
            [
                -0.0016983028489991892,
                -0.11942265684291556,
                0.5607814435948073,
                2.1139735743849469e-16,
                1.5690004692264748e-16,
                -0.21778004053902658,
                -0.4222947742947152,
                -3.716882069121041e-16,
                3.2990562397639127e-17,
                -0.863570948702451,
                0.2781243752951006
            ],
            [
                -3.0691955149474774e-17,
                -3.6230976525515975e-18,
                -3.125143309203826e-16,
                0.4638177872157302,
                0.15837789189399115,
                -8.302795614108867e-17,
                -4.146444836914768e-16,
                1.0431938370804343,
                -0.0633374386631648,
                -2.499199294093095e-16,
                1.0171240955787953e-16
            ],
            [
                1.1475520394876555e-17,
                2.544804907573123e-18,
                1.4524161692558632e-16,
                -0.1583778918939912,
                0.46381778721573175,
                -1.1483263969677703e-16,
                7.861329194762109e-17,
                -0.06333743866316449,
                -1.0431938370804348,
                1.1537840143660868e-16,
                7.564307766512627e-18
            ],
            [
                0.0014618744078691384,
                -0.03841550432805635,
                0.3163677995533389,
                3.951611885430096e-16,
                -4.03793922382916e-16,
                -0.4092632008091393,
                -0.5754161556929283,
                1.596141248770889e-16,
                -1.63627128586999e-17,
                1.27196015518999,
                -0.8596018261090432
            ]
        ],
        [
            [
                8.618271310362604e-05,
                0.18096748653441008,
                -0.3133238811605268,
                -1.650065479613801e-17,
                1.6699627396355946e-17,
                -0.04942986334786376,
                -1.5792511809057284,
                -4.726891376076312e-15,
                3.328819197689126e-16,
                0.38342160525565083,
                -0.44650730674958083
            ],
            [
                0.0022102772409267604,
                -0.021615434576894736,
                -0.07314227151323799,
                3.470921285704425e-17,
                -1.5496326473889832e-17,
                -1.494756397618159,
                0.5789875770240706,
                1.7872848878945784e-15,
                -4.7350060106179134e-17,
                0.22451648468121327,
                -0.8536774366766459
            ],
            [
                0.9954671850543606,
                -0.22709226333281543,
                -0.0721960437325782,
                5.477494376871121e-18,
                -3.374819279651414e-17,
                -0.06675389159648173,
                -0.04840353616190075,
                -1.2634034997078358e-16,
                2.5890825870228893e-17,
                0.054218240691567755,
                0.08643098130201846
            ],
            [
                0.021708980299151845,
                0.4921149387877622,
                0.15288468749574674,
                1.674396145392965e-17,
                -7.679656101994495e-17,
                0.07890601697988618,
                0.1379685119334339,
                1.7663857675688776e-16,
                -2.1635073820074681e-16,
                -0.40430408753838815,
                -1.5955557546158665
            ],
            [
