{
    "dist": 0.8,
    "thetas": [
        -0.00192064113892787,
        -1.5334922117210585,
        -1.5198985611886016,
        -2.532615592894908,
        0.4032869687551237,
        -3.0411240589617163,
        -2.182808553520649,
        -0.1241071691169231,
        -2.5140735967996206,
        -0.5217312516932693,
        2.5990447134551884,
        -0.9379569794999609,
        -2.4215121476907453,
        1.3358579153864216,
        -2.5014230735418677,
        -0.5925016137506689,
        1.03975054660485,
        -2.2722550862248503,
        2.076172331284596,
        -2.3675061766595737,
        0.5516106050035505,
        -2.745133174819262,
        -0.018203995556216768,
        2.6916827881223995,
        1.9228484850886236,
        -1.8950637410754403,
        -0.9721121955634815,
        0.21825569210966034,
        3.0070286190191906,
        0.01912918844371969,
        -0.9585156002323929,
        -1.8046154715910256,
        -2.026616131905825,
        -2.4879616580176984,
        -1.9637753010659786,
        -2.8882939001022034,
        -1.6341479896602276,
        0.29055147512465496,
        -1.8360525055672188,
        3.0957504019029525
    ],
    "oo": false,
    "mo": [
        [
            [
                8.618258576139553e-05,
                0.1809676256505807,
                -0.3133241926204883,
                8.801824213568899e-17,
                2.1866795392613138e-17,
                -0.049429547270488886,
                1.5792517349917758,
                -2.1137540691560373e-15,
                4.947530444345615e-16,
                0.38341978012629235,
                -0.44650667431016644
            ],
            [
                0.002210274830142479,
                -0.02161515971593401,
                -0.07314295498997912,
                4.8664677285135934e-17,
                -4.3487455693112063e-17,
                -1.4947565167860444,
                -0.57898683446938,
                1.368988125407304e-15,
                5.025510542618463e-16,
                0.22451713146691485,
                -0.8536775099404897
            ],
            [
                0.9954671897156498,
                -0.22709216228495874,
                -0.07219610439843538,
                4.783669676617269e-17,
                -1.7363579430704356e-17,
                -0.06675393631960647,
                0.048403578257783735,
                -2.2518179912317896e-17,
                8.293206082686831e-17,
                0.05421822233345278,
                0.08643109583835903
            ],
            [
                0.021708956900804235,
                0.49211419272624557,
                0.152884559875197,
                4.190115603092513e-17,
                -3.8746452580091185e-17,
                0.07890605299405547,
                -0.13796840381636138,
                -8.075175249820618e-17,
                -7.138790328427591e-16,
                -0.40430385355094073,
                -1.5955560641280397
            ],
            [
                -0.006277952136344916,
                0.49037494822748307,
                0.30906165260993684,
                -1.7205108908088914e-16,
                6.212988466055797e-17,
                0.8603302934534913,
                -0.33277319526494087,
                3.3724136673882647e-16,
                1.4617982934112084e-16,
                0.06660136648451995,
                2.286692244185987
            ],
            [
                9.336588446550451e-17,
                3.1553233108084203e-18,
                1.6292840645349454e-16,
                0.6537798467574588,
                0.09445407106385194,
                2.7581234362578607e-16,
                1.1242879876083516e-15,
                0.8535001903160283,
                -0.4094670619247093,
                2.601120739940969e-16,
                -8.533677270929214e-17
            ],
            [
                -3.132695494159221e-17,
                4.492448371784819e-18,
                -7.288677482675408e-17,
                -0.09445407106385195,
                0.6537798467574581,
                6.447845910294616e-17,
                6.350349326610112e-16,
                0.4094670619247091,
                0.853500190316029,
                -1.937785676350501e-15,
                -2.991347783259948e-17
            ],
            [
                -0.001698302848998723,
                -0.11942265684299302,
                0.560781443594995,
                -1.8644016111172358e-16,
                -2.1874387141893717e-17,
                -0.21778004053889827,
                0.42229477429488027,
                -1.0380465932170132e-15,
                -1.5605220642772876e-15,
                -0.8635709487023072,
                0.27812437529498435
            ],
            [
                7.623458302158529e-17,
                -1.6690564774112907e-18,
                1.1343828832782197e-16,
                0.48507645898943624,
                0.07008084840184324,
                -1.5777400875617325e-16,
                -1.2434934204504185e-15,
                -0.942286851381626,
                0.4520624985246401,
                -2.779736864228929e-16,
                3.706307112388656e-17
            ],
            [
                -5.50872365497571e-17,
                -1.093990293748989e-18,
                -4.776173148220299e-17,
                -0.07008084840184356,
                0.48507645898943647,
                -1.4113077534799884e-16,
                -7.370095428595888e-16,
                -0.45206249852463976,
                -0.9422868513816265,
                1.87446881517815e-15,
                2.0263780482959948e-17
            ],
            [
                0.0014618744078689593,
                -0.03841550432807322,
                0.3163677995533911,
                -5.736862619853254e-17,
                1.1202827592345348e-16,
                -0.40926320080897566,
                0.5754161556925192,
                -6.153889692661903e-17,
                2.192817584799426e-15,
                1.271960155190251,
                -0.8596018261089882
            ]
        ],
        [
            [
                8.618271310356923e-05,
                0.18096748653447306,
                -0.3133238811606963,
                6.992884686675708e-17,
                1.3596012987842236e-16,
                -0.04942986334782337,
                1.579251180905778,
                8.916558354116246e-16,
                4.9365265845593884e-15,
                0.3834216052553199,
                -0.4465073067495513
            ],
            [
                0.002210277240925424,
                -0.021615434576870218,
                -0.07314227151335258,
                -1.0487037440408757e-16,
                -6.333617714575896e-17,
                -1.4947563976181724,
                -0.5789875770239973,
                -2.7303594756994054e-16,
                -1.8659143802383594e-15,
                0.22451648468125218,
                -0.8536774366766544
            ],
            [
                0.9954671850543612,
                -0.22709226333280672,
                -0.0721960437325913,
                -7.830934112297016e-17,
                2.0006812669783928e-16,
                -0.0667538915964833,
                0.04840353616191122,
                4.608863597763737e-17,
                1.449503865978103e-16,
                0.05421824069156097,
                0.08643098130202156
            ],
            [
                0.02170898029914834,
                0.49211493878771423,
                0.15288468749578282,
                1.321739464378799e-16,
                3.244287494356751e-17,
                0.07890601697987189,
                -0.1379685119334619,
                -2.716352731410173e-16,
                -3.6810329050961293e-16,
                -0.40430408753844527,
                -1.5955557546158616
            ],
