{
    "dist": 1.3,
    "thetas": [
        1.7448557058857794,
        -1.649077150016919,
        2.0375021118516665,
        2.926388517974451,
        2.9694403750439315,
        -0.2924870046656962,
        0.6851339998803385,
        1.7311841483035746,
        0.8897828870907407,
        1.394981677626908
    ],
    "oo": false,
    "mo": [
        [
            [
                0.2526737817718076,
                0.2016340065888565,
                -0.927428609579349,
                -0.926993248763978
            ],
            [
                0.3872630749967884,
                0.9245356974684904,
                0.6955183250261407,
                1.1090011068106553
            ],
            [
                0.2526737817718074,
                -0.20163400658885677,
                -0.9274286095793708,
                0.9269932487639555
            ],
            [
                0.387263074996788,
                -0.9245356974684904,
                0.6955183250261671,
                -1.1090011068106382
            ]
        ],
        [
            [
                0.25267378147868585,
                0.20163400641482648,
                -0.9274286096591872,
                -0.9269932488018524
            ],
            [
                0.387263075216612,
                0.9245356976766903,
                0.6955183249037173,
                1.109001106637101
            ],
            [
                0.25267378147868635,
                -0.20163400641482626,
                -0.9274286096592512,
                0.9269932488017881
            ],
            [
                0.3872630752166129,
                -0.9245356976766899,
                0.6955183249037945,
                -1.109001106637053
            ]
        ]
    ],
    "uhf_energy": -1.035826106088097,
    "ump2_energy": -1.0529915970271262,
    "ump2_no_energy": -1.0529915970271257,
    "iterations": 48,
    "final_energy": -1.473978,
    "iter_energies": [
        -1.4425549465555538,
        -1.4434956591183228,
        -1.4435904223195088,
        -1.4647090968731042,
        -1.4650224274825179,
        -1.46561599501403,
        -1.4667364641076273,
        -1.4687412372022495,
        -1.471730725740602,
        -1.4731025866016811,
        -1.4735166786344938,
        -1.4739590302484114,
        -1.4739651104055365,
        -1.4739655045404658,
        -1.4739655607861655,
        -1.4739655657371482,
        -1.4739655742411701,
        -1.4739655892852939,
        -1.4739656155892342,
        -1.4739656600658237,
        -1.4739657327404985,
        -1.4739658525221404,
        -1.4739660613218102,
        -1.4739664475924443,
        -1.4739682648598667,
        -1.4739690338819709,
        -1.4739700281324934,
        -1.4739716938641974,
        -1.4739737203749883,
        -1.4739739660161815,
        -1.473974149359827,
        -1.4739743390463729,
        -1.4739746881739038,
        -1.4739752766574676,
        -1.4739760089525293,
        -1.4739764763197754,
        -1.4739769941077763,
        -1.4739775654386034,
        -1.4739778018481173,
        -1.4739779838131242,
        -1.4739781192778596,
        -1.4739781716765552,
        -1.4739782327232627,
        -1.4739782500428231,
        -1.4739782615547061,
        -1.4739782641573411,
        -1.4739782642618564,
        -1.4739782642701773
    ],
    "function_evaluations": 60,
    "gradient_evaluations": 60
}