{
    "dist": 1.35,
    "thetas": [
        1.0824581083310676,
        -0.07490562672962531,
        2.045146495060206,
        -2.9440091728923625,
        1.9355350036912204,
        0.4122864067919232,
        -1.2715753426470968,
        -2.8481947885923398,
        3.0827028676546355,
        -3.0987053080191687,
        1.6951595907025174,
        1.5504834232626843,
        -0.7700738744524487,
        -0.036772642089067276,
        2.6951622347532513,
        -0.6568816124913903,
        2.977955240480968,
        0.15340218092467994,
        -2.553404241221722,
        1.968574815808429,
        -1.811525352650629,
        0.34146463524734116,
        -1.3052116384528223,
        1.9863810312485803,
        2.061152232120124,
        -1.749380967135041,
        0.9100232690836672,
        -2.5435488851435126,
        -0.5550362397858817,
        -2.532970267248091,
        -2.2367448611807736,
        -1.8083247626073817,
        -0.14667370733601048,
        -2.6539305358307423,
        -1.6647690189709083,
        -3.1004189234255946,
        2.5047552990058524,
        0.32819858348667985,
        -2.088866144067793,
        2.6947211011102787
    ],
    "oo": false,
    "mo": [
        [
            [
                0.00021414564218285936,
                0.04443012700529405,
                3.359393440658635e-16,
                -7.725692651842958e-17,
                -0.23286604481577905,
                -0.3943437187892947,
                -2.411583944206821e-16,
                3.3661694900263445e-17,
                0.04243235252984622,
                0.06992508942242472,
                1.2760643996466363
            ],
            [
                0.0008421076944982236,
                0.0125343967291996,
                2.699138380733219e-16,
                -6.664339279493992e-17,
                -0.2566055763449971,
                -0.3732797273425617,
                -7.793964602670251e-16,
                1.5103269314198963e-17,
                0.18717296687406992,
                -1.065251651623802,
                -1.0322042813314585
            ],
            [
                0.9955792023793675,
                -0.2375004325968273,
                -5.4886263142068735e-17,
                5.910208611273915e-18,
                -0.03373167275623538,
                -0.04282322607894269,
                7.098204951278194e-16,
                -2.2249244082697617e-17,
                -0.11615821903562049,
                0.00014279098830209056,
                -0.008507616643571221
            ],
            [
                0.020627050872901644,
                0.5160085643560463,
                -5.142386659214579e-16,
                1.8521495652247692e-16,
                0.08825509631239019,
                0.21579680081790273,
                -8.55238565747056e-15,
                6.684960976518235e-16,
                1.4760050140733239,
                -0.362055246921831,
                0.07993135814650659
            ],
            [
                -0.004617228773244497,
                0.5610799525281959,
                1.8610109051103507e-16,
                -1.3509850259295389e-16,
                0.11940252653372022,
                0.010396708057866003,
                8.658810606022944e-15,
                -6.693162283488335e-16,
                -1.5099906480185685,
                0.7331959122784099,
                0.10925983662775991
            ],
            [
                6.373155392333593e-17,
                1.978774058695198e-17,
                0.5978637080480016,
                0.29208181753658047,
                7.710269762849313e-16,
                1.6973738006261327e-16,
                -0.6713404672076578,
                0.6625893787184618,
                -4.937709961512552e-15,
                -2.0134566070641192e-16,
                2.138460007161665e-17
            ],
            [
                -7.984532674875331e-17,
                -6.451474088336814e-18,
                -0.29208181753658025,
                0.5978637080480012,
                -6.002509352012754e-16,
                2.3742173053893858e-17,
                0.6625893787184624,
                0.6713404672076588,
                4.322678087182748e-15,
                -1.757568339758703e-17,
                3.2004473691128245e-17
            ],
            [
                -0.0009150765156042696,
                -0.0202077312045336,
                -7.925833826596317e-16,
                2.1443515082664707e-16,
                0.5103910475547148,
                -0.7803905132580566,
                -1.3162915145341532e-15,
                4.008640204491758e-16,
                0.20465483648603294,
                0.6164368243519113,
                -0.2907951386179741
            ],
            [
                4.455200198392106e-17,
                7.044851931573147e-18,
                0.4355651923829299,
                0.2127920984905514,
                5.604578641735393e-16,
                -1.8303504353838054e-16,
                0.7456128767252655,
                -0.7358936290683411,
                5.540983078491362e-15,
                2.511362913197517e-16,
                -3.046801685233025e-17
            ],
            [
                3.770797469946968e-18,
                -2.2575832534179066e-18,
                -0.21279209849055167,
                0.43556519238293057,
                -4.3570281473709963e-16,
                -4.2707135340958434e-17,
                -0.7358936290683407,
                -0.745612876725266,
                -4.415433757801147e-15,
                9.286092690565192e-17,
                -6.363311369718434e-17
            ],
            [
                0.0007420462148701819,
                -0.028895830900045116,
                -5.779434874898313e-16,
                2.4590307271529753e-17,
                0.39520461556829467,
                0.15828429105047193,
                1.3395648624485603e-15,
                -4.1271259010587956e-16,
                -0.17280449419182614,
                -1.176337429663976,
                0.4129085753835843
            ]
        ],
        [
            [
                0.00021414564218285936,
                0.04443012700529405,
                3.359393440658635e-16,
                -7.725692651842958e-17,
                -0.23286604481577905,
                -0.39434371878929364,
                -1.390590065215485e-16,
                7.110865068480428e-18,
                0.04243235252984506,
                0.06992508942242005,
                1.276064399646637
            ],
            [
                0.0008421076944982236,
                0.0125343967291996,
                2.699138380733219e-16,
                -6.664339279493992e-17,
                -0.2566055763449971,
                -0.37327972734256293,
                -3.9908925893150765e-16,
                -2.2325823225928064e-17,
                0.18717296687407306,
                -1.0652516516237984,
                -1.0322042813314614
            ],
            [
                0.9955792023793675,
                -0.2375004325968273,
                -5.4886263142068735e-17,
                5.910208611273915e-18,
                -0.03373167275623538,
                -0.0428232260789425,
                1.4847776907403155e-16,
                -5.531571961925011e-17,
                -0.11615821903562053,
                0.00014279098830166032,
                -0.008507616643571312
            ],
            [
                0.020627050872901644,
                0.5160085643560463,
                -5.142386659214579e-16,
                1.8521495652247692e-16,
                0.08825509631239019,
                0.2157968008179003,
                -2.1538909640315807e-15,
                1.1340773167819251e-15,
                1.4760050140733256,
                -0.36205524692182584,
                0.07993135814650702
            ],
