{
    "dist": 1.35,
    "thetas": [
        -0.485632194328141,
        -0.7671863714960319,
        2.2058628717934416,
        -0.00983268767414236,
        0.2991997046172967,
        1.252080172939956,
        -1.8559306988226674,
        -2.6983709538979874,
        -0.8559765547093554,
        2.3799525745062535,
        -0.2823271905508098,
        -0.4255673234466637,
        -2.0494026704695405,
        -1.9800306645750347,
        -0.1641425856253087,
        1.9996298921060802,
        -0.9392595787998337,
        2.3384695298489593,
        0.9205032020379997,
        2.2212117546283254,
        1.0104267682871626,
        -2.5667210747053706,
        0.3183583542672346,
        -1.1771808841356899,
        0.44065677369874745,
        2.0725161184900145,
        -2.9116880194542154,
        0.0008883315555285876,
        0.9161192104764773,
        1.8938914441496797,
        2.631500069573991,
        -0.3192017378028167,
        -0.8935733353289592,
        -1.9605392863764173,
        -2.157361704247257,
        -0.9330906655898241,
        3.06381984431897,
        -0.8112154932405922,
        2.4758493372933383,
        2.6808767738093326
    ],
    "oo": false,
    "mo": [
        [
            [
                0.00021414564218259243,
                0.04443012700528023,
                -1.1979826278894322e-17,
                -3.849742030851476e-16,
                -0.23286604481580045,
                -0.39434371883677105,
                -1.7028400220588613e-16,
                9.753233984845917e-18,
                -0.042432352065988325,
                0.06992510939870776,
                1.2760643985527356
            ],
            [
                0.0008421076944986383,
                0.012534396729182558,
                -7.45860877721304e-18,
                -4.510519765800777e-16,
                -0.2566055763450388,
                -0.3732797277978897,
                -6.615282907715054e-16,
                5.309324049118832e-17,
                -0.18717297075215555,
                -1.0652516666744882,
                -1.0322042649310048
            ],
            [
                0.9955792023793679,
                -0.2375004325968308,
                -1.4068729535462894e-17,
                -4.462666453096386e-17,
                -0.03373167275622805,
                -0.04282322577656394,
                4.424791225078213e-16,
                4.764521004410859e-18,
                0.11615821915423116,
                0.00014279024161139645,
                -0.008507616558613259
            ],
            [
                0.020627050872901766,
                0.5160085643560725,
                8.61746450600862e-17,
                -9.713878461062475e-17,
                0.08825509631237309,
                0.21579679700407556,
                -5.520251278856272e-15,
                -1.5068458340410646e-17,
                -1.4760050165994567,
                -0.3620552378978371,
                0.07993136267034426
            ],
            [
                -0.004617228773245005,
                0.5610799525281819,
                -5.506955147879933e-17,
                4.2400223409865234e-16,
                0.11940252653371188,
                0.010396711939681988,
                5.631914152167354e-15,
                8.349683745537301e-18,
                1.5099906517697206,
                0.7331959060278175,
                0.10925982636188693
            ],
            [
                -1.2602859138067495e-17,
                -2.3686613146580815e-17,
                0.6584531102530236,
                -0.09587649938611592,
                1.8032125159021679e-16,
                -4.557842139822154e-18,
                -0.29360365933735516,
                0.8963925473389383,
                1.2934216155939438e-15,
                -3.791582879688412e-17,
                4.3424793050557715e-18
            ],
            [
                -2.2497850442559298e-17,
                1.6874870893185796e-17,
                0.09587649938611584,
                0.658453110253025,
                -1.1042670271575575e-15,
                -1.9154586145941896e-16,
                0.8963925473389376,
                0.29360365933735516,
                -3.9305730233190405e-15,
                1.7784294787491656e-16,
                -4.7235977707478055e-17
            ],
            [
                -0.0009150765156032231,
                -0.020207731204527395,
                -1.8315721500652588e-17,
                7.904449470876591e-16,
                0.5103910475546789,
                -0.7803905138585283,
                -1.2488977266185821e-15,
                -8.4773959757346e-17,
                -0.2046548309953119,
                0.6164368208551644,
                -0.2907951482833436
            ],
            [
                1.1715779614140142e-17,
                -2.9943305332446197e-18,
                0.47970674884891745,
                -0.06984947461764636,
                1.2416766986318335e-16,
                -3.9818714048304044e-17,
                0.32608591280984706,
                -0.9955631435066798,
                -1.3798295782890962e-15,
                5.094612352394713e-17,
                -1.0246620643185119e-17
            ],
            [
                6.239964136354803e-17,
                6.054175292997892e-18,
                0.06984947461764632,
                0.47970674884891656,
                -8.087195585484861e-16,
                2.3785057975346973e-16,
                -0.9955631435066794,
                -0.3260859128098473,
                4.496680795736397e-15,
                -2.557908252400976e-16,
                8.674901238018484e-17
            ],
            [
                0.0007420462148697531,
                -0.028895830900024275,
                1.221876031104157e-17,
                7.415684928159515e-16,
                0.3952046155682876,
                0.15828429162092114,
                1.080492000740505e-15,
                1.4293021603197768e-16,
                0.17280448728763448,
                -1.1763374241578781,
                0.41290859374070904
            ]
        ],
        [
            [
                0.00021414564218259243,
                0.04443012700528023,
                -1.1979826278894322e-17,
                -3.849742030851476e-16,
                -0.23286604481580045,
                0.3943437188367707,
                -7.491784051527243e-17,
                1.2327466842997611e-17,
                0.04243235206599108,
                0.06992510939874175,
                1.2760643985527333
            ],
            [
                0.0008421076944986383,
                0.012534396729182558,
                -7.45860877721304e-18,
                -4.510519765800777e-16,
                -0.2566055763450388,
                0.3732797277978899,
                -1.075463764567404e-16,
                7.422384169343561e-17,
                0.1871729707521526,
                -1.0652516666745167,
                -1.0322042649309766
            ],
            [
                0.9955792023793679,
                -0.2375004325968308,
                -1.4068729535462894e-17,
                -4.462666453096386e-17,
                -0.03373167275622805,
                0.04282322577656407,
                7.315981173102412e-17,
                -5.738694759952395e-17,
                -0.11615821915423123,
                0.00014279024161145942,
                -0.008507616558613155
            ],
            [
                0.020627050872901766,
                0.5160085643560725,
                8.61746450600862e-17,
                -9.713878461062475e-17,
                0.08825509631237309,
                -0.21579679700407728,
                -1.0375848234239369e-15,
                7.365351228060226e-16,
                1.4760050165994574,
                -0.3620552378978385,
                0.07993136267035256
