{
    "dist": -0.2,
    "thetas": [
        -2.8354451983958078,
        -1.325063087034727,
        1.3883725037911319,
        -3.0057737497215755,
        -1.8477417604476294,
        -2.822574873123744,
        -1.2423623306579668,
        1.0298787548813921,
        -1.2056528250732828,
        0.5252194785450901,
        -2.7044654537614434,
        2.30847045561727,
        -2.304417780706233,
        -2.022402397232817,
        -0.02557539272590459,
        2.285192262914668,
        1.6269921026744445,
        2.9561452268403734,
        1.6292459897763445,
        -0.7272784976778075,
        -0.573539651253947,
        1.3405831056173065,
        -1.4409243148323205,
        2.2248939625261066,
        2.5959857833208897,
        1.6383787056745502,
        0.10473151153364979,
        -2.0870494395307757,
        -1.2648536355851678,
        -1.357525884977483,
        -1.0856553998608915,
        -0.2504456690610555,
        0.278774624247891,
        -1.7756227029474454,
        1.8841282659115013,
        1.4243004011860876,
        2.194670844684585,
        -1.460703581689548,
        0.7214649379889844,
        0.9597947146749215
    ],
    "oo": false,
    "mo": [
        [
            [
                -0.002179263608609988,
                0.49468257563470946,
                0.3962203387170343,
                5.337946041373821e-16,
                1.174240023860933e-16,
                0.26398100332673147,
                -9.601556508319616e-15,
                4.051356968823281e-15,
                -0.7877356396184456,
                1.7588220167175983,
                9.159543931548061
            ],
            [
                0.0054989611391158665,
                0.08653749623396698,
                0.05918402544413854,
                2.8258808032538133e-16,
                3.173416864292144e-16,
                0.403877194229307,
                8.636931113314216e-16,
                -9.26542040607779e-16,
                -0.23929187388691747,
                2.7865853149749875,
                0.8685267884031029
            ],
            [
                0.9956109894202111,
                -0.27877377435453454,
                0.05203789318044711,
                3.184248941790357e-17,
                1.8162298345155182e-17,
                -0.04198908576736924,
                1.1323993950125876e-15,
                -3.1079441252224017e-16,
                0.1785425538587263,
                -0.13226929285195232,
                -0.8663309257845611
            ],
            [
                0.02439530305340022,
                0.3929852610790862,
                -0.30214037680963635,
                -1.823465329338643e-16,
                -6.285654829652992e-17,
                0.3825824434992311,
                3.0741443662859363e-15,
                -4.067138809704761e-15,
                -1.0479905927390698,
                0.020219522728295265,
                -4.744711561250371
            ],
            [
                -0.009743867838882413,
                0.02959709697863941,
                -0.6237354873083653,
                -1.0464506281976908e-15,
                -4.013745075021742e-16,
                -1.0353580075392501,
                5.447124956953826e-15,
                1.1281713280375532e-15,
                1.9994102073859261,
                -3.9038680533577934,
                -4.835314377902673
            ],
            [
                -6.619107363934089e-20,
                -9.816684849465565e-18,
                -6.705054035968326e-16,
                0.715535799217728,
                0.1616151701914022,
                2.195844442962261e-15,
                -0.8901235148881448,
                0.04521829588249032,
                2.2532477803592043e-15,
                5.664356631666545e-16,
                -9.541358660746407e-16
            ],
            [
                1.162677501522743e-19,
                -1.0605500504950543e-18,
                1.4446444631356213e-17,
                -0.16161517019140226,
                0.7155357992177286,
                2.5981262356087894e-15,
                0.045218295882490156,
                0.8901235148881452,
                -2.3018773052481705e-16,
                7.109687261480423e-17,
                -4.554096415863489e-16
            ],
            [
                0.01562375191400727,
                0.32386490495052617,
                0.6481990930815981,
                6.043843613109481e-16,
                1.3263887492430434e-16,
                0.6486013465913647,
                4.440749431589787e-15,
                -3.293017411221176e-15,
                0.503560669679101,
                -0.3970655933635544,
                -2.074120928583847
            ],
            [
                2.2818399864393717e-20,
                -2.627325885069218e-18,
                -3.4221144742745746e-16,
                0.3957178495398274,
                0.08937918643773478,
                -2.8115840275313098e-15,
                1.0792998166301437,
                -0.05482845654339584,
                -2.793371621658364e-15,
                -5.541771699874311e-16,
                1.1309816332689642e-15
            ],
            [
                -3.787399144203093e-20,
                -2.4233033401784946e-19,
                2.790367164285785e-18,
                -0.08937918643773474,
                0.3957178495398272,
                -3.179728491428852e-15,
                -0.054828456543395625,
                -1.0792998166301442,
                3.413580640032467e-16,
                2.701577830592717e-17,
                5.386080384919577e-16
            ],
            [
                -0.006167192858765467,
                -0.051284941316983385,
                0.17741384147932215,
                1.9040354776459807e-16,
                3.355630706105671e-17,
                -1.1739297190406521,
                -1.7064140261737056e-15,
                3.1570214316234346e-15,
                -0.14890116048531338,
                -0.5166363084137707,
                -1.5167496746298768
            ]
        ],
        [
            [
                -0.002179263608609988,
                0.49468257563470946,
                0.3962203387170343,
                5.337946041373821e-16,
                1.174240023860933e-16,
                -0.2639810033267162,
                1.4150842551622295e-14,
                4.797972029035024e-15,
                0.7877356396184494,
                1.7588220167175046,
                9.159543931548079
            ],
            [
                0.0054989611391158665,
                0.08653749623396698,
                0.05918402544413854,
                2.8258808032538133e-16,
                3.173416864292144e-16,
                -0.4038771942293099,
                -2.6854846080793796e-15,
                -2.4182956736582413e-15,
                0.23929187388692244,
                2.786585314974978,
                0.8685267884031312
            ],
            [
                0.9956109894202111,
                -0.27877377435453454,
                0.05203789318044711,
                3.184248941790357e-17,
                1.8162298345155182e-17,
                0.04198908576736873,
                -1.471425507099027e-15,
                -4.581863073351866e-16,
                -0.17854255385872653,
                -0.13226929285194303,
                -0.8663309257845626
            ],
            [
                0.02439530305340022,
                0.3929852610790862,
                -0.30214037680963635,
                -1.823465329338643e-16,
                -6.285654829652992e-17,
                -0.38258244349925463,
                -8.009803452562906e-15,
                -4.576929981019804e-15,
                1.047990592739066,
                0.02021952272833854,
                -4.744711561250369
            ],
            [
