{
    "dist": -0.2,
    "thetas": [
        1.7448557058857794,
        -1.649077150016919,
        2.0375021118516665,
        2.926388517974451,
        2.9694403750439315,
        -0.2924870046656962,
        0.6851339998803385,
        1.7311841483035746,
        0.8897828870907407,
        1.394981677626908,
        -2.921451680140999,
        -1.2663793231633795,
        -2.773947824309876,
        2.243480068231582,
        -0.7988817039240748,
        1.1300180068818442,
        -1.531338241455982,
        -0.9576754694920289,
        -3.0824504749171866,
        -0.8901150950318448,
        2.8217419638603713,
        -1.7724928009645748,
        -1.1347975131086745,
        2.6249413174642493,
        -2.941136005369488,
        -2.7326544467196805,
        0.815739659640105,
        2.3487391344402075,
        -3.0868300924373417,
        1.5492904725652465,
        1.9656390491245403,
        -2.6658459083030457,
        0.9830378595694711,
        0.05819611947691916,
        -0.12639637898020917,
        2.862456773761779,
        -3.1415170444428115,
        -1.5897797083310843,
        1.3334972435574386,
        -1.1021834873956844
    ],
    "oo": false,
    "mo": [
        [
            [
                -0.002179263608608378,
                0.494682575634717,
                0.3962203387170152,
                1.6693852228800667e-16,
                -3.7257704190806074e-16,
                0.2639810033271322,
                -6.583485767990609e-15,
                5.875749952762399e-15,
                0.7877356396186692,
                1.7588220167171489,
                9.159543931548113
            ],
            [
                0.0054989611391158665,
                0.08653749623397221,
                0.05918402544412852,
                6.103189375547929e-16,
                5.446838983514507e-17,
                0.4038771942293639,
                1.4473811119545246e-15,
                -1.2664534580626407e-15,
                0.23929187388695466,
                2.7865853149749413,
                0.8685267884032137
            ],
            [
                0.9956109894202113,
                -0.2787737743545358,
                0.05203789318044795,
                3.1253539358154227e-17,
                -5.830702333611085e-18,
                -0.041989085767410284,
                6.758544179423653e-16,
                -6.665185905383675e-16,
                -0.17854255385874698,
                -0.1322692928519079,
                -0.8663309257845615
            ],
            [
                0.02439530305339975,
                0.39298526107908455,
                -0.30214037680962336,
                -1.0638282989689387e-16,
                7.824065125529001e-17,
                0.3825824434990751,
                4.031523875343812e-15,
                -2.868448629653898e-15,
                1.0479905927389477,
                0.02021952272850797,
                -4.744711561250408
            ],
            [
                -0.009743867838883792,
                0.02959709697863042,
                -0.62373548730835,
                -6.675501576108938e-16,
                5.673962397815017e-16,
                -1.0353580075395266,
                1.0342315383488715e-15,
                -1.566765994665609e-15,
                -1.999410207386049,
                -3.9038680533575363,
                -4.8353143779027725
            ],
            [
                3.6325475885497086e-20,
                1.3270785222854246e-17,
                4.790983200990836e-16,
                -0.3616385474573784,
                0.6382229267200195,
                -2.599288941881767e-15,
                -0.15096025938518431,
                -0.878393742080225,
                1.2462989244566978e-15,
                -2.0875759259351557e-16,
                4.611481210075309e-16
            ],
            [
                7.607497923763362e-19,
                -1.0523276822121983e-17,
                4.552197298933296e-17,
                0.6382229267200198,
                0.361638547457378,
                -2.792295568354569e-15,
                0.878393742080225,
                -0.15096025938518465,
                8.371573724066999e-16,
                -5.032548681282008e-16,
                8.118356560536911e-16
            ],
            [
                0.015623751914007004,
                0.32386490495052195,
                0.6481990930816023,
                2.0316787444930815e-16,
                -3.9457870442402177e-16,
                0.648601346591266,
                3.54644824971464e-15,
                -4.458654479764338e-15,
                -0.5035606696791771,
                -0.3970655933634512,
                -2.074120928583878
            ],
            [
                -2.1247097773598438e-20,
                6.007009779567016e-18,
                2.6623585981616175e-16,
                -0.1999995366646843,
                0.35296096207173966,
                3.2066812032768892e-15,
                0.18304356367143373,
                1.065077136935752,
                -1.688436658340412e-15,
                1.8112464253505338e-16,
                -5.470463033685625e-16
            ],
            [
                -2.548460922039297e-19,
                -2.268006120701588e-19,
                1.8990889249973696e-17,
                0.3529609620717395,
                0.1999995366646843,
                3.4122409850732006e-15,
                -1.0650771369357523,
                0.18304356367143415,
                -9.650160739365496e-16,
                5.514765666697667e-16,
                -9.755663508942153e-16
            ],
            [
                -0.006167192858765828,
                -0.05128494131698444,
                0.17741384147932784,
                4.04292651164927e-17,
                -1.3723138176156046e-16,
                -1.1739297190407108,
                -2.102336048145002e-15,
                3.741603394856501e-15,
                0.14890116048530816,
                -0.5166363084136929,
                -1.5167496746298583
            ]
        ],
        [
            [
                -0.002179263608608378,
                0.494682575634717,
                0.3962203387170152,
                1.6693852228800667e-16,
                -3.7257704190806074e-16,
                0.2639810033272303,
                -1.2048182472951952e-16,
                2.4649034985087465e-15,
                -0.7877356396185523,
                1.7588220167171869,
                9.159543931548116
            ],
            [
                0.0054989611391158665,
                0.08653749623397221,
                0.05918402544412852,
                6.103189375547929e-16,
                5.446838983514507e-17,
                0.4038771942293702,
                5.614857640924161e-16,
                -1.039646741245829e-16,
                -0.23929187388694945,
                2.7865853149749453,
                0.8685267884032009
            ],
            [
                0.9956109894202113,
                -0.2787737743545358,
                0.05203789318044795,
                3.1253539358154227e-17,
                -5.830702333611085e-18,
                -0.04198908576741637,
                3.850633127704966e-17,
                -5.020817314141421e-16,
                0.1785425538587366,
                -0.13226929285191166,
                -0.8663309257845628
            ],
            [
                0.02439530305339975,
                0.39298526107908455,
                -0.30214037680962336,
                -1.0638282989689387e-16,
                7.824065125529001e-17,
                0.38258244349898096,
                1.6728592037109077e-16,
                1.8836355138372644e-15,
                -1.047990592739022,
                0.020219522728490195,
                -4.744711561250401
            ],
            [
                -0.009743867838883792,
