{
    "dist": 1.3,
    "thetas": [
        -3.0764099223207433,
        0.01177840984590972,
        -0.026557182477288332,
        -2.3007169235661014,
        -2.248682369474494,
        -1.7683479941393894,
        -0.512028202872056,
        -1.5827270375196305,
        -2.613430288461024,
        -0.9707606747745907,
        -2.0937059634728197,
        2.3785568841181437,
        2.833490577583455,
        -2.8981294278830885,
        1.2510286361875504,
        0.4571634041388086,
        2.5007524773851486,
        1.0486571744320248,
        0.3005736555656977,
        1.2718890166746162,
        -0.7132849799065748,
        1.2216942432770699,
        2.0412213292864516,
        -0.21571133114546903,
        2.767896497391848,
        1.9084532601475015,
        3.0370357265324968,
        -2.075736612374536,
        0.13247914925031923,
        2.7992684884377166,
        0.9395904409587343,
        2.2671738383730498,
        2.9584127451094044,
        -1.975799852373875,
        -1.614051814515542,
        2.346146691061457,
        2.5527154170067154,
        1.622808451808627,
        -0.961943394595556,
        -0.229118149317471
    ],
    "oo": false,
    "mo": [
        [
            [
                0.000252859684721314,
                0.04984144434702851,
                -0.2381109144163919,
                -7.904419057799622e-15,
                -5.946998484542658e-16,
                -0.22837500228293597,
                -1.2421700745421702,
                -9.994536394117487e-17,
                8.905534893805825e-16,
                0.312941995451618,
                -0.3409953706196633
            ],
            [
                0.0008950457991116698,
                0.011084465665049007,
                -0.24177905159522384,
                -8.104253287611461e-15,
                -6.295918531421491e-16,
                -0.942830739786635,
                1.1926644266796746,
                -2.0584741863478677e-16,
                -7.515556729569714e-16,
                -0.11976575748077481,
                -0.30091424648600135
            ],
            [
                0.9955759206081296,
                -0.23706188838956735,
                -0.03614287182930157,
                -1.276563300525089e-15,
                -1.2169233804489614e-16,
                -0.04442850949941456,
                -0.0026193465987890663,
                7.309413592878453e-17,
                -2.9456407806031884e-17,
                0.06892311878665855,
                0.09338659765091162
            ],
            [
                0.020678178141959148,
                0.5143365530446302,
                0.09318673100373814,
                3.1944962363923955e-15,
                2.0233686404475896e-16,
                0.06781815148520492,
                0.07998947008370044,
                1.2116968735005471e-17,
                -1.0250470787710406e-15,
                -0.798710192092835,
                -1.3170389424081912
            ],
            [
                -0.00470028779084222,
                0.5605341010953087,
                0.12858487722129372,
                4.258362202182498e-15,
                3.0478441719722797e-16,
                0.3601579683779723,
                -0.3205510626721647,
                4.832611624234065e-17,
                1.1211579339115773e-15,
                0.7763454795732287,
                1.4483007753566823
            ],
            [
                6.719376848245745e-17,
                -2.6442289504732803e-17,
                -2.1511430630340214e-14,
                0.6628204492041763,
                -0.05163605713514759,
                -3.409241152265988e-16,
                5.33313180196764e-17,
                -0.8768103567047858,
                0.348829295405401,
                -6.963252355304261e-16,
                1.5348865889967817e-16
            ],
            [
                8.899683828787438e-17,
                3.7932555216483786e-17,
                -3.2615244213785334e-15,
                0.051636057135147725,
                0.6628204492041756,
                -1.1538683850801052e-16,
                2.6390909812816313e-16,
                0.3488292954054007,
                0.876810356704786,
                -1.03938372567874e-15,
                -1.213578829882665e-16
            ],
            [
                -0.0009736279161641779,
                -0.023990899079516483,
                0.5132418505653971,
                1.6457683172782157e-14,
                1.1629291224459075e-15,
                -0.36135892253761814,
                -0.26408460463055716,
                4.1001002187345593e-16,
                -8.178091429630456e-16,
                -0.791216947863392,
                0.5380470986846164
            ],
            [
                -1.134939526198456e-16,
                -2.1423985966290427e-17,
                -1.5634887454472142e-14,
                0.48392978783490864,
                -0.03769984194670762,
                -2.407404281183627e-16,
                -1.2901709662935853e-16,
                0.9731299321234416,
                -0.3871489723687397,
                8.30919581570499e-16,
                -1.5472924721175675e-16
            ],
            [
                -4.797248607878542e-17,
                1.077827335575518e-18,
                -2.3678020054829465e-15,
                0.03769984194670778,
                0.4839297878349082,
                -9.031497742694306e-18,
                -3.2433992694746824e-16,
                -0.38714897236873924,
                -0.9731299321234418,
                1.0405669069628007e-15,
                1.2718519521021618e-16
            ],
            [
                0.0008111329329509483,
                -0.031750944753478366,
                0.3936775462510977,
                1.2883158323700761e-14,
                9.235505176158163e-16,
                -0.4518750042475112,
                0.1608517898185194,
                -6.490016234725304e-16,
                9.633294970590503e-16,
                0.9155282812458482,
                -0.7731193714819256
            ]
        ],
        [
            [
                0.00025285874648066803,
                0.04984240053135885,
                -0.2381193894723011,
                9.894013270736114e-15,
                -1.6403030980780794e-16,
                -0.22837329029010706,
                -1.2421698779656296,
                8.180453014625799e-16,
                5.508400172527586e-16,
                0.3129376385524223,
                -0.34099517386198336
            ],
            [
                0.0008950437620220317,
                0.01108521456741939,
                -0.2417910285629235,
                1.0321414519372797e-14,
                -1.427013859081896e-16,
                -0.9428249314846079,
                1.1926665930273797,
                -9.801589257944107e-16,
                -3.9128786052751655e-16,
                -0.11976576028674764,
                -0.30091420665180735
            ],
            [
                0.9955759340411767,
                -0.23706167885173643,
                -0.036143740460022215,
                1.5444702378039822e-15,
                -4.505273418057715e-17,
                -0.04442822669823465,
                -0.0026192878832105573,
                6.814018673568279e-17,
                -3.808794472344697e-17,
                0.06892358702608285,
                0.09338644077780331
            ],
            [
                0.020678117386307343,
                0.5143352625439562,
                0.09318854234009902,
                -3.7857077372685164e-15,
                4.1155479025113337e-17,
                0.06781690743547016,
                0.07998926054200153,
                -1.2842379122736917e-15,
                -7.541810671119012e-17,
                -0.7987164607138553,
                -1.317035594371829
            ],
