{
    "dist": 1.3,
    "thetas": [
        -1.2505772065726115,
        -1.5892573810424488,
        2.678742656538237,
        2.4605169696278546,
        1.151561845422318,
        0.42024870984405016,
        0.2950953286817728,
        -1.819460699037379,
        1.6949173110487727,
        2.489587148595139,
        1.3926708920249595,
        -0.007663287536284535,
        -0.3630877934619958,
        1.900227048743333,
        2.166638993680615,
        -1.7018748543102284,
        2.9038843056064927,
        -2.77139783336574,
        -1.3204875036640336,
        -1.1802075024498442,
        1.268614493515388,
        1.3044449462369565,
        2.7836318370578113,
        0.6684251508296,
        -0.9096337654423947,
        -0.4976330838188763,
        2.554112145376455,
        -1.5586760466297462,
        -1.2382874039468406,
        -2.6637713125372455,
        -1.5614152906569299,
        2.5800995086330216,
        2.1591747296674244,
        0.8620180788284371,
        3.0794339883431086,
        2.7640959639582094,
        2.2301402312698464,
        2.6461352571082326,
        1.04148016903377,
        -0.6719528336182714
    ],
    "oo": false,
    "mo": [
        [
            [
                0.00025285968472093357,
                0.049841444347678274,
                -0.23811091442245333,
                -2.4666071982227186e-15,
                -1.0307252923183366e-14,
                -0.22837500228200078,
                -1.2421700745417994,
                9.730534900091284e-16,
                -4.360672312450836e-17,
                0.31294199544880946,
                -0.3409953706198942
            ],
            [
                0.00089504579911037,
                0.011084465665473968,
                -0.24177905160339952,
                -2.53586304367928e-15,
                -1.0869926950136712e-14,
                -0.942830739782246,
                1.192664426681471,
                -6.173139407943811e-16,
                -7.733031273946266e-17,
                -0.11976575748120645,
                -0.3009142464858806
            ],
            [
                0.9955759206081386,
                -0.23706188838948355,
                -0.03614287182983083,
                -3.5668951936989067e-16,
                -1.5218171981301514e-15,
                -0.044428509499217436,
                -0.00261934659874453,
                1.5734465038845805e-16,
                6.111746696383774e-17,
                0.06892311878694944,
                0.09338659765070052
            ],
            [
                0.02067817814191733,
                0.5143365530443637,
                0.09318673100506993,
                1.0324563980024514e-15,
                3.9706792048651744e-15,
                0.06781815148444696,
                0.07998947008353878,
                -6.989991736182001e-16,
                -1.0728250439967977e-15,
                -0.7987101920975942,
                -1.317038942405364
            ],
            [
                -0.0047002877908332895,
                0.5605341010952802,
                0.12858487722429432,
                1.2294510815675326e-15,
                5.360697040106178e-15,
                0.3601579683769748,
                -0.32055106267258215,
                6.766805167414185e-16,
                1.1446505155669595e-15,
                0.7763454795785698,
                1.4483007753537198
            ],
            [
                -1.080567808573692e-16,
                1.9101884093046354e-16,
                -2.8553306911585656e-14,
                0.173438520286117,
                0.6418070659946638,
                -5.813732773803848e-16,
                -7.816357501900172e-17,
                0.8589643601304938,
                -0.39071537848334836,
                -9.9254825649449e-16,
                7.801534432721057e-16
            ],
            [
                -3.8287310108653035e-17,
                -5.233238422233644e-17,
                7.617780773504533e-16,
                0.6418070659946643,
                -0.17343852028611645,
                6.928553665346845e-17,
                3.534382910305408e-18,
                0.39071537848334803,
                0.8589643601304934,
                -1.2439614336762318e-15,
                -3.2919357909261144e-16
            ],
            [
                -0.0009736279161639958,
                -0.023990899078673418,
                0.5132418505588733,
                5.101182934987557e-15,
                2.0867607990908364e-14,
                -0.3613589225431572,
                -0.26408460463029165,
                -1.178238045338927e-15,
                -3.6398621235080256e-16,
                -0.7912169478625707,
                0.5380470986884952
            ],
            [
                1.0400378918506433e-16,
                4.613337343590892e-17,
                -2.070934914329627e-14,
                0.1266286615405849,
                0.46858777162145815,
                -5.183402482485429e-16,
                -1.895798044709361e-16,
                -0.9533235129791005,
                0.433636335195697,
                9.265688475949615e-16,
                -5.331339739335155e-16
            ],
            [
                2.2369576553501925e-17,
                -1.0013695957140238e-18,
                5.632175157169247e-16,
                0.468587771621458,
                -0.12662866154058558,
                7.334568140640585e-17,
                -2.2576421006574502e-18,
                -0.4336363351956971,
                -0.9533235129790997,
                1.2672095963563878e-15,
                2.401508750398009e-16
            ],
            [
                0.000811132932950199,
                -0.03175094475324849,
                0.3936775462473672,
                3.868157838665104e-15,
                1.5978377227062697e-14,
                -0.4518750042539326,
                0.16085178981615517,
                1.3908715360023373e-15,
                3.3830716783707325e-16,
                0.9155282812423158,
                -0.7731193714847552
            ]
        ],
        [
            [
                0.0002528587464811012,
                0.04984240053062308,
                -0.23811938946603878,
                3.779940255695505e-15,
                1.0276683875923666e-15,
                -0.2283732902913855,
                1.2421698779656811,
                -3.800249603242595e-16,
                -2.4935848650878114e-16,
                0.3129376385558678,
                -0.34099517386225914
            ],
            [
                0.0008950437620227322,
                0.01108521456690661,
                -0.24179102855421575,
                3.896351762012346e-15,
                1.0151470195006586e-15,
                -0.9428249314887631,
                -1.1926665930258393,
                5.702842014581438e-16,
                6.805791100972572e-17,
                -0.11976576028695553,
                -0.30091420665183205
            ],
            [
                0.9955759340411713,
                -0.23706167885185578,
                -0.03614374045937277,
                7.294993946675658e-16,
                1.8501735105031103e-16,
                -0.04442822669846165,
                0.0026192878832389786,
                7.630359137149765e-17,
                -3.9853888802890423e-17,
                0.06892358702576606,
                0.0933864407779336
            ],
            [
                0.020678117386330058,
                0.5143352625446532,
                0.09318854233869571,
                -1.2203028086771862e-15,
                -3.8682939477121395e-16,
                0.06781690743654521,
                -0.07998926054209594,
                -6.14593937059558e-16,
                2.644300882854777e-16,
                -0.7987164607093381,
                -1.3170355943743344
            ],
            [
