{
    "dist": 0.7,
    "thetas": [
        -1.2505772065726115,
        -1.5892573810424488,
        2.678742656538237,
        2.4605169696278546,
        1.151561845422318,
        0.42024870984405016,
        0.2950953286817728,
        -1.819460699037379,
        1.6949173110487727,
        2.489587148595139,
        1.3926708920249595,
        -0.007663287536284535,
        -0.3630877934619958,
        1.900227048743333,
        2.166638993680615,
        -1.7018748543102284,
        2.9038843056064927,
        -2.77139783336574,
        -1.3204875036640336,
        -1.1802075024498442,
        1.268614493515388,
        1.3044449462369565,
        2.7836318370578113,
        0.6684251508296,
        -0.9096337654423947,
        -0.4976330838188763,
        2.554112145376455,
        -1.5586760466297462,
        -1.2382874039468406,
        -2.6637713125372455,
        -1.5614152906569299,
        2.5800995086330216,
        2.1591747296674244,
        0.8620180788284371,
        3.0794339883431086,
        2.7640959639582094,
        2.2301402312698464,
        2.6461352571082326,
        1.04148016903377,
        -0.6719528336182714
    ],
    "oo": false,
    "mo": [
        [
            [
                -0.00023664875584117584,
                0.23465514974136212,
                -0.33025824254466307,
                1.1200514558379896e-16,
                -4.7986935912272094e-17,
                0.01780331301655779,
                1.277703850586512,
                -4.877500438532148e-16,
                1.2425622804834697e-13,
                1.3372083459131876,
                -0.29011492439689984
            ],
            [
                0.0026068335234677403,
                -0.021535208701421248,
                -0.05287222794569747,
                1.4368980815523672e-17,
                -3.0132743140680847e-16,
                1.5976971467417436,
                0.16996646558714743,
                1.237030101400713e-16,
                1.625505073769449e-14,
                -0.42256145676024465,
                -1.0283938440907516
            ],
            [
                0.9954095420549529,
                -0.22397989109303296,
                -0.08145970407408722,
                1.0606603891642907e-17,
                -7.020024732105292e-17,
                0.06930197642127071,
                0.066832889831482,
                -1.1689081466431327e-17,
                6.3885975501387766e-15,
                0.018128905472511832,
                0.08989691483740776
            ],
            [
                0.02210399761786729,
                0.48785822135687873,
                0.16901145053407582,
                -5.240259366442254e-17,
                2.6441004075529718e-16,
                -0.07673363285250041,
                -0.26880924572664244,
                1.416630875254217e-17,
                -2.5930517468523444e-14,
                0.07637341612236348,
                -1.6491053457037312
            ],
            [
                -0.006645035030434821,
                0.4318272114709489,
                0.3785769888996628,
                -5.4850517614702865e-17,
                1.1991723417248325e-16,
                -0.966468656535225,
                -0.6230991684024392,
                1.979796484040675e-16,
                -6.064954318423334e-14,
                -0.6122853857562357,
                2.4377602803382303
            ],
            [
                -8.212953675854604e-17,
                2.8298165114320116e-17,
                -4.3637123588488983e-16,
                -0.06655283200410045,
                0.658823290253925,
                1.0129516973347114e-16,
                -8.282060275851694e-16,
                0.9454636880668821,
                0.009824283978407955,
                1.8555792939397006e-16,
                5.021220869220565e-17
            ],
            [
                4.881571512331135e-17,
                1.3267285434618908e-17,
                -3.2135644437812914e-18,
                0.6588232902539257,
                0.06655283200410045,
                1.4524303584155693e-16,
                -9.109688457244429e-14,
                -0.00982428397840824,
                0.9454636880668822,
                -5.800918968821868e-16,
                4.7824967106048977e-17
            ],
            [
                -0.0019806790791721744,
                -0.15631556673290614,
                0.5691235797435389,
                -1.135110247725091e-16,
                2.9499101650404876e-16,
                0.17412455821295728,
                -0.48388566349707096,
                -1.2073779369609582e-16,
                -4.62483930159853e-14,
                0.8585788397232912,
                0.20516351860970375
            ],
            [
                -6.483339912209733e-17,
                4.087921842575228e-18,
                -3.2549470188059064e-16,
                -0.049080709292815314,
                0.48586233538937706,
                6.159176079411546e-17,
                8.758846206025082e-16,
                -1.0458901830079474,
                -0.010867812585280849,
                -2.175288827672381e-16,
                -5.364657515799331e-18
            ],
            [
                -5.903761746681524e-17,
                7.40821097008549e-19,
                -1.0129187364570004e-17,
                0.4858623353893768,
                0.049080709292815314,
                -1.5150986369114602e-16,
                1.01028266258752e-13,
                0.0108678125852813,
                -1.0458901830079481,
                6.1017686024113985e-16,
                -2.2585310307055918e-17
            ],
            [
                0.001429587754539716,
                -0.01991430100790853,
                0.280834765124133,
                1.4988395910894866e-16,
                2.986643100334634e-16,
                0.35886385522008596,
                1.5810672646438355,
                -1.94905584083476e-16,
                1.5280640883108912e-13,
                0.0014063836691289558,
                -0.7254895948343567
            ]
        ],
        [
            [
                -0.00023664921595633665,
                0.23465501851930076,
                -0.330258122300911,
                7.939697382529495e-17,
                -1.8425908251608273e-16,
                0.017803444425794696,
                -1.2777006854978288,
                -8.196783006775374e-15,
                -7.718691140590446e-14,
                1.3372113236361054,
                -0.2901153737508548
            ],
            [
                0.0026068350885734936,
                -0.02153533007137421,
                -0.052872164370614316,
                3.8782137753937397e-17,
                4.31197579747305e-18,
                1.597697087403459,
                -0.1699672147035473,
                -1.0572310968321174e-15,
                -9.990823263827635e-15,
                -0.4225612988051641,
                -1.0283938780941824
            ],
            [
                0.9954095395826159,
                -0.22397995122227718,
                -0.08145968154341608,
                1.0729078476303826e-16,
                -8.030094808071352e-17,
                0.06930194065339604,
                -0.06683283609957442,
                -4.292322953507999e-16,
                -3.971471773142307e-15,
                0.018129084971881156,
                0.08989684413733608
            ],
            [
                0.02210401012072844,
                0.48785864032690485,
                0.16901160664772638,
                -4.180437810409476e-17,
                4.6051904511314924e-17,
                -0.07673357706998954,
                0.2688097198667081,
                1.8188787869227576e-15,
                1.60947329658808e-14,
                0.0763725511069882,
                -1.6491051709613527
            ],
            [
