{
    "dist": 1.825,
    "thetas": [
        1.8148753005830365,
        -1.9076246126603773,
        -2.166249198586991,
        -0.16916881257402583,
        -1.3671299471605198,
        1.030739713856713,
        -2.114864275870905,
        2.6673673978022956,
        1.721011088872685,
        2.2808057577892766,
        2.873702368367785,
        0.7118380667706448,
        -1.3961024839174951,
        -1.5045217333087788,
        -1.0484277890707796,
        -0.9871406037468522,
        0.5008491064145693,
        0.09656811746617544,
        -0.733868705148474,
        -3.132316454857535,
        -1.7262338485393,
        -1.579759456116289,
        -0.32013179302128103,
        -0.6801258357338167,
        2.7701825498272976,
        -2.8846962536334013,
        2.830095799495841,
        -0.3345043775701484,
        -1.061854481673711,
        1.8727980151998445,
        -2.7718940989136387,
        -1.8268385097175488,
        2.1162492300106175,
        -2.380273188992966,
        -0.6448389883673977,
        -2.67554913957511,
        0.5400341029065694,
        -1.3257783267016452,
        2.6368753752037373,
        -0.5464862959011358
    ],
    "oo": false,
    "mo": [
        [
            [
                -0.00010672391769078767,
                0.017330402201720836,
                1.8877535224480362e-17,
                -3.842698361536448e-17,
                -0.200041689911315,
                0.2921861241868561,
                1.2948262779895054,
                3.0052109934963335e-17,
                -5.412246761686723e-17,
                0.08953591600606389,
                0.11125306013615317
            ],
            [
                0.0005925328301913939,
                0.015403362781562922,
                -7.684917381597836e-17,
                -1.1137236402216748e-16,
                -0.3533400100760324,
                0.6854440193891813,
                -1.1946235298945909,
                -1.6414329476388754e-16,
                -1.77187455480128e-17,
                0.11005733615266423,
                -0.33962334722540766
            ],
            [
                0.9955904449233487,
                -0.23954293292193565,
                2.5368465757390676e-17,
                3.615170786881415e-17,
                -0.017930890124052874,
                0.022128421544490375,
                -0.019890513908367227,
                3.237883878294532e-17,
                -9.382466127796693e-18,
                0.02906377598098963,
                0.11602508600735463
            ],
            [
                0.020398084334959075,
                0.5248637786680644,
                -1.889839226268393e-16,
                -1.875551666330236e-17,
                0.05257981296077936,
                -0.04162411174712546,
                0.06715287604141118,
                -4.4403762712097067e-16,
                -2.2180180442280272e-18,
                -0.33151109853475935,
                -1.463966562137014
            ],
            [
                -0.0042260574008470345,
                0.5623645411472846,
                1.5884036399961387e-16,
                4.6614872827168115e-17,
                0.05556776638499479,
                -0.12126209432576307,
                0.115584896654532,
                4.654048628353826e-16,
                4.882749028123244e-17,
                0.3028886479163063,
                1.4846437726806194
            ],
            [
                -4.239294664925955e-18,
                1.3850724211462503e-17,
                0.2781687649606568,
                0.6077609802320533,
                -2.0914870164902546e-16,
                -3.5692467720424556e-17,
                1.5971956965184483e-17,
                0.1700976063865035,
                -0.9256300787283824,
                -3.740916691295075e-16,
                7.279940650893539e-17
            ],
            [
                -3.903683174274146e-18,
                2.530284924961051e-17,
                0.6077609802320538,
                -0.2781687649606569,
                1.473044144316731e-16,
                5.38447917212291e-17,
                4.4646257295006346e-18,
                -0.9256300787283814,
                -0.17009760638650367,
                -2.918761509681026e-16,
                4.857298948810861e-16
            ],
            [
                -0.0005076930033488027,
                -0.0031268946450872474,
                -2.92834400112704e-17,
                2.653212664260403e-16,
                0.49861415634118866,
                0.3783988552536017,
                0.041734728126152185,
                2.8475184373070235e-16,
                3.7251362783916853e-16,
                -0.9473728244789454,
                0.24418078273757848
            ],
            [
                1.3548459011722012e-18,
                -1.5269186541942684e-17,
                0.20035878295749662,
                0.4377567350006831,
                -1.398913460619194e-16,
                -3.32594585131821e-17,
                1.857198817916178e-17,
                -0.1896197632111363,
                1.0318649396556592,
                3.7952274309872373e-16,
                -3.051991013990262e-17
            ],
            [
                1.0043856787177585e-18,
                1.7287048451006649e-18,
                0.437756735000682,
                -0.20035878295749673,
                1.2286210739525626e-16,
                5.970456909005536e-17,
                -5.437323351209739e-18,
                1.0318649396556587,
                0.1896197632111371,
                2.8527199256659902e-16,
                -3.039941978875554e-16
            ],
            [
                0.00034165550454977474,
                -0.011064468290102838,
                -1.6678880867515257e-16,
                3.20456239812407e-17,
                0.4042963010950522,
                0.3762348797875733,
                -0.1759868064581948,
                -3.5915085080147057e-16,
                -3.328747967863281e-16,
                1.035203466560664,
                -0.31282716908440195
            ]
        ],
        [
            [
                -0.0001067240829662134,
                0.0173303420499299,
                5.201352113937298e-18,
                -1.2825823750904501e-16,
                -0.2000403124444522,
                0.2921864921265303,
                1.2948263968051081,
                -1.641626798813193e-17,
                -1.2426017933026073e-16,
                0.08953597162711721,
                0.11125315235556069
            ],
            [
                0.0005925332259180589,
                0.015403281701371846,
                -3.1374557626422655e-17,
                -4.341632645868073e-16,
                -0.3533376928830511,
                0.6854456765835552,
                -1.194623242935282,
                3.517753113695331e-16,
                -4.102345316867898e-17,
                0.11005749980184222,
                -0.33962337338711374
            ],
            [
                0.995590442361422,
                -0.23954297350827244,
                -3.238930478140359e-18,
                -5.049556428971099e-18,
                -0.01793080099256542,
                0.022128459079387184,
                -0.019890506053185833,
                -4.3691490399125e-17,
                -8.163561783367859e-17,
                0.02906370698698975,
                0.1160250494423226
            ],
            [
                0.020398096069921805,
                0.5248641368830833,
                -1.3918672153722135e-16,
                -1.3711119667425546e-16,
                0.052579657114992434,
                -0.041624269514387635,
                0.06715292724602791,
                9.692836179375178e-16,
                3.9910492681414443e-16,
                -0.3315103540912506,
                -1.463966600885401
            ],
            [
