{
    "OVOS": [
        -103.3681958403519,
        -103.507221
    ],
    "UHF": [
        -103.46654991369981,
        -103.496597
    ],
    "UMP2": [
        -103.43920340435824,
        -103.496597
    ]
}