{
    "dist": -0.5,
    "thetas": [
        0.10303561663791783,
        0.4440175435037328,
        -2.9626838121493106,
        -2.0638903033331175,
        1.1641296091591355,
        2.0979358614283568,
        -1.2128670123447274,
        2.47314391898043,
        1.392001137158437,
        -1.9481710072691576,
        0.34072200379900464,
        -0.9290823338613339,
        -1.9987289817083937,
        1.7944887938507428,
        2.924717343797493,
        -1.6816715396059143,
        -2.6165606813494104,
        0.6506139255218115,
        1.4388039280401017,
        -1.40593290510329,
        1.1643140023190055,
        0.11226465135129837,
        -2.836955320406834,
        -2.275334685827516,
        -1.966841668758823,
        3.1058909736072735,
        0.129844516818022,
        0.495049251658644,
        1.475411656763927,
        0.2636535907361983,
        2.5959203631973624,
        1.934719368471801,
        -0.609482604949342,
        -0.8970859114113354,
        2.84550831983512,
        -0.9824917722923239,
        2.293989801545284,
        2.0751960685763695,
        0.2397754572129318,
        2.6544533544477575
    ],
    "oo": false,
    "mo": [
        [
            [
                -0.0011851117151764408,
                0.3723849403183792,
                0.36254441785733815,
                1.4409698659637558e-16,
                2.8965253431074534e-17,
                -7.2491084351111e-18,
                1.3549531382218104e-15,
                0.3419029546385815,
                -0.883394475662939,
                -2.2193898611008667,
                1.01244003009851
            ],
            [
                0.0035230943197107453,
                0.014413996310948727,
                0.04097430960803886,
                3.293749348324898e-16,
                9.030847641668461e-17,
                -5.196201414678236e-17,
                -5.940629790678822e-17,
                0.014406287963362482,
                0.07372165700582205,
                0.5047580002189879,
                2.220493425283977
            ],
            [
                0.9952305128573822,
                -0.22312319409375436,
                0.0948318210608414,
                2.5399009992285566e-18,
                -1.4781587519919295e-18,
                -1.4081256719649276e-18,
                2.2184532018950963e-16,
                -0.08142226885657823,
                -0.09009647452094766,
                -0.0003000269548374852,
                0.02551008325051761
            ],
            [
                0.023624773282917046,
                0.4705055035103051,
                -0.21455692744611632,
                8.441344224112512e-17,
                2.896657111645088e-17,
                -4.674551137988596e-18,
                -2.9377219841989808e-15,
                0.9390935018226619,
                1.2504904175975078,
                0.38198836663117897,
                0.70690362219833
            ],
            [
                -0.00760281082312988,
                0.22916147072314524,
                -0.537235831533592,
                -4.1392400027189886e-16,
                -1.0185598059502334e-16,
                4.6544438194369824e-17,
                1.9202719345809606e-15,
                -1.1771297167414962,
                -0.6152756301895276,
                1.0200068186858868,
                -3.0765896204445085
            ],
            [
                -2.3386715168287964e-19,
                6.878368270805505e-18,
                -2.572703275722712e-17,
                0.658960245546681,
                0.13826745458684486,
                -0.030742732154493663,
                -0.9371146671823579,
                -7.241550018138884e-17,
                -2.211857490064442e-15,
                1.8866018295760543e-16,
                7.745919434790073e-17
            ],
            [
                1.762845383835125e-19,
                -1.9559386069496784e-18,
                9.939900832335308e-18,
                -0.13826745458684456,
                0.6589602455466798,
                -0.9371146671823588,
                0.030742732154493656,
                9.701638947692735e-18,
                7.475343449526465e-17,
                -7.435255325069629e-18,
                -1.1465467842146127e-17
            ],
            [
                0.003420125121673834,
                0.23956819186717723,
                0.5750981855000696,
                -3.4900657185975024e-17,
                -2.121472465548274e-17,
                1.3245768443921568e-18,
                -1.5193598164252708e-15,
                -0.7615672489408294,
                0.7488477884878213,
                0.3505069073956558,
                -0.02933963380741672
            ],
            [
                6.438242701581426e-20,
                2.4185913153752506e-18,
                3.45365008337752e-18,
                0.4657899575154317,
                0.09773517026712802,
                0.03448152503121527,
                1.051082340085514,
                1.3377827392189333e-16,
                2.523975536700334e-15,
                -2.451044961294387e-16,
                -4.359569804138929e-18
            ],
            [
                -5.520256802089982e-20,
                -5.693231224901176e-19,
                8.84779652492103e-18,
                -0.09773517026712822,
                0.46578995751543284,
                1.0510823400855138,
                -0.03448152503121528,
                -2.4936763933435366e-18,
                -8.771840091844859e-17,
                1.463886359698463e-17,
                1.9333518176081957e-17
            ],
            [
                -0.001496895986775277,
                -0.04431297583965786,
                0.20693008073007546,
                -2.033191641213534e-16,
                -4.9742899543717556e-17,
                1.4979827513163813e-17,
                9.236849437232635e-16,
                0.6133363840960397,
                -0.2729708275239404,
                1.224030112051205,
                -1.2466190276029108
            ]
        ],
        [
            [
                -0.0011851117151764408,
                0.3723849403183792,
                0.36254441785733815,
                1.4409698659637558e-16,
                2.8965253431074534e-17,
                -6.315570993974035e-18,
                9.13435266108854e-16,
                0.34190295463857223,
                0.8833944756629339,
                -2.2193898611008613,
                1.0124400300985303
            ],
            [
                0.0035230943197107453,
                0.014413996310948727,
                0.04097430960803886,
                3.293749348324898e-16,
                9.030847641668461e-17,
                -5.0208660002123467e-17,
                5.748048791740937e-16,
                0.014406287963367235,
                -0.07372165700582883,
                0.5047580002190056,
                2.2204934252839736
            ],
            [
                0.9952305128573822,
                -0.22312319409375436,
                0.0948318210608414,
                2.5399009992285566e-18,
                -1.4781587519919295e-18,
                -1.2745036900384693e-18,
                2.096471210714228e-16,
                -0.08142226885657908,
                0.09009647452094652,
                -0.000300026954837417,
                0.02551008325051815
            ],
            [
                0.023624773282917046,
                0.4705055035103051,
                -0.21455692744611632,
                8.441344224112512e-17,
                2.896657111645088e-17,
                -5.519909191381048e-18,
                -2.3752924516484727e-15,
                0.9390935018226768,
                -1.2504904175974982,
                0.38198836663118635,
                0.7069036221983207
            ],
            [
