{
    "dist": -0.5,
    "thetas": [
        1.7448557058857794,
        -1.649077150016919,
        2.0375021118516665,
        2.926388517974451,
        2.9694403750439315,
        -0.2924870046656962,
        0.6851339998803385,
        1.7311841483035746,
        0.8897828870907407,
        1.394981677626908,
        -2.921451680140999,
        -1.2663793231633795,
        -2.773947824309876,
        2.243480068231582,
        -0.7988817039240748,
        1.1300180068818442,
        -1.531338241455982,
        -0.9576754694920289,
        -3.0824504749171866,
        -0.8901150950318448,
        2.8217419638603713,
        -1.7724928009645748,
        -1.1347975131086745,
        2.6249413174642493,
        -2.941136005369488,
        -2.7326544467196805,
        0.815739659640105,
        2.3487391344402075,
        -3.0868300924373417,
        1.5492904725652465,
        1.9656390491245403,
        -2.6658459083030457,
        0.9830378595694711,
        0.05819611947691916,
        -0.12639637898020917,
        2.862456773761779,
        -3.1415170444428115,
        -1.5897797083310843,
        1.3334972435574386,
        -1.1021834873956844
    ],
    "oo": false,
    "mo": [
        [
            [
                -0.0011851117151759993,
                0.3723849403183807,
                0.3625444178573405,
                5.603787681947092e-17,
                -4.261128201050729e-18,
                1.3612939844556612e-16,
                1.2989602186926493e-15,
                0.341902954638563,
                0.8833944756629434,
                -2.219389861100843,
                1.0124400300985696
            ],
            [
                0.0035230943197106647,
                0.014413996310950063,
                0.040974309608039945,
                2.0239260227814357e-16,
                3.0938554561414283e-17,
                4.802653895545741e-16,
                3.393979860821016e-16,
                0.014406287963366746,
                -0.07372165700581965,
                0.5047580002190489,
                2.2204934252839634
            ],
            [
                0.9952305128573818,
                -0.22312319409375422,
                0.09483182106084154,
                1.8959639220877984e-17,
                1.1959928688529227e-17,
                5.532258353129069e-17,
                4.053610266138927e-16,
                -0.08142226885658073,
                0.09009647452094516,
                -0.00030002695483675226,
                0.025510083250517835
            ],
            [
                0.02362477328291684,
                0.47050550351030584,
                -0.21455692744611699,
                -7.401409326358702e-17,
                -8.787332535867993e-17,
                -4.4033440655869823e-16,
                -4.912545916699211e-15,
                0.9390935018226977,
                -1.2504904175974831,
                0.3819883666312027,
                0.7069036221983189
            ],
            [
                -0.007602810823130083,
                0.22916147072314258,
                -0.5372358315335944,
                -1.4546569069999749e-16,
                4.750042944501354e-17,
                -2.6400949156312707e-17,
                3.577464156706939e-15,
                -1.1771297167415198,
                0.6152756301895,
                1.0200068186858,
                -3.0765896204445364
            ],
            [
                2.5113397346820056e-19,
                4.640527761143577e-18,
                -3.775045407186447e-17,
                0.6571660525352863,
                0.14655808952103777,
                0.6822505048465416,
                -0.6431665909119227,
                -6.84092824644763e-16,
                1.7184921606885957e-15,
                1.321692139530169e-16,
                9.76857832961353e-17
            ],
            [
                2.460132726034015e-20,
                -6.966989136611041e-19,
                -1.9891071700952502e-17,
                -0.1465580895210376,
                0.6571660525352858,
                -0.6431665909119219,
                -0.6822505048465426,
                -1.811536590821457e-15,
                1.9541335423917145e-15,
                1.433543559649744e-16,
                2.1014644712093434e-16
            ],
            [
                0.003420125121673695,
                0.2395681918671774,
                0.575098185500071,
                7.167308608451633e-17,
                5.739528655250617e-17,
                4.1550087919700126e-16,
                -1.9136172001512247e-16,
                -0.76156724894081,
                -0.7488477884878411,
                0.3505069073956573,
                -0.029339633807425273
            ],
            [
                -9.37406457346573e-20,
                1.2355798726976316e-18,
                -4.5926892165206785e-17,
                0.46452172154490123,
                0.10359545473780937,
                -0.76522274410105,
                0.721385620260467,
                9.11594613803057e-16,
                -1.9949679335804907e-15,
                -1.823961494662803e-16,
                -4.027573306989454e-17
            ],
            [
                -1.3132893645023662e-20,
                6.550399135244871e-19,
                -1.997453614024853e-17,
                -0.1035954547378096,
                0.46452172154490157,
                0.7213856202604658,
                0.7652227441010507,
                1.8386774529857796e-15,
                -2.119752826830971e-15,
                -1.0719858025511442e-16,
                -3.181822340400361e-16
            ],
            [
                -0.001496895986775388,
                -0.044312975839659326,
                0.20693008073007285,
                -9.448865091184638e-17,
                -1.5181616916144362e-17,
                -7.073165341237152e-16,
                -6.567457783515193e-16,
                0.61333638409603,
                0.27297082752396074,
                1.2240301120511714,
                -1.2466190276029459
            ]
        ],
        [
            [
                -0.0011851117151759993,
                0.3723849403183807,
                0.3625444178573405,
                5.603787681947092e-17,
                -4.261128201050729e-18,
                2.7784348832589986e-15,
                -2.2218673680511866e-15,
                0.34190295463857234,
                0.8833944756629399,
                -2.219389861100841,
                1.0124400300985759
            ],
            [
                0.0035230943197106647,
                0.014413996310950063,
                0.040974309608039945,
                2.0239260227814357e-16,
                3.0938554561414283e-17,
                4.95439783105459e-16,
                -8.361536120559015e-17,
                0.014406287963365107,
                -0.07372165700582099,
                0.5047580002190564,
                2.220493425283963
            ],
            [
                0.9952305128573818,
                -0.22312319409375422,
                0.09483182106084154,
                1.8959639220877984e-17,
                1.1959928688529227e-17,
                3.8275038119129986e-16,
                2.2444362974615592e-17,
                -0.08142226885657959,
                0.09009647452094599,
                -0.0003000269548365603,
                0.025510083250517773
            ],
            [
                0.02362477328291684,
                0.47050550351030584,
                -0.21455692744611699,
                -7.401409326358702e-17,
                -8.787332535867993e-17,
                -4.76877523549673e-15,
                2.8379640456795215e-17,
                0.939093501822681,
                -1.250490417597494,
                0.3819883666312037,
                0.7069036221983184
            ],
            [
