{
    "dist": 1.025,
    "thetas": [
        2.6642912079054266,
        -2.1496625415376767,
        2.3053954196316866,
        -2.6128189992718975,
        0.4622770899119768,
        -1.3701128529271016,
        -1.5313344182421782,
        0.4020007843637723,
        -1.7604017992677186,
        0.9338120242786836,
        0.8026910124677635,
        -0.5593642767808649,
        -0.6123381419475225,
        -0.3131409369257323,
        -1.6718146755238117,
        -2.297561711699521,
        -2.483662932392931,
        -0.16970739510385746,
        -2.4262674891507134,
        -1.3443064296088185,
        2.125046712902188,
        -1.1682111365695702,
        -2.6617063424381278,
        1.6928598255164848,
        -1.5207194334820011,
        2.7295255334943684,
        1.9354703609260708,
        -1.0346545769819757,
        -0.05436527175048056,
        -1.7421129792025705,
        -0.4131309769728362,
        0.907253796106815,
        2.9013660158372616,
        -0.38018158604402075,
        -0.382485110624724,
        0.881078877024569,
        2.595581313190542,
        0.3522367566250084,
        0.2227459122705251,
        -0.35651160698077966
    ],
    "oo": false,
    "mo": [
        [
            [
                0.0003694031905341088,
                0.09924483984707148,
                -0.27518267841014216,
                3.6736697865904854e-18,
                7.713771724418597e-17,
                -0.1407082113219186,
                1.3064431805846513,
                -4.957897082251321e-16,
                2.3617341596930823e-16,
                0.3740635228871823,
                -0.4873748728465726
            ],
            [
                0.001425637222024954,
                -0.004873237933190571,
                -0.14607705702951812,
                4.801798588315346e-19,
                3.1924108894184905e-17,
                -1.2285355074335604,
                -0.9871734733074186,
                -3.421832663299663e-16,
                -2.8048019633116865e-16,
                -0.04901647855884349,
                -0.5067447909739857
            ],
            [
                0.9955407894902456,
                -0.23307166790627865,
                -0.053121259045848676,
                1.6052085285746865e-17,
                -1.164061274239416e-17,
                -0.05860917839182063,
                0.024796385142685264,
                -1.1186730710660663e-16,
                1.0799529542993439e-17,
                0.06827273883493777,
                0.08580980716782802
            ],
            [
                0.021114866278299414,
                0.5024064175193543,
                0.12371550886779903,
                -6.003733108146775e-17,
                -8.030069226863034e-17,
                0.07863100527059884,
                -0.11820970627333137,
                6.96298552909662e-16,
                -1.3188027417038129e-15,
                -0.7019452972526325,
                -1.4288253331096805
            ],
            [
                -0.005423696205365192,
                0.5474120839996954,
                0.19945745797283487,
                3.415209061747219e-17,
                2.6462362123863444e-17,
                0.6124788922599284,
                0.17581794915513188,
                -3.5759445385632434e-16,
                1.3539536208039904e-15,
                0.5922594838372058,
                1.7952167179675187
            ],
            [
                -5.20842221253793e-18,
                2.8486305224387474e-17,
                1.997772668054804e-17,
                0.6600484373755734,
                -0.042131585663574264,
                6.264757308625459e-18,
                6.908682766129352e-18,
                -0.5241754834076887,
                -0.7875763846379248,
                1.81664480152567e-16,
                7.061159456362176e-16
            ],
            [
                4.902514823251059e-17,
                1.1923634941240109e-17,
                4.8620483757778176e-17,
                0.04213158566357397,
                0.6600484373755726,
                7.558564796129978e-17,
                1.5779534331081207e-16,
                -0.7875763846379245,
                0.5241754834076893,
                -2.137202526110454e-15,
                7.855354252358309e-17
            ],
            [
                -0.001331639528689758,
                -0.05983074180129214,
                0.5364547471656345,
                -2.8931617060441756e-17,
                -1.9451139981763094e-16,
                -0.3052387935115619,
                0.3698416791602645,
                1.4690137329037547e-15,
                -8.802692822153422e-16,
                -0.8040470212826917,
                0.4688236703429304
            ],
            [
                -1.3265522454429898e-17,
                6.945565997258672e-18,
                2.6022334558678777e-17,
                0.4882089424652372,
                -0.03116289004937498,
                -7.877544931091114e-17,
                -5.805014634657302e-17,
                0.5792919382707973,
                0.8703891441606443,
                -1.8201585860199533e-16,
                -4.96988251023313e-16
            ],
            [
                6.830265836404341e-17,
                5.43561469699651e-18,
                3.1006611260567e-17,
                0.031162890049375315,
                0.48820894246523766,
                -7.287042265168624e-17,
                -1.6960864052699168e-16,
                0.8703891441606437,
                -0.5792919382707975,
                2.0465279725264246e-15,
                -5.983552924896917e-17
            ],
            [
                0.0012574640522176608,
                -0.0464876466115593,
                0.3708042073161092,
                2.3309939094588546e-17,
                1.6834689131887299e-16,
                -0.46654230718860373,
                0.10641620913785774,
                -1.974025651377508e-15,
                9.156129908797919e-16,
                1.0519973714641682,
                -0.918084463983889
            ]
        ],
        [
            [
                0.0003694037462070068,
                0.09924479344160132,
                -0.27518243211552373,
                -8.368998668338004e-18,
                2.0739375680616803e-16,
                -0.14070858938104724,
                1.306442956655927,
                -4.004680732671594e-16,
                9.935200029586342e-17,
                0.37406388113778394,
                -0.4873752375077625
            ],
            [
                0.0014256386446966727,
                -0.004873505109808697,
                -0.14607605132414025,
                -1.2832470290700297e-16,
                3.1047024199151027e-16,
                -1.2285354330790867,
                -0.9871737648826999,
                7.265869511410427e-16,
                -2.73150495228683e-16,
                -0.04901665282085173,
                -0.506744673707555
            ],
            [
                0.995540784910215,
                -0.23307176180472122,
                -0.05312118734473003,
                -1.881412416042284e-17,
                -7.134225740783003e-17,
                -0.05860914618244469,
                0.024796383215246263,
                2.253863925810898e-16,
                1.2762242771886926e-17,
                0.06827268930541947,
                0.08580971161297464
            ],
            [
                0.021114888902919432,
                0.5024071779975254,
                0.12371552869643715,
                -3.038904029288603e-17,
                -1.0376289248257899e-16,
                0.07863104334444025,
                -0.11820990330118297,
                1.4994645549129584e-16,
                -3.755365614476754e-17,
                -0.7019452001837446,
                -1.4288250929490314
            ],
            [
