{
    "dist": 1.2,
    "thetas": [
        2.6642912079054266,
        -2.1496625415376767,
        2.3053954196316866,
        -2.6128189992718975,
        0.4622770899119768,
        -1.3701128529271016,
        -1.5313344182421782,
        0.4020007843637723,
        -1.7604017992677186,
        0.9338120242786836,
        0.8026910124677635,
        -0.5593642767808649,
        -0.6123381419475225,
        -0.3131409369257323,
        -1.6718146755238117,
        -2.297561711699521,
        -2.483662932392931,
        -0.16970739510385746,
        -2.4262674891507134,
        -1.3443064296088185,
        2.125046712902188,
        -1.1682111365695702,
        -2.6617063424381278,
        1.6928598255164848,
        -1.5207194334820011,
        2.7295255334943684,
        1.9354703609260708,
        -1.0346545769819757,
        -0.05436527175048056,
        -1.7421129792025705,
        -0.4131309769728362,
        0.907253796106815,
        2.9013660158372616,
        -0.38018158604402075,
        -0.382485110624724,
        0.881078877024569,
        2.595581313190542,
        0.3522367566250084,
        0.2227459122705251,
        -0.35651160698077966
    ],
    "oo": false,
    "mo": [
        [
            [
                0.0003216940523053385,
                0.0633787225992257,
                -0.2500032552042236,
                1.2228241924049283e-16,
                9.858557480750433e-16,
                -0.41345398324637994,
                8.139034205934919e-17,
                2.7646007118930484e-16,
                0.044567063904552534,
                -0.24779171697589444,
                1.2797450950914802
            ],
            [
                0.0010350676748220556,
                0.006922782673356611,
                -0.2092452583326638,
                1.0014048105858397e-16,
                9.12840840526872e-16,
                -0.3211911798516242,
                -4.844218732195619e-16,
                -3.9234847776715986e-16,
                0.20617946802567552,
                1.3599248217498985,
                -0.7177617679343435
            ],
            [
                0.9955671427094205,
                -0.23595881521927906,
                -0.041545779079393635,
                -1.0128004490716618e-17,
                -6.297771133944196e-17,
                -0.051219191837316956,
                1.6222419747547085e-16,
                -9.384217317586945e-17,
                -0.11375161636566548,
                0.003411287345003399,
                -0.00520772990703596
            ],
            [
                0.020804700199826724,
                0.5104756671369602,
                0.10368998776816704,
                -9.843532585104176e-17,
                -4.783002909946825e-16,
                0.28026756902040456,
                -2.0619422399782426e-15,
                1.2027154304732416e-15,
                1.4632767511258362,
                0.400175907370334,
                0.233804721749105
            ],
            [
                -0.004907939735264054,
                0.5584781344223176,
                0.1495104821763318,
                -3.4507708372217377e-17,
                -6.682687312250785e-16,
                -0.017592964646384494,
                2.1744738961166643e-15,
                -1.1066457674080578e-15,
                -1.5202883676953736,
                -0.9213947813273569,
                -0.19817197227824582
            ],
            [
                1.4831597534418519e-16,
                4.0322841540306657e-17,
                2.5819636145058236e-15,
                0.09596721938333347,
                0.656607286006399,
                5.567777299010921e-16,
                0.3950359980437697,
                0.8579506012901893,
                -4.800475107960013e-16,
                4.0410097097612147e-16,
                6.880560920085638e-17
            ],
            [
                2.2075092716866273e-19,
                -3.87025327360067e-18,
                -6.773737288728941e-17,
                0.6566072860064002,
                -0.09596721938333355,
                -2.0547860279702412e-18,
                0.8579506012901883,
                -0.3950359980437697,
                1.7279513885477644e-15,
                -4.5636916666067503e-17,
                -1.8817820294799867e-17
            ],
            [
                -0.0010980888838746324,
                -0.033626013407461616,
                0.5201953545842638,
                -2.2444054650067076e-16,
                -1.8856527779511287e-15,
                -0.8078418858483183,
                7.9415138569978e-19,
                1.0348602420434647e-15,
                0.2548310332496399,
                -0.4946773529968898,
                -0.38940446013382923
            ],
            [
                1.1644651394037083e-16,
                2.0497378152675186e-17,
                1.8289956402821337e-15,
                0.07039756777462526,
                0.4816598440068574,
                -4.687333562213765e-16,
                -0.43775669462660005,
                -0.9507326452109413,
                4.804977788028668e-16,
                -6.894438097009059e-16,
                -8.117940376833258e-17
            ],
            [
                -6.850732499122765e-18,
                -1.6035852952953518e-18,
                -5.0372861214310554e-17,
                0.4816598440068559,
                -0.07039756777462493,
                2.7072128877327466e-17,
                -0.9507326452109411,
                0.43775669462660083,
                -1.9958696350443035e-15,
                8.194717052944316e-17,
                4.8854269612205547e-17
            ],
            [
                0.0009658281148192218,
                -0.037734223073985794,
                0.38894264988200544,
                -1.6959078332656584e-16,
                -1.4808304814893047e-15,
                0.21320575631013178,
                -6.401231260050969e-17,
                -1.1552461185111277e-15,
                -0.21726891407457483,
                1.05513578928955,
                0.7768870302153542
            ]
        ],
        [
            [
                0.0003216940523053385,
                0.0633787225992257,
                -0.2500032552042236,
                1.2228241924049283e-16,
                9.858557480750433e-16,
                -0.4134539832463798,
                3.4136805658701643e-16,
                4.500928877454247e-16,
                0.04456706390455886,
                -0.24779171697155505,
                1.2797450950923233
            ],
            [
                0.0010350676748220556,
                0.006922782673356611,
                -0.2092452583326638,
                1.0014048105858397e-16,
                9.12840840526872e-16,
                -0.3211911798516249,
                7.389048874307214e-16,
                -5.92922942988493e-17,
                0.20617946802566953,
                1.3599248217474698,
                -0.7177617679389592
            ],
            [
                0.9955671427094205,
                -0.23595881521927906,
                -0.041545779079393635,
                -1.0128004490716618e-17,
                -6.297771133944196e-17,
                -0.051219191837317136,
                -4.815340500605417e-16,
                -3.5536379740782355e-16,
                -0.11375161636566551,
                0.0034112873449854133,
                -0.005207729907047418
            ],
            [
                0.020804700199826724,
                0.5104756671369602,
                0.10368998776816704,
                -9.843532585104176e-17,
                -4.783002909946825e-16,
                0.28026756902040617,
                6.211576359282138e-15,
                4.554029236561078e-15,
                1.4632767511258356,
                0.40017590737113246,
                0.23380472174774647
