{
    "dist": 1.2,
    "thetas": [
        1.704757879308132,
        -3.011204310279467,
        0.8397366260192594,
        1.563280899135842,
        -0.009380718364163876,
        -1.7291536732871136,
        -1.8971269718342263,
        1.6369627429575306,
        -2.0790379300152217,
        -2.586537231132677,
        1.1646500873100205,
        2.8487544111850127,
        -3.1167849646094092,
        0.07660625016677525,
        1.9642554329689128,
        0.70702212977712,
        1.3933297522764283,
        -1.3076812305427234,
        2.6249522282931705,
        1.3482194095209188,
        0.2673141479915979,
        -2.2483118993788564,
        -0.7958234754631421,
        1.0941137716709264,
        -0.3654729438307087,
        -0.4146023075677032,
        0.7399517487893483,
        0.08255001257991035,
        0.94497336375301,
        0.6348464674842362,
        1.917773905749895,
        0.1360130698619595,
        2.567616643692406,
        -1.1357731497354906,
        -2.5732197993538017,
        -1.2522384758651308,
        -2.425407785880496,
        2.0651656802006935,
        -2.846934388642458,
        0.7934855547557511
    ],
    "oo": false,
    "mo": [
        [
            [
                0.0003216940523054278,
                0.06337872259922428,
                -0.25000325520422545,
                -6.60701368882847e-16,
                -1.4089441937011022e-17,
                0.4134539832526486,
                -1.6459953899307051e-16,
                -1.2146164919873066e-16,
                -0.04456706370327859,
                -0.2477919633334567,
                1.279745047395248
            ],
            [
                0.0010350676748217698,
                0.006922782673356261,
                -0.2092452583326656,
                -6.699044617729229e-16,
                -1.4232240823622258e-17,
                0.3211911798680766,
                7.771840236079319e-16,
                -3.7972040460072295e-16,
                -0.206179468326646,
                1.359924959878078,
                -0.7177615061325442
            ],
            [
                0.9955671427094204,
                -0.23595881521927933,
                -0.041545779079393524,
                8.752693724367828e-18,
                4.2335018587410755e-18,
                0.05121919182875575,
                -1.8133426176402724e-16,
                2.7039292880621626e-16,
                0.11375161636837129,
                0.003411288368770382,
                -0.005207729261491676
            ],
            [
                0.0208047001998265,
                0.510475667136965,
                0.10368998776816832,
                5.295074908750995e-16,
                -9.770310471906667e-17,
                -0.2802675689088955,
                2.031055507690567e-15,
                -3.274115664319146e-15,
                -1.4632767511996052,
                0.4001758620887338,
                0.2338047989241915
            ],
            [
                -0.004907939735263789,
                0.558478134422314,
                0.1495104821763305,
                2.571773157714812e-16,
                1.2817141775490202e-16,
                0.017592964529584518,
                -2.244724087226477e-15,
                3.363370958832742e-15,
                1.5202883678508838,
                -0.9213947428936978,
                -0.1981721497916964
            ],
            [
                -2.0582080538984198e-17,
                -3.061561882163334e-17,
                -1.816854066185081e-15,
                0.6490600495484342,
                -0.138072036680307,
                4.240046751392883e-16,
                0.9374675812533138,
                0.11527015270089491,
                7.858806098129696e-16,
                -3.1365947034080467e-16,
                -4.5106153098763396e-17
            ],
            [
                1.11768872554201e-17,
                -1.6884299880972644e-17,
                -4.3595281687141384e-16,
                0.13807203668030688,
                0.6490600495484339,
                8.544511301441263e-17,
                0.11527015270089536,
                -0.937467581253314,
                2.655845495211043e-15,
                1.5523985276211768e-17,
                -1.6843391354109351e-18
            ],
            [
                -0.0010980888838745693,
                -0.033626013407462754,
                0.5201953545842626,
                1.354766115527616e-15,
                1.5388234478361544e-17,
                0.8078418858653855,
                -2.4069963320551476e-16,
                -4.522400190513214e-16,
                -0.2548310331334411,
                -0.4946772780869678,
                -0.3894045553357662
            ],
            [
                -9.680256223180268e-17,
                1.6327530124199167e-19,
                -1.2686942822319764e-15,
                0.4761235046872915,
                -0.10128391363676814,
                -2.686060375791896e-16,
                -1.038848894078701,
                -0.1277359058043529,
                -8.344608214408114e-16,
                5.660563183664377e-16,
                3.678193229630271e-17
            ],
            [
                -3.828082043773448e-17,
                -5.282694188925102e-18,
                -3.0881425858187393e-16,
                0.10128391363676809,
                0.4761235046872914,
                -1.0012905433623174e-16,
                -0.12773590580435285,
                1.038848894078702,
                -2.786829106442116e-15,
                5.050905640300145e-17,
                5.215562538808287e-17
            ],
            [
                0.0009658281148191732,
                -0.03773422307398465,
                0.38894264988200433,
                1.1921848495132003e-15,
                6.391582192741239e-17,
                -0.21320575632214211,
                4.399277612566916e-16,
                4.0544090715903565e-16,
                0.2172689139350781,
                1.055135639781694,
                0.7768872333064121
            ]
        ],
        [
            [
                0.0003216940523054278,
                0.06337872259922428,
                -0.25000325520422545,
                -6.60701368882847e-16,
                -1.4089441937011022e-17,
                0.4134539832526494,
                -5.501353843898473e-16,
                1.5660568112804603e-17,
                -0.04456706370328033,
                -0.24779196333167802,
                1.279745047395592
            ],
            [
                0.0010350676748217698,
                0.006922782673356261,
                -0.2092452583326656,
                -6.699044617729229e-16,
                -1.4232240823622258e-17,
                0.32119117986807644,
                -5.033267012020122e-16,
                -4.573515472784749e-16,
                -0.20617946832664588,
                1.3599249598770802,
                -0.717761506134435
            ],
            [
                0.9955671427094204,
                -0.23595881521927933,
                -0.041545779079393524,
                8.752693724367828e-18,
                4.2335018587410755e-18,
                0.05121919182875577,
                5.870262264988683e-16,
                1.2237936416626814e-16,
                0.11375161636837133,
                0.003411288368763162,
                -0.005207729261496338
            ],
            [
                0.0208047001998265,
                0.510475667136965,
                0.10368998776816832,
                5.295074908750995e-16,
                -9.770310471906667e-17,
                -0.2802675689088957,
                -7.709517165235538e-15,
                -1.2966853286126436e-15,
                -1.4632767511996077,
                0.4001758620890586,
                0.23380479892363384
            ],
            [
