{
    "dist": 2.8,
    "thetas": [
        0.10303561663791783,
        0.4440175435037328,
        -2.9626838121493106,
        -2.0638903033331175,
        1.1641296091591355,
        2.0979358614283568,
        -1.2128670123447274,
        2.47314391898043,
        1.392001137158437,
        -1.9481710072691576,
        0.34072200379900464,
        -0.9290823338613339,
        -1.9987289817083937,
        1.7944887938507428,
        2.924717343797493,
        -1.6816715396059143,
        -2.6165606813494104,
        0.6506139255218115,
        1.4388039280401017,
        -1.40593290510329,
        1.1643140023190055,
        0.11226465135129837,
        -2.836955320406834,
        -2.275334685827516,
        -1.966841668758823,
        3.1058909736072735,
        0.129844516818022,
        0.495049251658644,
        1.475411656763927,
        0.2636535907361983,
        2.5959203631973624,
        1.934719368471801,
        -0.609482604949342,
        -0.8970859114113354,
        2.84550831983512,
        -0.9824917722923239,
        2.293989801545284,
        2.0751960685763695,
        0.2397754572129318,
        2.6544533544477575
    ],
    "oo": false,
    "mo": [
        [
            [
                -8.988689050806137e-05,
                0.0029577205375260363,
                -2.993011224479913e-14,
                3.9953977698599503e-14,
                -0.183708976328859,
                -0.3070801245387961,
                1.2688141315736363,
                -1.818974812826863e-13,
                2.4972390070181206e-13,
                -0.15834683026416707,
                -0.11362431821361772
            ],
            [
                0.00018799141159632905,
                0.01010142999360814,
                -8.915290316025586e-14,
                1.1826305393945752e-13,
                -0.417674766132931,
                -0.5970808943523438,
                -1.098353961266764,
                2.188615652583911e-13,
                -3.001819443979694e-13,
                0.19192918207003976,
                0.138860204054062
            ],
            [
                0.9955826772156712,
                -0.2401575767730572,
                -3.3968031551963306e-15,
                4.660855276270698e-15,
                -0.005333864143661463,
                -0.005176481107216272,
                -0.011700695322304692,
                3.0376626772311184e-15,
                -4.29705927542569e-15,
                0.005544189464429272,
                -0.1224494848233905
            ],
            [
                0.020337526254339735,
                0.5265349949937828,
                9.979023628512429e-15,
                -1.3105048766041675e-14,
                0.020835333144803195,
                0.013373305113418135,
                0.0862510162603685,
                -3.065656420688586e-14,
                4.361361357119884e-14,
                -0.0626782084328319,
                1.4801692262965653
            ],
            [
                -0.004046828434198102,
                0.5645828257291567,
                6.164371266911506e-15,
                -8.459062714521182e-15,
                0.002861374060393377,
                0.013233281096431581,
                -0.05158532718948738,
                2.4030816494571524e-14,
                -3.4460657052844796e-14,
                0.05726050019830064,
                -1.4438168328466274
            ],
            [
                2.9336797785429503e-16,
                1.0964329950954932e-14,
                -0.32789509606904216,
                0.5807287573494013,
                7.928440485565227e-13,
                -3.8216535746289106e-13,
                4.3282794149914435e-15,
                0.453138696742843,
                -0.8260627985286496,
                -1.7249944663347841e-12,
                -4.388201071873366e-14
            ],
            [
                -4.856747451316034e-17,
                -1.3179079170773791e-15,
                0.5807288525396546,
                0.32789504420269233,
                -1.0969998490673822e-13,
                5.382133481920421e-14,
                -3.1372148950546554e-16,
                -0.826062731606087,
                -0.45313873427932977,
                2.241304583313788e-13,
                6.48864999677835e-15
            ],
            [
                -0.00016158249328968567,
                -0.0004616821835588863,
                5.625623528753696e-13,
                -7.366221869051524e-13,
                0.505249550606767,
                -0.36390717495484903,
                -0.10680674173664338,
                -1.007185560457818e-12,
                1.379508550531809e-12,
                -0.966577906807184,
                -0.040594694546679404
            ],
            [
                -1.5529302752159857e-16,
                3.7398054076800764e-15,
                -0.2375194540450075,
                0.42066635148310055,
                6.515018335638482e-13,
                -3.3528783545705416e-13,
                -2.4594220557519108e-14,
                -0.5042119447311786,
                0.9191681857570755,
                1.846221740554304e-12,
                3.996589293604488e-14
            ],
            [
                1.1307588600617754e-18,
                -4.3018972459656267e-16,
                0.42066624556396404,
                0.23751951175720767,
                -9.021675843184158e-14,
                4.710279684245806e-14,
                3.0842970054146764e-15,
                0.9191682342342071,
                0.5042119175406298,
                -2.393185080147215e-13,
                -5.852757051736308e-15
            ],
            [
                7.115929480724784e-05,
                -0.0035618742515826345,
                4.09911188182432e-13,
                -5.369080711815439e-13,
                0.43054513779534936,
                -0.3104547871782073,
                0.03851806130939415,
                1.115324623474658e-12,
                -1.5266216480115745e-12,
                1.030951464636509,
                0.044941035577097437
            ]
        ],
        [
            [
                -8.988693843938859e-05,
                0.0029577034966747472,
                -3.5590910983425354e-14,
                4.012810807138937e-14,
                -0.18370725242601774,
                -0.3070807551903647,
                1.2688142090778727,
                -2.2686499235021084e-13,
                2.605356628084723e-13,
                -0.1583470110180027,
                -0.1136242841037498
            ],
            [
                0.0001879914279520369,
                0.010101401962113826,
                -1.1234209593353408e-13,
                1.2597569149433567e-13,
                -0.41767176350940194,
                -0.5970833530097915,
                -1.0983537427727479,
                2.7302784442178074e-13,
                -3.1371196971681324e-13,
                0.1919293681489417,
                0.13886013670626166
            ],
            [
                0.995582676393274,
                -0.24015758196525358,
                -4.2651292927815205e-15,
                5.058668522792833e-15,
                -0.005333860360658036,
                -0.005176483280371595,
                -0.011700695626439314,
                4.533149741451538e-15,
                -5.166153308429472e-15,
                0.005544135684277127,
                -0.1224494838054608
            ],
            [
                0.020337529654634482,
                0.5265350229562523,
                1.2914280705840895e-14,
                -1.429945731690623e-14,
                0.020835252284752925,
                0.013373407515485445,
                0.08625105991563375,
                -4.470070793294353e-14,
                5.086167688179853e-14,
                -0.0626774282390442,
                1.4801692470093624
            ],
