{
    "dist": 1.625,
    "thetas": [
        2.3958260018131945,
        3.014066632168233,
        2.2907393097350255,
        2.1241702033721,
        2.5747887549532216,
        2.268116710897859,
        -0.18376821356508133,
        -0.3692349045573353,
        0.629297096919271,
        -2.7029951476934766,
        -0.5128175110076243,
        2.526099388339662,
        -2.444670949557147,
        2.5849416676918597,
        -1.9205334501648765,
        -2.087178956919396,
        2.848765104935585,
        2.9566681728718356,
        1.6185124242490563,
        2.4544011478498726,
        0.49182240310951597,
        2.2599906647832615,
        -2.3640072365335265,
        2.4583209737112917,
        0.5766613396536329,
        0.6203078226772614,
        -1.8494256733064371,
        -1.4660429783803186,
        2.746915186860476,
        1.350848660669861,
        1.3521078595549678,
        -1.211486638960258,
        -2.58831365501823,
        0.41537375491575945,
        1.26971338175455,
        -1.252168102670213,
        1.4253982794412483,
        -0.25740982863374917,
        -2.920740281290886,
        2.2378824751019755
    ],
    "oo": false,
    "mo": [
        [
            [
                3.976911465465865e-06,
                0.02508159948563638,
                2.0919712721933478e-16,
                -9.575215338759269e-18,
                -0.2109132032359757,
                -0.27677631064529506,
                1.2802399529695556,
                9.745348539727236e-18,
                -2.909673962060379e-16,
                0.22947928346246638,
                -0.0341219466808192
            ],
            [
                0.0006700508001247321,
                0.015630526596370004,
                9.734494588957531e-17,
                -7.497457654181353e-18,
                -0.32099212216319833,
                -0.749886521769192,
                -1.2273506576850444,
                -6.796859012674093e-18,
                2.0881641380212355e-16,
                -0.006747458026217821,
                -0.3157299407226554
            ],
            [
                0.9955888287491649,
                -0.23901202675931274,
                1.238967750236967e-16,
                -5.2568248418972336e-18,
                -0.023275828367277863,
                -0.02916114022835588,
                -0.014032742544573557,
                1.6286157598156145e-17,
                -2.372900135724686e-17,
                0.042633481710658686,
                0.11124598179552772
            ],
            [
                0.02045398625401957,
                0.5224176142226737,
                -2.599532454380539e-16,
                2.417279619676468e-17,
                0.06525283423146715,
                0.05105819645433448,
                0.006216295101807444,
                -2.3859403220215567e-16,
                4.524531601746958e-16,
                -0.4994868998055887,
                -1.4269929637305936
            ],
            [
                -0.004331723417930615,
                0.5621007855167894,
                1.4393355771049543e-16,
                -2.7303457021458962e-17,
                0.07832753052751384,
                0.18375374664342653,
                0.2198430339414019,
                2.360049266528102e-16,
                -4.2532114908160243e-16,
                0.4775621439103174,
                1.4696532740689678
            ],
            [
                -6.003965204624536e-17,
                -4.917411062495096e-17,
                0.6668963144270456,
                -0.031637682886063306,
                5.0073987676983365e-16,
                2.364065422189666e-17,
                -1.1984907567738644e-16,
                0.05138289859141479,
                -0.940257235970594,
                -6.864300590212765e-16,
                -2.2112424583575074e-17
            ],
            [
                -3.1368506270215773e-18,
                1.0287529175072169e-17,
                0.031637682886063334,
                0.6668963144270451,
                -4.235894070827468e-19,
                3.881332337041989e-18,
                -3.719243815860365e-17,
                -0.9402572359705935,
                -0.05138289859141496,
                1.7327588316348448e-16,
                3.3348127383133104e-17
            ],
            [
                -0.0006474986734358786,
                -0.007394124214016579,
                -3.602224112473185e-16,
                1.9260916703864807e-17,
                0.5008925257957909,
                -0.378171873547863,
                0.13571374320087143,
                -1.315197596592918e-16,
                6.119785839763925e-16,
                -0.9054409361059879,
                0.3553500829653992
            ],
            [
                -1.0897797442723535e-16,
                -2.754317935326092e-17,
                0.48172166727605054,
                -0.022852963824997383,
                3.6163039269539917e-16,
                2.6748741723922698e-17,
                1.4319004651473524e-16,
                -0.057226937387460555,
                1.0471974809919755,
                7.337879285057562e-16,
                4.213885124900584e-18
            ],
            [
                4.0576798355520236e-18,
                1.1433526033728676e-18,
                0.02285296382499751,
                0.48172166727604954,
                -7.836635751292578e-19,
                -7.656261922870909e-18,
                4.422001318311816e-17,
                1.0471974809919757,
                0.057226937387460444,
                -1.1825696205944517e-16,
                -5.944752938467315e-17
            ],
            [
                0.00046417289396086107,
                -0.01656008940122053,
                -5.232475447373792e-16,
                2.1388764769917788e-17,
                0.40028112746840133,
                -0.40272486185551715,
                -0.22990813705441143,
                1.3933455978415413e-16,
                -5.476416336894316e-16,
                0.9970763840126695,
                -0.4547889904566035
            ]
        ],
        [
            [
                3.976745128033105e-06,
                0.025081417353285836,
                -6.815168141439473e-17,
                -3.216875424588864e-16,
                -0.2109108288167507,
                -0.27677687617955005,
                -1.2802401408606081,
                -3.5298378991125396e-16,
                -2.012607833112581e-16,
                0.22947980955918207,
                -0.034121582132525814
            ],
            [
                0.0006700514280313214,
                0.01563031496999225,
                -1.2019446283128107e-16,
                -4.599974601313619e-16,
                -0.32098834669894144,
                -0.7498890050167987,
                1.2273501224161054,
                3.811466883229385e-16,
                2.7711282211614586e-17,
                -0.006746944917345066,
                -0.3157299833608036
            ],
            [
                0.9955888246424779,
                -0.2390120918985136,
                -1.4778725773839566e-18,
                -3.6771482642809686e-17,
                -0.02327570927546696,
                -0.0291611505735751,
                0.014032732476620962,
                3.2022312786244783e-17,
                -3.3528909636408264e-18,
                0.042633248115644104,
                0.11124599159376793
            ],
            [
                0.020454004890205987,
                0.5224181471761573,
                -1.198545496452884e-16,
                4.203391517761194e-17,
                0.06525244315810806,
                0.051058496349860615,
                -0.006216287485370362,
                -3.51312917590359e-16,
                1.9261477494766573e-16,
                -0.4994837756824814,
                -1.4269938690619028
            ],
