{
    "dist": 1.625,
    "thetas": [
        2.1855667552925073,
        -0.013626910764637845,
        -1.859523032357932,
        1.585069256382293,
        0.8220384850650033,
        -2.7839212907039954,
        -2.872867837764958,
        -0.5027397606753228,
        3.060297672971223,
        -2.5741139851023065,
        -2.3744251662846403,
        0.2496673797027653,
        1.8406245937279886,
        -0.716805742586871,
        -1.0835715142998037,
        -2.8692551741767,
        -1.0142829333960175,
        0.27121062892473846,
        0.33197733616490144,
        1.363914835828135,
        0.40354106223186115,
        0.6218572486113025,
        1.8077324953950757,
        2.288024164747765,
        1.9156297680911916,
        -1.4815332252829163,
        0.49399948671315874,
        -2.2878061385722064,
        0.47215045733477545,
        -2.8732461523736585,
        1.9721328625056227,
        -1.3432578969727325,
        2.807964494593704,
        2.0480359071919585,
        -2.8761355781010147,
        -0.6624231992419629,
        -1.2241454708515218,
        1.6813635975262828,
        -2.651227798597092,
        -0.001082322442041761
    ],
    "oo": false,
    "mo": [
        [
            [
                3.9769114653895915e-06,
                0.025081599485635108,
                3.8749967474646923e-17,
                -4.289579440085458e-17,
                -0.21091320323597393,
                -0.2767763106452957,
                -1.2802399529695545,
                8.459488640774444e-17,
                -5.00865249680385e-16,
                0.22947928346246804,
                -0.03412194668081737
            ],
            [
                0.0006700508001249303,
                0.015630526596372447,
                -7.917876766805444e-17,
                -1.026247728077049e-16,
                -0.3209921221631895,
                -0.7498865217691961,
                1.2273506576850433,
                -7.50371498627485e-17,
                5.367288074021415e-16,
                -0.006747458026214265,
                -0.31572994072265503
            ],
            [
                0.9955888287491649,
                -0.23901202675931243,
                5.1472168053288894e-17,
                -7.354749659008002e-17,
                -0.023275828367277193,
                -0.029161140228356502,
                0.014032742544573646,
                -5.775969101726537e-18,
                4.6840856263003097e-17,
                0.042633481710657256,
                0.111245981795528
            ],
            [
                0.0204539862540195,
                0.5224176142226735,
                -1.6461839415026826e-16,
                3.1934458707790064e-16,
                0.06525283423146554,
                0.05105819645433634,
                -0.0062162951018074186,
                7.349393076361227e-17,
                -5.901100653411547e-16,
                -0.4994868998055713,
                -1.4269929637306
            ],
            [
                -0.004331723417930703,
                0.562100785516789,
                4.8503725664052424e-17,
                -3.808825907304378e-16,
                0.07832753052751096,
                0.1837537466434286,
                -0.21984303394140256,
                -6.79694759674397e-17,
                5.160331978694552e-16,
                0.4775621439102999,
                1.4696532740689736
            ],
            [
                3.0448283437849943e-18,
                6.52784271337681e-17,
                0.5007375682542478,
                0.44160335699992004,
                -1.3145078413199547e-16,
                3.100837392921697e-18,
                2.2943854945789784e-16,
                0.07999424370028524,
                -0.9382562512648321,
                3.751159114780311e-16,
                3.1469674005536557e-16
            ],
            [
                2.0529213760657287e-17,
                1.4269012273673684e-17,
                -0.44160335699992004,
                0.5007375682542479,
                -1.582441674852043e-16,
                9.431435354782993e-18,
                3.882486603267557e-17,
                0.9382562512648313,
                0.0799942437002853,
                -8.68613748817554e-17,
                1.4764553088391624e-16
            ],
            [
                -0.0006474986734358761,
                -0.00739412421401521,
                1.0195155832708803e-17,
                2.1149999940378052e-16,
                0.5008925257957972,
                -0.37817187354785936,
                -0.1357137432008729,
                2.984096412045822e-17,
                -3.322202910082481e-16,
                -0.9054409361059896,
                0.3553500829653873
            ],
            [
                1.1118372722270644e-17,
                3.166756168472924e-17,
                0.3616996091130414,
                0.3189849768347653,
                -8.623687913806694e-17,
                2.2130911201967296e-17,
                -2.5286487017610555e-16,
                -0.08909239651883619,
                1.0449689141028171,
                -4.2092956840755405e-16,
                -2.7673249226366487e-16
            ],
            [
                1.3223781291908634e-17,
                -1.5516069111301307e-18,
                -0.3189849768347651,
                0.361699609113041,
                -1.148623356598426e-16,
                6.4346239455369424e-18,
                -5.044173466104542e-17,
                -1.0449689141028167,
                -0.0890923965188362,
                -3.773891465993688e-17,
                -5.987187925868868e-17
            ],
            [
                0.00046417289396107015,
                -0.0165600894012187,
                -1.4007296595691013e-16,
                -4.675963366797728e-17,
                0.40028112746840355,
                -0.4027248618555103,
                0.22990813705441204,
                -3.9975968043173415e-17,
                4.795386352132439e-16,
                0.9970763840126763,
                -0.4547889904565917
            ]
        ],
        [
            [
                3.976745128161529e-06,
                0.02508141735328602,
                -3.5174600610013495e-17,
                3.7166412286971096e-16,
                -0.2109108288167493,
                -0.27677687617955116,
                -1.2802401408606083,
                9.608673384678264e-18,
                -1.575521969259495e-16,
                0.22947980955918165,
                -0.03412158213252637
            ],
            [
                0.0006700514280311924,
                0.015630314969991847,
                -1.056130033342957e-16,
                5.195436970416253e-16,
                -0.32098834669894094,
                -0.7498890050167977,
                1.2273501224161059,
                -8.872590377194426e-17,
                3.167768179682239e-16,
                -0.006746944917347015,
                -0.3157299833608064
            ],
            [
                0.9955888246424783,
                -0.23901209189851372,
                1.2042528568772211e-17,
                1.2039805353380828e-16,
                -0.023275709275466964,
                -0.029161150573575417,
                0.014032732476621197,
                2.680786715155523e-17,
                -1.0946313520615717e-17,
                0.04263324811564494,
                0.1112459915937672
            ],
            [
                0.020454004890206535,
                0.5224181471761582,
                -4.1400538000255994e-16,
                -3.796134655651067e-17,
                0.06525244315810874,
                0.051058496349861475,
                -0.006216287485372683,
                -3.1064961024918326e-16,
                7.873942310548182e-17,
                -0.49948377568249624,
                -1.4269938690618957
            ],
