{
    "dist": 1.625,
    "thetas": [
        2.6642912079054266,
        -2.1496625415376767,
        2.3053954196316866,
        -2.6128189992718975,
        0.4622770899119768,
        -1.3701128529271016,
        -1.5313344182421782,
        0.4020007843637723,
        -1.7604017992677186,
        0.9338120242786836,
        0.8026910124677635,
        -0.5593642767808649,
        -0.6123381419475225,
        -0.3131409369257323,
        -1.6718146755238117,
        -2.297561711699521,
        -2.483662932392931,
        -0.16970739510385746,
        -2.4262674891507134,
        -1.3443064296088185,
        2.125046712902188,
        -1.1682111365695702,
        -2.6617063424381278,
        1.6928598255164848,
        -1.5207194334820011,
        2.7295255334943684,
        1.9354703609260708,
        -1.0346545769819757,
        -0.05436527175048056,
        -1.7421129792025705,
        -0.4131309769728362,
        0.907253796106815,
        2.9013660158372616,
        -0.38018158604402075,
        -0.382485110624724,
        0.881078877024569,
        2.595581313190542,
        0.3522367566250084,
        0.2227459122705251,
        -0.35651160698077966
    ],
    "oo": false,
    "mo": [
        [
            [
                3.976911465368883e-06,
                0.025081599485635375,
                -9.158368798325485e-17,
                1.7611730862619073e-16,
                -0.21091320323597448,
                -0.27677631064529556,
                -1.2802399529695538,
                1.9443717942277332e-16,
                2.3139196932716115e-16,
                0.229479283462471,
                -0.03412194668081595
            ],
            [
                0.000670050800124852,
                0.01563052659637245,
                8.483217181777458e-17,
                2.0655132346631843e-16,
                -0.3209921221631918,
                -0.7498865217691953,
                1.2273506576850437,
                -6.242035293165741e-18,
                -1.9252303211718086e-16,
                -0.006747458026211996,
                -0.3157299407226525
            ],
            [
                0.9955888287491651,
                -0.23901202675931246,
                2.1027150048317522e-17,
                -1.7747636642553646e-16,
                -0.02327582836727767,
                -0.029161140228356412,
                0.014032742544573849,
                -6.719158093499795e-17,
                5.579227237984183e-18,
                0.04263348171065576,
                0.11124598179552903
            ],
            [
                0.020453986254019518,
                0.5224176142226729,
                2.561100040952613e-16,
                -9.861569416078478e-17,
                0.06525283423146673,
                0.0510581964543352,
                -0.006216295101805845,
                8.781398458371425e-16,
                -9.922746799387598e-17,
                -0.4994868998055494,
                -1.4269929637306074
            ],
            [
                -0.004331723417930812,
                0.5621007855167894,
                -1.8950426089456417e-16,
                -4.546382096289558e-17,
                0.07832753052751261,
                0.18375374664342872,
                -0.21984303394140475,
                -8.778446878081818e-16,
                1.4149105183337636e-16,
                0.47756214391027696,
                1.46965327406898
            ],
            [
                -8.370050707573907e-18,
                1.2295185117611422e-17,
                0.6166209024390578,
                -0.2559888666524771,
                -1.878400797499444e-16,
                -8.50000956572349e-17,
                1.8613973698326174e-16,
                0.9009298515109774,
                0.273951226898371,
                1.660390862302036e-16,
                5.820552289255506e-16
            ],
            [
                1.122867583846937e-17,
                1.3761168259696718e-17,
                0.2559888666524771,
                0.6166209024390575,
                5.353811740536969e-16,
                -6.763519065485198e-17,
                -7.630641257373567e-17,
                0.2739512268983706,
                -0.9009298515109769,
                1.0138138794522185e-16,
                2.3035895507456427e-16
            ],
            [
                -0.0006474986734356082,
                -0.00739412421401676,
                -1.4363361637712293e-16,
                -4.1630358945012557e-16,
                0.500892525795795,
                -0.37817187354785964,
                -0.13571374320087537,
                -6.288573497145085e-17,
                -1.5256657377363795e-16,
                -0.9054409361059964,
                0.3553500829653736
            ],
            [
                -5.9274422017492306e-18,
                1.5332811755801873e-18,
                0.44540604404959266,
                -0.18490937943461505,
                -1.766736317887458e-16,
                -7.444756591986855e-17,
                -2.0114027507505933e-16,
                -1.0033971927680843,
                -0.30510909541312825,
                -6.770610322575197e-17,
                -4.964116727830626e-16
            ],
            [
                7.572663855788392e-18,
                -6.0669980731925736e-18,
                0.18490937943461502,
                0.44540604404959216,
                3.950489760012438e-16,
                -5.575099328836426e-17,
                8.880228721880814e-17,
                -0.30510909541312764,
                1.0033971927680843,
                -1.877002183008995e-16,
                -1.279027405691556e-16
            ],
            [
                0.00046417289396067155,
                -0.016560089401219287,
                2.9964598573417305e-16,
                -4.789558410336505e-16,
                0.40028112746840333,
                -0.40272486185551315,
                0.2299081370544153,
                1.1408789878883738e-16,
                1.4855253661797847e-16,
                0.9970763840126825,
                -0.45478899045657567
            ]
        ],
        [
            [
                3.976745128128352e-06,
                0.025081417353285264,
                1.2028549285182227e-17,
                3.7816445412879675e-17,
                -0.21091082881674905,
                -0.27677687617955044,
                1.2802401408606074,
                -6.823287027110772e-16,
                3.117871949794641e-16,
                0.22947980955918312,
                -0.034121582132524454
            ],
            [
                0.0006700514280312016,
                0.015630314969994476,
                -4.323774301627415e-17,
                9.946619154301639e-18,
                -0.3209883466989355,
                -0.7498890050168014,
                -1.2273501224161043,
                6.664374947562686e-16,
                -2.7715526995178937e-16,
                -0.0067469449173423604,
                -0.3157299833608035
            ],
            [
                0.9955888246424784,
                -0.23901209189851355,
                -1.660131235036344e-17,
                -1.2667781839403356e-16,
                -0.023275709275466547,
                -0.029161150573575923,
                -0.014032732476621177,
                -3.404279202675349e-17,
                2.2374064183794044e-16,
                0.042633248115643244,
                0.11124599159376879
            ],
            [
                0.02045400489020626,
                0.5224181471761555,
                8.722168226252837e-18,
                1.8534779723213907e-16,
                0.06525244315810715,
                0.05105849634986224,
                0.0062162874853706595,
                5.005265579229253e-16,
                -2.2964687763856944e-15,
                -0.4994837756824706,
                -1.4269938690619068
