{
    "dist": 1.625,
    "thetas": [
        1.0824581083310676,
        -0.07490562672962531,
        2.045146495060206,
        -2.9440091728923625,
        1.9355350036912204,
        0.4122864067919232,
        -1.2715753426470968,
        -2.8481947885923398,
        3.0827028676546355,
        -3.0987053080191687,
        1.6951595907025174,
        1.5504834232626843,
        -0.7700738744524487,
        -0.036772642089067276,
        2.6951622347532513,
        -0.6568816124913903,
        2.977955240480968,
        0.15340218092467994,
        -2.553404241221722,
        1.968574815808429,
        -1.811525352650629,
        0.34146463524734116,
        -1.3052116384528223,
        1.9863810312485803,
        2.061152232120124,
        -1.749380967135041,
        0.9100232690836672,
        -2.5435488851435126,
        -0.5550362397858817,
        -2.532970267248091,
        -2.2367448611807736,
        -1.8083247626073817,
        -0.14667370733601048,
        -2.6539305358307423,
        -1.6647690189709083,
        -3.1004189234255946,
        2.5047552990058524,
        0.32819858348667985,
        -2.088866144067793,
        2.6947211011102787
    ],
    "oo": false,
    "mo": [
        [
            [
                3.976911465397777e-06,
                0.025081599485635854,
                8.12689321201046e-17,
                2.093081259613649e-17,
                -0.2109132032359776,
                -0.27677631064529506,
                1.280239952969554,
                -1.42283380026911e-16,
                6.848396663692965e-18,
                0.22947928346246843,
                -0.03412194668081809
            ],
            [
                0.0006700508001248059,
                0.015630526596371482,
                8.31135184445022e-17,
                -4.584184049531802e-17,
                -0.3209921221632004,
                -0.7498865217691897,
                -1.2273506576850446,
                1.1502717346393738e-16,
                1.2575333693792392e-17,
                -0.006747458026215721,
                -0.3157299407226539
            ],
            [
                0.9955888287491649,
                -0.23901202675931268,
                7.033755011418132e-18,
                1.0783967994269062e-17,
                -0.023275828367278102,
                -0.029161140228356013,
                -0.014032742544573625,
                -5.4479741844142593e-17,
                3.609062926517453e-17,
                0.042633481710657256,
                0.11124598179552844
            ],
            [
                0.020453986254019223,
                0.5224176142226719,
                -1.7389953967670405e-16,
                -1.5996829448110167e-16,
                0.06525283423146783,
                0.05105819645433429,
                0.006216295101806895,
                7.537593682875112e-16,
                -3.8118356306226003e-16,
                -0.4994868998055731,
                -1.4269929637305996
            ],
            [
                -0.004331723417930622,
                0.562100785516791,
                1.2340141880801422e-16,
                1.745878683361302e-16,
                0.07832753052751466,
                0.1837537466434273,
                0.2198430339414034,
                -7.815214970545702e-16,
                3.4474709470989607e-16,
                0.47756214391030155,
                1.4696532740689716
            ],
            [
                5.799263734950432e-18,
                -2.829465064773595e-17,
                0.5733953402752656,
                -0.3420079252376887,
                1.9005151661951835e-16,
                -3.069663130264239e-17,
                -5.507899644073712e-17,
                -0.9201864773881812,
                -0.19995179142644723,
                -4.824081058218728e-16,
                -4.178601755534608e-16
            ],
            [
                -5.5998427338166714e-18,
                -4.286474225306439e-17,
                0.34200792523768875,
                0.573395340275265,
                1.0734673526871295e-16,
                8.856088152497188e-18,
                -6.19186391713661e-18,
                0.1999517914264471,
                -0.9201864773881816,
                4.3026690510644776e-16,
                8.421020641446264e-17
            ],
            [
                -0.0006474986734356526,
                -0.007394124214017062,
                -1.433845810244878e-16,
                2.9744484599069784e-18,
                0.5008925257957901,
                -0.3781718735478652,
                0.13571374320087307,
                4.0423624351393167e-16,
                -2.4228034184897445e-16,
                -0.9054409361059907,
                0.355350082965389
            ],
            [
                -6.35730346322038e-18,
                4.6443048605199155e-18,
                0.4141827647721013,
                -0.24704384235301496,
                1.3945317706569746e-16,
                -1.1810560025536371e-17,
                -9.400952548957597e-18,
                1.0248439727975893,
                0.22269332719940618,
                5.304348495131352e-16,
                3.357491164683421e-16
            ],
            [
                4.961472889834575e-18,
                -6.2737679826754335e-18,
                0.2470438423530151,
                0.41418276477210175,
                8.043422738757216e-17,
                2.6773368584468003e-17,
                5.813190211124879e-18,
                -0.22269332719940582,
                1.0248439727975893,
                -4.643341749758896e-16,
                -2.379352951881017e-16
            ],
            [
                0.00046417289396073253,
                -0.016560089401220408,
                -1.4612053320297177e-16,
                -4.1715563209264126e-17,
                0.4002811274683993,
                -0.4027248618555177,
                -0.22990813705441346,
                -4.710907148852542e-16,
                2.5011872035729955e-16,
                0.9970763840126744,
                -0.4547889904565923
            ]
        ],
        [
            [
                3.976745128121793e-06,
                0.02508141735328582,
                1.9735655169573227e-17,
                8.376205696029527e-18,
                -0.2109108288167481,
                -0.2767768761795494,
                -1.2802401408606088,
                9.147067094882744e-17,
                -2.794947484826355e-17,
                0.22947980955917846,
                -0.03412158213252959
            ],
            [
                0.0006700514280312891,
                0.015630314969992003,
                -6.753881810174438e-17,
                -2.4112912619197017e-17,
                -0.32098834669893583,
                -0.7498890050168027,
                1.2273501224161034,
                1.0925177394881389e-16,
                6.431432039745623e-17,
                -0.006746944917347669,
                -0.31572998336080504
            ],
            [
                0.9955888246424782,
                -0.23901209189851344,
                1.4005653670491815e-16,
                -1.316891364805993e-17,
                -0.023275709275466638,
                -0.029161150573575653,
                0.014032732476620971,
                6.523453087777995e-17,
                8.054146655361233e-19,
                0.042633248115646186,
                0.11124599159376718
            ],
            [
                0.020454004890206153,
                0.5224181471761568,
                -7.107769447059719e-17,
                -2.1821093143566392e-16,
                0.06525244315810752,
                0.05105849634986169,
                -0.006216287485370769,
                -7.522746086378335e-16,
                4.8746372213074566e-17,
                -0.4994837756825115,
                -1.4269938690618913
            ],
