{
    "dist": 0.575,
    "thetas": [
        0.5537421544386962,
        2.498909051664074,
        2.460060126744791,
        1.9844653968763062,
        -2.9160917365612167,
        1.2048484202477079,
        -0.7622701226724877,
        0.11630770046138306,
        0.9924383276466164,
        -1.9235958127940909,
        -1.4305782372210243,
        1.3735415900651207,
        1.7781641208316445,
        2.2011734789331534,
        1.7294146738215828,
        -2.911224022186897,
        -2.40838429156288,
        1.578843198998931,
        -1.6385402723546971,
        -1.5405992506075,
        2.2470274829181465,
        2.8260449683589304,
        0.3875899599017809,
        -2.018281518058492,
        1.6980429755320765,
        -0.047871339949845826,
        0.824687333071147,
        2.133128361069385,
        -0.24479669277424554,
        -0.012942901129407325,
        1.1272732977552549,
        0.9474158401493504,
        -1.4527023588714385,
        -2.718579295467798,
        1.7055401050398515,
        -0.119480220538136,
        -1.073127789488372,
        0.0668597278125862,
        -1.4851638708039598,
        -1.1905910446293386
    ],
    "oo": false,
    "mo": [
        [
            [
                -0.0007978298526491658,
                0.3168899983269407,
                -0.35019678375497504,
                -5.3913399635490957e-17,
                1.926393412639619e-16,
                -0.00858332262894468,
                0.8903189070032608,
                -1.4178078879358825e-16,
                1.4817022853880698e-16,
                -1.7204466682884372,
                -1.139290339677628
            ],
            [
                0.003132473047580795,
                -0.005464218457335703,
                -0.04139816688777595,
                -1.3119397232007127e-17,
                3.3468443951419494e-16,
                1.707333812872765,
                0.5669850682037586,
                -5.962513787215541e-17,
                1.6017900074834415e-16,
                -0.68160261886808,
                0.9562548161963742
            ],
            [
                0.995307588330715,
                -0.22171378398558267,
                -0.0913922096504613,
                -1.0618524925584147e-19,
                6.967674199998034e-17,
                0.0723052825310602,
                0.04732054184172266,
                -1.58961082796443e-17,
                9.838599983735473e-18,
                0.02692410066370337,
                -0.09438102254385564
            ],
            [
                0.022888314636015095,
                0.47974229912670535,
                0.19486815950973593,
                -3.96852563859798e-17,
                -1.6630262402593648e-16,
                -0.07389309559787276,
                -0.14355478040903208,
                1.238729940667008e-16,
                -4.9979396794301555e-17,
                -0.8980226862249447,
                1.4431445783062073
            ],
            [
                -0.007148908441014207,
                0.31767958742186486,
                0.4772375650085293,
                9.903249259603842e-17,
                -4.187401589824821e-16,
                -1.0899518234592644,
                -0.910067638401567,
                3.13123356998584e-17,
                -1.569147601616521e-16,
                2.5813062445697743,
                -1.2555694442288265
            ],
            [
                -6.976810274135145e-18,
                2.1817217609276262e-17,
                3.764863735638316e-16,
                0.025382342804781216,
                0.6670005648057136,
                -5.650961612582634e-17,
                -9.620367786672227e-17,
                -0.6279106380449524,
                -0.701904354659574,
                -4.3783362511628233e-17,
                9.470438681835307e-18
            ],
            [
                -4.24440678219036e-19,
                -8.523115667017951e-18,
                -2.4423840797656852e-17,
                0.6670005648057145,
                -0.025382342804780977,
                -2.0437732291222317e-17,
                -2.9363395906924385e-16,
                -0.7019043546595733,
                0.6279106380449526,
                -3.2999894090730596e-17,
                1.4757716739410177e-17
            ],
            [
                -0.0026614376372501632,
                -0.20795302826077094,
                0.5743851828090787,
                1.0606547981450849e-17,
                -3.0770116712130075e-16,
                0.12336484959582436,
                -0.6600584923108946,
                2.2179940986362008e-16,
                -9.584040840146114e-17,
                -0.5925058526243945,
                -0.5634100012995665
            ],
            [
                -3.9480802114537315e-18,
                3.3275356584911945e-18,
                2.290573202247636e-16,
                0.01834590069161421,
                0.48209600734221714,
                -1.197364061685244e-16,
                5.245943432520478e-17,
                0.6991846510064722,
                0.781577379833217,
                3.782783794632345e-17,
                8.564740823807693e-19
            ],
            [
                5.8243302660139135e-19,
                -5.494939838491296e-19,
                -1.0820802242142376e-17,
                0.4820960073422175,
                -0.01834590069161452,
                3.580892164487138e-19,
                3.3707056626337737e-16,
                0.7815773798332166,
                -0.6991846510064725,
                3.796569926705277e-17,
                -9.298939013284832e-18
            ],
            [
                0.0013918748989304361,
                0.01767128193470899,
                0.23340365564728516,
                -4.84783585154339e-17,
                8.890119973106203e-18,
                0.2773466806809249,
                1.6088782307478056,
                -3.7610438141720606e-16,
                2.8498565085970033e-16,
                -0.8688051000153472,
                -0.010533661798063407
            ]
        ],
        [
            [
                -0.0007978237971923987,
                0.3168897305981295,
                -0.3501955779396109,
                1.9986451152920244e-17,
                1.528574632445654e-16,
                -0.00858303735214583,
                0.8903186363416513,
                1.8599637417975557e-16,
                -1.263460829805156e-15,
                -1.7204456218048665,
                -1.13929257875316
            ],
            [
                0.0031324721051576303,
                -0.00546437728345476,
                -0.04139612460878675,
                1.5286416777693778e-17,
                2.0845230938673903e-16,
                1.7073337200338816,
                0.5669864229863755,
                1.5992004255302357e-16,
                -8.497673831279275e-16,
                -0.6816032116223989,
                0.9562538436737769
            ],
            [
                0.995307590237253,
                -0.2217137007634296,
                -0.09139219179561477,
                4.074140997856564e-18,
                4.2321927005079614e-17,
                0.07230538022729509,
                0.047320579879806535,
                1.8511099102452684e-17,
                -9.193597998218467e-17,
                0.02692428066070972,
                -0.09438106996313035
            ],
            [
                0.022888304797148488,
                0.47974198156173314,
                0.19486714887054876,
                5.807682464412527e-19,
                -1.121067764594376e-16,
                -0.07389333276508937,
                -0.14355362340298194,
                -1.1906618918782766e-16,
                4.648686989646799e-16,
                -0.8980239846591348,
                1.443144115469076
            ],
            [
