{
    "dist": 1.5,
    "thetas": [
        1.7448557058857794,
        -1.649077150016919,
        2.0375021118516665,
        2.926388517974451,
        2.9694403750439315,
        -0.2924870046656962,
        0.6851339998803385,
        1.7311841483035746,
        0.8897828870907407,
        1.394981677626908,
        -2.921451680140999,
        -1.2663793231633795,
        -2.773947824309876,
        2.243480068231582,
        -0.7988817039240748,
        1.1300180068818442,
        -1.531338241455982,
        -0.9576754694920289,
        -3.0824504749171866,
        -0.8901150950318448,
        2.8217419638603713,
        -1.7724928009645748,
        -1.1347975131086745,
        2.6249413174642493,
        -2.941136005369488,
        -2.7326544467196805,
        0.815739659640105,
        2.3487391344402075,
        -3.0868300924373417,
        1.5492904725652465,
        1.9656390491245403,
        -2.6658459083030457,
        0.9830378595694711,
        0.05819611947691916,
        -0.12639637898020917,
        2.862456773761779,
        -3.1415170444428115,
        -1.5897797083310843,
        1.3334972435574386,
        -1.1021834873956844
    ],
    "oo": false,
    "mo": [
        [
            [
                9.514252264535366e-05,
                0.03214371011279368,
                1.5604066161812557e-17,
                1.2294817083162717e-16,
                -0.2196198292227566,
                -0.2628265533111594,
                1.2623030589979993,
                1.0571357136618761e-16,
                -1.5469765023021183e-16,
                0.28239250226377677,
                -0.15813315088558197
            ],
            [
                0.0007305359632197297,
                0.014996273334846166,
                -9.001720361834626e-17,
                1.698598032618571e-16,
                -0.29509079694502993,
                -0.8081438932455763,
                -1.2308617212030741,
                -1.44491118589743e-16,
                1.1180368463898687e-16,
                -0.07348598613495115,
                -0.293715133662579
            ],
            [
                0.9955858678630285,
                -0.23847766256662437,
                1.2222821555467214e-17,
                4.3059852371623376e-17,
                -0.027499347235012423,
                -0.034489252620910175,
                -0.00864047506095433,
                9.35529199414987e-18,
                -7.83339636454458e-17,
                0.05561396428067202,
                0.10457419772915144
            ],
            [
                0.020513714683599468,
                0.5200371323876243,
                -7.705433510053776e-17,
                -1.0658850284430416e-16,
                0.07484791243636126,
                0.057407835208772545,
                -0.031855478171501035,
                -1.2034849839010878e-16,
                6.602836397062887e-16,
                -0.6555589313967519,
                -1.3715279728516456
            ],
            [
                -0.004432720760012803,
                0.5618528854015956,
                9.432948472858483e-17,
                -6.71286450510644e-18,
                0.09535400067202635,
                0.23826231170589846,
                0.27699099234512675,
                1.4788666679318677e-16,
                -6.622075130989331e-16,
                0.6381652007194425,
                1.4353409745665
            ],
            [
                -7.121032121594637e-17,
                -4.151072031808914e-17,
                0.6652394406256856,
                0.045785604471507924,
                4.30416315382448e-17,
                -1.2377905494482688e-16,
                -4.2481379342608435e-17,
                0.6556469937612437,
                0.6767294096376626,
                4.440075899331714e-16,
                1.2569074029788213e-16
            ],
            [
                -1.4351291383076556e-16,
                -4.572149694377221e-18,
                -0.045785604471508146,
                0.6652394406256842,
                4.662072280702203e-16,
                -3.3517234304896624e-17,
                7.329352043920495e-17,
                -0.6767294096376635,
                0.6556469937612435,
                3.2593033406854065e-16,
                2.160342804638688e-16
            ],
            [
                -0.0007573760525220307,
                -0.011873207297916228,
                -2.2334304480139652e-17,
                -3.86664176272792e-16,
                0.5040719737746643,
                -0.37519673193489006,
                0.18916875264876187,
                2.226941606848121e-17,
                4.2181589985757365e-16,
                -0.8544210876785042,
                0.4527399937553198
            ],
            [
                4.661362419976437e-17,
                -6.996085476572491e-18,
                0.4820504798043775,
                0.03317748656463474,
                5.161062908695851e-17,
                -4.607852364706463e-18,
                6.077562551222119e-17,
                -0.7294626152710479,
                -0.7529185822285422,
                -4.4199250795652145e-16,
                -1.199972170182211e-16
            ],
            [
                -2.9208068786806703e-17,
                -1.5235278575583608e-18,
                -0.033177486564634505,
                0.48205047980437815,
                3.524058870517632e-16,
                -5.868522955101367e-17,
                -8.167594151315692e-17,
                0.7529185822285427,
                -0.7294626152710466,
                -4.0853472608732608e-16,
                -1.5778482189318974e-16
            ],
            [
                0.000570605930382919,
                -0.021414683788848102,
                -1.5313279688337004e-16,
                -3.209770699883065e-16,
                0.398228380486131,
                -0.42155444690989985,
                -0.23129093576483653,
                -6.242699652844993e-17,
                -4.694672286291521e-16,
                0.9516046699359163,
                -0.5894484020444074
            ]
        ],
        [
            [
                9.514246929309301e-05,
                0.03214352513997061,
                -1.0898067565182743e-15,
                -2.288051297765293e-16,
                -0.21961799988419542,
                -0.2628269343753737,
                1.2623031746721018,
                1.476134144131721e-15,
                -1.0534949216951346e-16,
                0.28239319456815226,
                -0.1581329360765749
            ],
            [
                0.0007305364387636983,
                0.014996085180588642,
                -1.296610846348341e-15,
                -2.8919040031323665e-16,
                -0.2950881229895369,
                -0.8081455497467697,
                -1.23086127756096,
                -1.4793176630689478e-15,
                1.0125654134154816e-16,
                -0.07348570875446761,
                -0.2937152004966202
            ],
            [
                0.9955858647829932,
                -0.23847771388586012,
                -1.1689836432407618e-16,
                -2.9431912244595804e-17,
                -0.027499252599893005,
                -0.03448924913174644,
                -0.00864046977646453,
                6.30744151839687e-17,
                2.4136256079189112e-17,
                0.05561380093378633,
                0.10457422336358169
            ],
            [
                0.020513728641294793,
                0.5200375337907119,
                3.850631652404023e-16,
                9.577290107249806e-17,
                0.07484758278113034,
                0.05740806153744011,
                -0.031855534645384855,
                -1.126037780226397e-15,
                -3.3702527799428835e-16,
                -0.6555566917914486,
                -1.3715288981271894
            ],
