{
    "dist": 1.975,
    "thetas": [
        0.5537421544386962,
        2.498909051664074,
        2.460060126744791,
        1.9844653968763062,
        -2.9160917365612167,
        1.2048484202477079,
        -0.7622701226724877,
        0.11630770046138306,
        0.9924383276466164,
        -1.9235958127940909,
        -1.4305782372210243,
        1.3735415900651207,
        1.7781641208316445,
        2.2011734789331534,
        1.7294146738215828,
        -2.911224022186897,
        -2.40838429156288,
        1.578843198998931,
        -1.6385402723546971,
        -1.5405992506075,
        2.2470274829181465,
        2.8260449683589304,
        0.3875899599017809,
        -2.018281518058492,
        1.6980429755320765,
        -0.047871339949845826,
        0.824687333071147,
        2.133128361069385,
        -0.24479669277424554,
        -0.012942901129407325,
        1.1272732977552549,
        0.9474158401493504,
        -1.4527023588714385,
        -2.718579295467798,
        1.7055401050398515,
        -0.119480220538136,
        -1.073127789488372,
        0.0668597278125862,
        -1.4851638708039598,
        -1.1905910446293386
    ],
    "oo": false,
    "mo": [
        [
            [
                -0.00015411670756008725,
                0.01324549543925029,
                -4.898627132909635e-19,
                -1.5831554685567563e-16,
                -0.19372738416827887,
                0.2998757873313344,
                1.29100522757268,
                -2.1485204796462426e-17,
                5.559809178471833e-17,
                -0.012132017946090593,
                0.1722824553432139
            ],
            [
                0.0005323296436174672,
                0.014831366958178289,
                -5.3406162337277146e-17,
                -2.615951642390889e-16,
                -0.3719327837285445,
                0.6535932306085582,
                -1.16145815856478,
                6.238989628274702e-17,
                6.650518310514077e-17,
                0.17314686094381596,
                -0.3406209971105228
            ],
            [
                0.9955900912845348,
                -0.23978008856743085,
                7.742779637795575e-18,
                1.5417097181709724e-16,
                -0.01479825705275732,
                0.017913103024029837,
                -0.02180337080188158,
                -5.413864585615838e-18,
                7.304690437286852e-17,
                0.026524922109836507,
                0.11693475281056927
            ],
            [
                0.02037385454831766,
                0.5259178846760847,
                -1.2418324365354018e-17,
                -9.135083441649554e-17,
                0.04494936038478399,
                -0.035281353872654235,
                0.10091898178144874,
                6.79149158533941e-17,
                -7.121652717994895e-16,
                -0.2985972389524079,
                -1.4638194596425917
            ],
            [
                -0.004171582095027082,
                0.5625993685834508,
                3.385063211801701e-17,
                8.771307475643963e-17,
                0.04165463982012388,
                -0.08869711400576742,
                0.048109579956165764,
                -7.586808475903631e-17,
                6.56349299516395e-16,
                0.26879831857867825,
                1.4713583389936082
            ],
            [
                -6.164032039578433e-17,
                6.140186258427107e-17,
                -0.26631046006655235,
                0.6132502611085047,
                -8.783398445615541e-16,
                -2.813779854119409e-16,
                1.776204697404905e-17,
                0.00364101069752118,
                -0.9409915559600344,
                1.0057373509269046e-15,
                1.803314511046905e-16
            ],
            [
                -3.420970279168688e-17,
                6.204042180079711e-18,
                0.6132502611085051,
                0.266310460066553,
                -4.193079998141328e-16,
                -1.1025105458251309e-16,
                -6.09810423417877e-19,
                -0.9409915559600331,
                -0.003641010697521205,
                5.3779254892618214e-17,
                -4.2902691345650464e-17
            ],
            [
                -0.0004252619404598759,
                -0.0014165005163439184,
                1.1565067586926116e-16,
                9.36679736858148e-16,
                0.49843395906337695,
                0.3766297015403698,
                -0.02282853957250022,
                -1.4593356014201314e-16,
                -9.04930140272631e-16,
                -0.9537567007755017,
                0.21587185358353866
            ],
            [
                -4.9413573998117803e-17,
                6.141439127584096e-17,
                -0.19168307764282227,
                0.4414009775852074,
                -6.571144323628639e-16,
                -2.1129808918877728e-16,
                -1.1324728876345285e-17,
                -0.004059818095421771,
                1.0492291464912344,
                -1.064946615607939e-15,
                -3.1781861131820783e-16
            ],
            [
                -2.3251038422392287e-17,
                9.413720946946095e-18,
                0.4414009775852063,
                0.1916830776428221,
                -3.249542868204372e-16,
                -1.0177294468325552e-16,
                8.433996866080048e-18,
                1.0492291464912344,
                0.004059818095421744,
                -1.152019698847197e-16,
                4.619158298363323e-17
            ],
            [
                0.0002733007178880789,
                -0.008348666948152334,
                -9.076640091968776e-17,
                7.666500882064281e-16,
                0.4081530187654349,
                0.35983057372710314,
                -0.11800873044773967,
                1.8689003201067218e-16,
                9.857461336258812e-16,
                1.0400607347196082,
                -0.27288019418155535
            ]
        ],
        [
            [
                -0.0001541167472561954,
                0.013245540968672854,
                6.111904478576609e-18,
                -4.754723948810309e-17,
                -0.19372729563602895,
                0.29987574049841265,
                1.2910052584183587,
                8.834599881325453e-18,
                2.8256000707824776e-17,
                -0.012131545901505798,
                0.17228243500984639
            ],
            [
                0.0005323296769082467,
                0.014831483002496424,
                -1.3010833609075639e-17,
                -1.2804118096625915e-16,
                -0.3719328541395992,
                0.6535932785937956,
                -1.1614581385054985,
                -1.2173445673404793e-16,
                8.15637825292905e-18,
                0.17314601754061984,
                -0.34062132022064984
            ],
            [
                0.9955900915687287,
                -0.239780076461281,
                5.278294133746675e-18,
                1.2801225578914252e-17,
                -0.014798114005784941,
                0.01791324544566714,
                -0.021803374481451483,
                -2.788315501706166e-17,
                3.86343374204259e-17,
                0.026525114908435916,
                0.11693472708059235
            ],
            [
                0.02037385319066892,
                0.5259177659150205,
                1.0006016293896625e-17,
                1.374989508849822e-16,
                0.04494942184296638,
                -0.0352814125061159,
                0.10091895699642872,
                1.611661717353171e-16,
                -4.395265720820742e-16,
                -0.2986003830718037,
                -1.463818859381291
            ],
            [
