{
    "dist": 1.2,
    "thetas": [
        -2.5287709601213337,
        1.6414803813162866,
        -1.59003560880642,
        -2.2736856643826595,
        -1.0590524771307073,
        -2.620091006236187,
        1.0805638702730578,
        1.9263856478817107,
        3.033156904623949,
        0.8523815356367708,
        -1.784906823715774,
        0.30804844092069095,
        0.2862616587592881,
        -1.6708493100302584,
        -2.4270321077610992,
        -0.0021408882716800193,
        -2.1858672487309487,
        0.2053727011067248,
        -0.709957412307384,
        1.1832958484577194,
        -0.7984222237963152,
        2.803306239164572,
        1.7426911958779803,
        0.6787995457048162,
        0.7240242391939691,
        0.8984175954042657,
        -1.4546610263684288,
        1.5717774374044264,
        -1.339383536813956,
        1.3155485702089766,
        -2.734525337846053,
        1.1929160071994263,
        0.3277801647640688,
        0.33820175022450627,
        -0.9642890583724819,
        -2.057033438959986,
        0.26347053222829064,
        -2.816318163146331,
        2.0455388131817855,
        1.3261728861889042
    ],
    "oo": false,
    "mo": [
        [
            [
                0.00032169420197368607,
                0.06337859102839029,
                -0.2500020923151907,
                3.5970144966121586e-17,
                5.182556713026128e-16,
                0.2025663760362249,
                1.247559080767951,
                -1.5587695397993364e-16,
                3.9342830562025685e-16,
                0.326849500513772,
                -0.40964846916967734
            ],
            [
                0.0010350675679641542,
                0.006922729372969161,
                -0.2092437204420945,
                4.0629916280392114e-17,
                3.9659554319180675e-16,
                1.033813830666127,
                -1.1441782987241615,
                9.467832825693115e-17,
                -2.282277944341064e-16,
                -0.11353253262623111,
                -0.3456113655271251
            ],
            [
                0.9955671425007099,
                -0.235958806951521,
                -0.04154566515344256,
                4.634210267712919e-18,
                2.684164410716106e-16,
                0.049776461233997246,
                0.00969331395954403,
                -2.288145964781201e-17,
                5.9477669250931165e-18,
                0.07073869935528426,
                0.0895878727226005
            ],
            [
                0.0208047005158241,
                0.5104754893758076,
                0.10368966118552467,
                1.0151527665546622e-16,
                5.806850540813664e-17,
                -0.07262437738835284,
                -0.09718365618601313,
                3.7862585150506167e-16,
                -2.975263092980037e-16,
                -0.7994609055519251,
                -1.3344203654964466
            ],
            [
                -0.004907939027035318,
                0.5584783582780966,
                0.14950987388765144,
                -1.0642569777293988e-16,
                -4.2817269765919915e-16,
                -0.4406518837959186,
                0.30476837794525885,
                -3.755398142663692e-16,
                2.6681591487900965e-16,
                0.7616138651850773,
                1.527322203182831
            ],
            [
                -1.625311016798227e-16,
                -3.3859149447578755e-17,
                1.048117632490511e-15,
                0.1680261555988653,
                0.6419576368010844,
                3.909198477252725e-17,
                -4.71085983556791e-18,
                0.10530494655269211,
                -0.938639430802084,
                7.703341509700724e-16,
                -2.1994017695990884e-16
            ],
            [
                3.293562465325102e-17,
                -7.213884794661077e-18,
                -2.247568751526265e-16,
                0.6419576368010833,
                -0.1680261555988652,
                -2.847412023014322e-18,
                5.515565658254779e-18,
                -0.9386394308020837,
                -0.10530494655269189,
                -4.25814037366077e-16,
                -7.195265134280811e-17
            ],
            [
                -0.0010980896329837251,
                -0.033626161627867836,
                0.5201964621270517,
                -2.892370675745632e-18,
                -7.723697295757821e-16,
                0.3473597609804688,
                0.3007710239165551,
                3.2422254047234886e-16,
                -5.636554549668734e-16,
                -0.7845144343978091,
                0.5360063551625265
            ],
            [
                -5.947581926320605e-17,
                -1.1767960689419534e-17,
                7.607048198294335e-16,
                0.12325716583313175,
                0.4709140586774866,
                2.8452811499357864e-17,
                -1.3554597283930994e-16,
                -0.11669297663199096,
                1.0401470467452854,
                -6.669802018141716e-16,
                2.309729941674849e-16
            ],
            [
                1.1006038434720177e-17,
                6.819895164732512e-19,
                -1.6119693559994634e-16,
                0.4709140586774872,
                -0.12325716583313187,
                -5.291208821762207e-18,
                1.1409694448183626e-17,
                1.0401470467452838,
                0.11669297663199044,
                3.7747544967676228e-16,
                4.36778795285938e-17
            ],
            [
                0.0009658285804806703,
                -0.03773424774233362,
                0.38894342738159166,
                -3.220463330506161e-17,
                -4.829838309996214e-16,
                0.4636839707628994,
                -0.0881213438443705,
                -3.7356963666115355e-16,
                6.269706899954849e-16,
                0.9385424660431648,
                -0.840176590891763
            ]
        ],
        [
            [
                0.00032169394917492194,
                0.06337884966364969,
                -0.2500044206277933,
                -3.384063243133304e-17,
                4.3617933199626627e-17,
                0.20256602798578455,
                1.2475589737214337,
                3.3491074954561466e-16,
                -3.195279713570963e-16,
                0.3268481827848253,
                -0.4096485577106076
            ],
            [
                0.0010350679086486246,
                0.006922833958575629,
                -0.2092468473999788,
                -6.997501713449708e-18,
                -2.991399135727953e-18,
                1.0338124334027012,
                -1.1441789953704131,
                -1.8802112641751638e-16,
                2.6244467747049445e-17,
                -0.11353266063485677,
                -0.3456113014748119
            ],
            [
                0.9955671428561113,
                -0.23595882447110336,
                -0.041545891315987085,
                6.8652403666020946e-18,
                7.196859081757477e-17,
                0.04977633959737232,
                0.009693301235579656,
                8.311740698096122e-17,
                2.993006539670034e-18,
                0.07073875148886531,
                0.08958774554327294
            ],
            [
                0.020804700276195236,
                0.5104758481568822,
                0.10369032445190278,
                5.163576268753871e-17,
                -1.656833962636342e-16,
                -0.07262396883286992,
                -0.09718366726471515,
                -7.885870209827961e-16,
                -3.9656866191899526e-16,
                -0.799462574695013,
                -1.3344191981427884
            ],
            [
