{
    "dist": 2.2,
    "thetas": [
        1.2344523002620233,
        -1.3437261884234306,
        -1.71624293364286,
        0.3224202031429355,
        1.3789642063384902,
        -0.4831363599630145,
        3.0207305475081876,
        1.1613194978062573,
        -0.1198083964293164,
        -0.6778456245845823
    ],
    "oo": false,
    "mo": [
        [
            [
                0.21908940422984696,
                -0.23569857881857087,
                0.902544806414705,
                -0.9381177643681681
            ],
            [
                0.487520043584194,
                -0.6059567359297725,
                -0.6747262546928967,
                0.9348378156522181
            ],
            [
                0.219089404229844,
                0.235698578818572,
                0.9025448064147018,
                0.9381177643681702
            ],
            [
                0.4875200435841892,
                0.6059567359297772,
                -0.6747262546928929,
                -0.9348378156522195
            ]
        ],
        [
            [
                0.21908940785384323,
                0.23569858124198978,
                0.9025448055349801,
                0.9381177637593058
            ],
            [
                0.4875200408749532,
                0.6059567335148317,
                -0.6747262566504284,
                -0.9348378172175811
            ],
            [
                0.21908940785384542,
                -0.23569858124198903,
                0.9025448055350028,
                -0.9381177637592832
            ],
            [
                0.48752004087495715,
                -0.6059567335148276,
                -0.6747262566504517,
                0.934837817217565
            ]
        ]
    ],
    "iterations": 119,
    "final_energy": -1.238341,
    "iter_energies": [
        -0.8058238607020608,
        -1.0891460677482163,
        -1.1310470569423852,
        -1.1762104894125704,
        -1.1820214030215177,
        -1.1917758202971387,
        -1.2057299014259433,
        -1.2135538780150787,
        -1.216116535570118,
        -1.2169615981477544,
        -1.2170172767820138,
        -1.2170212213031115,
        -1.2170225404195005,
        -1.2170248485235955,
        -1.2170291638405941,
        -1.2170633071660824,
        -1.2172012913829968,
        -1.2172940450402334,
        -1.2174492835989918,
        -1.2177270129211895,
        -1.218226340223934,
        -1.219105284433024,
        -1.2205623378147346,
        -1.2223206228929269,
        -1.2226774815211376,
        -1.2228382875831167,
        -1.2228934968529113,
        -1.2229013437002234,
        -1.222903682442231,
        -1.2229125770154639,
        -1.2229831321937092,
        -1.2231036691692312,
        -1.223240401122263,
        -1.2240719233762087,
        -1.2253676522218273,
        -1.226077349536495,
        -1.2264236994943736,
        -1.2270688528865306,
        -1.2282372153744838,
        -1.2300684723150388,
        -1.2316076356884502,
        -1.2325759635393965,
        -1.2328641575250114,
        -1.233291762908333,
        -1.2338067689486336,
        -1.2345531056070143,
        -1.2350923820723763,
        -1.2355415074241816,
        -1.2358721342100605,
        -1.2361608278384268,
        -1.236460273141368,
        -1.2368796997250269,
        -1.2370600001994916,
        -1.2371055363163406,
        -1.23718370280916,
        -1.2373110068991378,
        -1.2374646715324957,
        -1.2375913006999923,
        -1.2377813282434391,
        -1.2379122333509154,
        -1.238052570689174,
        -1.2381083875090848,
        -1.2381440245280135,
        -1.2381856249733438,
        -1.2382130869438839,
        -1.2382300029186686,
        -1.2382472731309173,
        -1.2382525051069369,
        -1.2382605104378224,
        -1.23827138686138,
        -1.2382800290564069,
        -1.2382898650906762,
        -1.238296244845414,
        -1.2382980897266465,
        -1.238301164492749,
        -1.2383059987774725,
        -1.2383106554201024,
        -1.238315484500768,
        -1.2383184706000534,
        -1.238319334348865,
        -1.2383206609092932,
        -1.2383227373690726,
        -1.238325534513615,
        -1.2383266312194432,
        -1.238327365573686,
        -1.2383284698470056,
        -1.2383300615700976,
        -1.238331376743032,
        -1.238332444398418,
        -1.238333499459474,
        -1.2383343918509613,
        -1.2383355829720084,
        -1.2383358333739707,
        -1.2383362656877264,
        -1.2383369589192441,
        -1.238337609116829,
        -1.238338356168722,
        -1.2383386418416968,
        -1.2383387914169277,
        -1.238339019142385,
        -1.2383393443090482,
        -1.2383396375452258,
        -1.2383398438530213,
        -1.2383401392043611,
        -1.2383401944658778,
        -1.2383402462642428,
        -1.2383403121070231,
        -1.2383403958986487,
        -1.2383404499246708,
        -1.2383404786593788,
        -1.2383404963670648,
        -1.2383405179554459,
        -1.23834052815307,
        -1.2383405338984033,
        -1.2383405351238155,
        -1.2383405353625472,
        -1.23834053536944,
        -1.2383405353784562,
        -1.2383405353797479
    ],
    "function_evaluations": 141,
    "gradient_evaluations": 141
}