{
    "dist": 1.0,
    "thetas": [
        -3.0764099223207433,
        0.01177840984590972,
        -0.026557182477288332,
        -2.3007169235661014,
        -2.248682369474494,
        -1.7683479941393894,
        -0.512028202872056,
        -1.5827270375196305,
        -2.613430288461024,
        -0.9707606747745907,
        -2.0937059634728197,
        2.3785568841181437,
        2.833490577583455,
        -2.8981294278830885,
        1.2510286361875504,
        0.4571634041388086,
        2.5007524773851486,
        1.0486571744320248,
        0.3005736555656977,
        1.2718890166746162,
        -0.7132849799065748,
        1.2216942432770699,
        2.0412213292864516,
        -0.21571133114546903,
        2.767896497391848,
        1.9084532601475015,
        3.0370357265324968,
        -2.075736612374536,
        0.13247914925031923,
        2.7992684884377166,
        0.9395904409587343,
        2.2671738383730498,
        2.9584127451094044,
        -1.975799852373875,
        -1.614051814515542,
        2.346146691061457,
        2.5527154170067154,
        1.622808451808627,
        -0.961943394595556,
        -0.229118149317471
    ],
    "oo": false,
    "mo": [
        [
            [
                0.0003624019355762561,
                0.10603449697420518,
                -0.2791835048224492,
                1.5921777482645302e-16,
                2.342778949347792e-17,
                0.1304773960980611,
                -1.3222466667423758,
                4.3085068985660625e-16,
                8.531487175307118e-17,
                0.3832965543804542,
                -0.49295036900260325
            ],
            [
                0.001498743206229255,
                -0.00694481389849335,
                -0.13694980291363573,
                2.222758228881195e-16,
                -1.0394164024314146e-17,
                1.2587172501594999,
                0.9553965371274401,
                1.2103723523433014e-16,
                6.521520561128911e-17,
                -0.03213807499841845,
                -0.5385502451576735
            ],
            [
                0.9955353608027881,
                -0.23253769791335455,
                -0.05501507526971255,
                -1.3910962355903196e-16,
                1.5224100931854238e-17,
                0.0597228022496618,
                -0.02721176684496783,
                1.0578721833776971e-16,
                6.984415340065097e-17,
                0.06741468426139209,
                0.085551010507995
            ],
            [
                0.02116896495613348,
                0.5011908436217486,
                0.12671947312613377,
                -2.5942128353782787e-16,
                -6.406560738848728e-17,
                -0.07910945462799601,
                0.12041569241623808,
                -9.58482134143292e-16,
                1.8727190751927772e-16,
                -0.6780008433801983,
                -1.4469821749336067
            ],
            [
                -0.0055124209963215475,
                0.5443379858866009,
                0.20864165375856936,
                -4.6003236105188765e-17,
                6.284235487321579e-17,
                -0.639455069993663,
                -0.1429917271328809,
                7.2968456646378e-16,
                -2.5444116740404438e-16,
                0.5508194055330694,
                1.845513807153882
            ],
            [
                4.776121272582566e-17,
                9.183906919301061e-18,
                5.232854918021093e-16,
                0.648283300669059,
                -0.12969869847678922,
                -1.1455829680299251e-17,
                1.0737890935704556e-17,
                0.0779316104967395,
                0.9430319098577395,
                -1.2322706859644302e-16,
                3.851068151328936e-16
            ],
            [
                -1.2531054241909053e-18,
                2.594641517957918e-18,
                8.482768847547261e-17,
                0.12969869847678922,
                0.6482833006690587,
                -5.928439910158167e-17,
                -4.093866189516312e-17,
                0.9430319098577384,
                -0.07793161049673936,
                -1.4384043894658712e-15,
                6.596311970447256e-18
            ],
            [
                -0.00136640750991979,
                -0.06484326418096706,
                0.5391287651794511,
                -3.1612873752037465e-16,
                -5.822085344597972e-17,
                0.2971516309141265,
                -0.3800118316528465,
                -1.2109700720017643e-15,
                -7.431590091086036e-18,
                -0.808849531387062,
                0.4527098647699394
            ],
            [
                -6.33713067008368e-17,
                3.494302351831413e-18,
                3.7645111589849327e-16,
                0.47998002921382343,
                -0.09602713045305396,
                -5.3529281344021044e-17,
                4.738393979119321e-17,
                -0.08609824273118108,
                -1.041854386950953,
                1.1285089157872658e-16,
                -1.9828903828915023e-16
            ],
            [
                -2.3945605187623182e-18,
                1.2490450164216133e-18,
                5.714387096292702e-17,
                0.096027130453054,
                0.4799800292138231,
                5.325295148872085e-17,
                4.77846428059067e-17,
                -1.0418543869509518,
                0.086098242731181,
                1.5343893453798606e-15,
                -6.276248400881561e-18
            ],
            [
                0.001295413093565532,
                -0.04713440115708387,
                0.36670727171669615,
                -3.2383694150809365e-16,
                1.0798203622744497e-16,
                0.46403969115012345,
                -0.14210463863248496,
                1.5869161076761864e-15,
                1.2759978762831329e-16,
                1.0755509830975043,
                -0.923131825522492
            ]
        ],
        [
            [
                0.0003624023340394198,
                0.10603447148665582,
                -0.27918342308981364,
                2.4315382601730567e-16,
                -3.2250438532660175e-17,
                0.13047768251320338,
                -1.3222464660046882,
                2.508976650559069e-16,
                2.4945937521158515e-16,
                0.3832967876627724,
                -0.49295070201462393
            ],
            [
                0.0014987445057454028,
                -0.006945030079790378,
                -0.1369491593696167,
                4.4286315507842356e-16,
                -1.2167752553651435e-17,
                1.2587171418337297,
                0.9553968216397146,
                -2.9020695487825677e-16,
                -7.928901702160186e-16,
                -0.03213825794999032,
                -0.5385501435504476
            ],
            [
                0.9955353569795501,
                -0.23253777835970418,
                -0.05501502752189381,
                -2.683350826908406e-16,
                -1.1691997688472131e-17,
                0.05972276786661604,
                -0.027211764553629753,
                -5.706935897131335e-17,
                2.839756939624844e-16,
                0.06741464556924114,
                0.08555092226147827
            ],
            [
                0.021168983944560606,
                0.5011915022584662,
                0.12671954264557814,
                -1.0642565371681367e-16,
                7.34560613111884e-17,
                -0.07910945765431736,
                0.12041586633864369,
                1.2525603929440712e-16,
                -5.328970298296668e-16,
                -0.6780008760416221,
                -1.446981910492706
            ],
            [
