{
    "dist": 1.0,
    "thetas": [
        2.830292529664302,
        -1.3161554982377885,
        2.3138906146080664,
        1.7926006138769264,
        -0.8056669505775651,
        -0.6842470368635021,
        1.988065916926888,
        1.0279108726635657,
        2.2478519852938046,
        1.5172433989400274,
        1.0390654303130313,
        1.2173868599350657,
        -1.6681467403549353,
        2.736038079650694,
        1.2281751786387307,
        0.5880475170514226,
        0.5792178168397495,
        2.3186216093984537,
        2.544651754696443,
        0.20810838014218325,
        -2.84414722614307,
        1.0486728991472214,
        1.7496481108822177,
        3.04237855011527,
        -2.9373252832894425,
        -2.120084351655082,
        2.2498224214658036,
        -0.8067266665731956,
        2.664372052366776,
        1.9546659025502526,
        0.47498217055780456,
        0.4534616092773205,
        2.9644732223995502,
        1.4515888763411802,
        -1.8121575832237378,
        -1.8345214820930618,
        1.3253969360738322,
        -2.4090702818534,
        -2.269592057169401,
        -2.3406893074721826
    ],
    "oo": false,
    "mo": [
        [
            [
                0.00036240193557654125,
                0.10603449697416219,
                -0.2791835048224296,
                1.1344309392735749e-16,
                -9.226392343581654e-19,
                0.13047739609803666,
                1.322246666742363,
                -8.695376738863408e-17,
                3.3226540220202763e-16,
                0.38329655438047144,
                -0.4929503690026511
            ],
            [
                0.0014987432062287113,
                -0.0069448138984982265,
                -0.13694980291369263,
                7.471359592668831e-17,
                -4.5021233279668367e-17,
                1.2587172501594943,
                -0.9553965371274329,
                2.0359912282145402e-17,
                8.507514288750852e-17,
                -0.03213807499850322,
                -0.5385502451576794
            ],
            [
                0.9955353608027883,
                -0.23253769791335868,
                -0.05501507526969739,
                -3.186145017243305e-19,
                -1.2683142465930295e-16,
                0.059722802249659084,
                0.027211766844964055,
                1.6037436090537468e-18,
                7.604218358017206e-17,
                0.06741468426139749,
                0.0855510105079868
            ],
            [
                0.021168964956131714,
                0.5011908436217679,
                0.12671947312611004,
                2.4136445350666454e-16,
                -7.191824849309306e-17,
                -0.07910945462801626,
                -0.12041569241622785,
                6.511396647377472e-18,
                -7.219213580168395e-16,
                -0.6780008433802964,
                -1.446982174933554
            ],
            [
                -0.005512420996320976,
                0.544337985886611,
                0.20864165375853716,
                -4.1566774529909777e-16,
                1.1267548493600343e-16,
                -0.6394550699936155,
                0.1429917271328857,
                -2.0676108497917115e-17,
                5.514419835665326e-16,
                0.5508194055332043,
                1.8455138071538566
            ],
            [
                1.9134004661337594e-17,
                5.516133961144971e-17,
                2.82604024250627e-17,
                0.660260674408804,
                0.033894426417364454,
                -1.0235417967028142e-16,
                -3.480444996442094e-17,
                0.9460927619176223,
                -0.01705886196809748,
                8.98709081749954e-17,
                -2.2284562342467333e-16
            ],
            [
                8.296140341214568e-17,
                5.896143089028481e-18,
                -1.736207467979453e-16,
                -0.03389442641736485,
                0.6602606744088029,
                4.7740586732941656e-17,
                -1.961344284621357e-17,
                -0.0170588619680975,
                -0.9460927619176226,
                1.1680530345552721e-15,
                -3.47847676404875e-18
            ],
            [
                -0.0013664075099192462,
                -0.06484326418093779,
                0.5391287651794543,
                -1.383505252189367e-16,
                5.309692676187508e-18,
                0.2971516309141404,
                0.38001183165287455,
                2.1472680708144755e-17,
                -9.04855112125758e-16,
                -0.8088495313870174,
                0.4527098647699862
            ],
            [
                -6.754874211426239e-18,
                1.802585102124357e-17,
                -1.0496875892932678e-18,
                0.48884791180710463,
                0.025094966606733705,
                2.7360690349741964e-17,
                7.963122161732391e-17,
                -1.0452359927195916,
                0.018846499245750895,
                -8.391870380305685e-17,
                1.4454106829613096e-16
            ],
            [
                5.569035275017817e-17,
                4.8725468900001694e-18,
                -1.2395115615031528e-16,
                -0.02509496660673406,
                0.48884791180710546,
                -4.4486752879056665e-17,
                2.8586704508190204e-17,
                0.018846499245750645,
                1.0452359927195916,
                -1.2059681016968945e-15,
                1.5115060341860298e-17
            ],
            [
                0.0012954130935652966,
                -0.0471344011570623,
                0.36670727171669043,
                1.4151624348357575e-16,
                2.8721196400414956e-16,
                0.46403969115012716,
                0.14210463863242392,
                -1.173177694484995e-16,
                1.1886511290469715e-15,
                1.075550983097446,
                -0.9231318255225701
            ]
        ],
        [
            [
                0.0003624023340392637,
                0.10603447148664497,
                -0.2791834230898865,
                3.2607859175678306e-18,
                1.4597412810169316e-16,
                -0.1304776825131897,
                1.3222464660046633,
                3.9831278409574945e-16,
                -2.862673070286298e-16,
                0.3832967876627299,
                -0.4929507020146892
            ],
            [
                0.001498744505745366,
                -0.0069450300798084156,
                -0.1369491593696794,
                4.3008465363985044e-17,
                1.159476071279525e-16,
                -1.258717141833701,
                -0.9553968216397397,
                -8.015023652037982e-17,
                1.6296286622566735e-16,
                -0.03213825795007668,
                -0.5385501435504507
            ],
            [
                0.9955353569795505,
                -0.23253777835971262,
                -0.055015027521882656,
                -1.4859911909049662e-17,
                6.484698606645197e-18,
                -0.05972276786661146,
                0.02721176455362919,
                8.559951700146926e-17,
                -2.2150223093146817e-17,
                0.06741464556924548,
                0.08555092226146373
            ],
            [
                0.02116898394456038,
                0.5011915022585212,
                0.1267195426455765,
                1.4474938509260983e-16,
                -8.27935890959876e-17,
                0.07910945765433393,
                -0.12041586633865696,
                1.6787379306009002e-16,
                1.7262525867681187e-16,
                -0.6780008760417665,
                -1.4469819104926191
            ],
            [
