{
    "dist": 1.0,
    "thetas": [
        1.704757879308132,
        -3.011204310279467,
        0.8397366260192594,
        1.563280899135842,
        -0.009380718364163876,
        -1.7291536732871136,
        -1.8971269718342263,
        1.6369627429575306,
        -2.0790379300152217,
        -2.586537231132677,
        1.1646500873100205,
        2.8487544111850127,
        -3.1167849646094092,
        0.07660625016677525,
        1.9642554329689128,
        0.70702212977712,
        1.3933297522764283,
        -1.3076812305427234,
        2.6249522282931705,
        1.3482194095209188,
        0.2673141479915979,
        -2.2483118993788564,
        -0.7958234754631421,
        1.0941137716709264,
        -0.3654729438307087,
        -0.4146023075677032,
        0.7399517487893483,
        0.08255001257991035,
        0.94497336375301,
        0.6348464674842362,
        1.917773905749895,
        0.1360130698619595,
        2.567616643692406,
        -1.1357731497354906,
        -2.5732197993538017,
        -1.2522384758651308,
        -2.425407785880496,
        2.0651656802006935,
        -2.846934388642458,
        0.7934855547557511
    ],
    "oo": false,
    "mo": [
        [
            [
                0.0003624019355766748,
                0.10603449697418493,
                -0.27918350482248133,
                1.7382109013739273e-17,
                4.604500277719481e-18,
                0.1304773960980303,
                -1.3222466667423733,
                6.898612448334016e-16,
                6.327794670630299e-16,
                0.38329655438042726,
                -0.49295036900262384
            ],
            [
                0.0014987432062287666,
                -0.006944813898489557,
                -0.13694980291372555,
                -8.221535064486873e-17,
                5.140255033302202e-17,
                1.2587172501594912,
                0.9553965371274328,
                -3.6863028906426467e-16,
                3.29427963860521e-16,
                -0.03213807499846706,
                -0.5385502451576808
            ],
            [
                0.9955353608027874,
                -0.23253769791335557,
                -0.055015075269706955,
                6.001968307463513e-17,
                1.8694064963621343e-17,
                0.0597228022496594,
                -0.02721176684496551,
                1.505665398196334e-16,
                7.293566718739056e-17,
                0.06741468426139566,
                0.0855510105079902
            ],
            [
                0.021168964956132203,
                0.5011908436217536,
                0.12671947312612852,
                -1.1936346291377896e-17,
                3.769270996848019e-17,
                -0.07910945462800369,
                0.12041569241622922,
                -1.5418601460373625e-15,
                -5.084577781372096e-16,
                -0.6780008433802786,
                -1.4469821749335667
            ],
            [
                -0.005512420996321409,
                0.5443379858866079,
                0.2086416537585792,
                7.596948218553145e-17,
                -7.281969459382104e-17,
                -0.6394550699936328,
                -0.14299172713287608,
                1.4537261581040136e-15,
                1.3063186597762607e-16,
                0.550819405533183,
                1.8455138071538544
            ],
            [
                -1.9622828933155748e-17,
                1.1537662004526383e-18,
                -4.218064316288758e-17,
                -0.06710611996254051,
                0.6577155608441243,
                -1.1752063223954534e-16,
                7.750475024756543e-17,
                0.6356917628183406,
                -0.7009126205237519,
                -7.291866045960365e-17,
                -6.126718781201697e-16
            ],
            [
                -7.495964856250453e-17,
                -1.3826753790574429e-17,
                -1.1371504264816985e-16,
                0.6577155608441242,
                0.06710611996254051,
                -3.218251179534541e-19,
                2.6148080185739076e-17,
                0.7009126205237517,
                0.6356917628183406,
                -2.4069280610292085e-15,
                4.394761695413923e-17
            ],
            [
                -0.0013664075099196148,
                -0.06484326418093604,
                0.5391287651794078,
                6.923767595346931e-18,
                -1.3220550709232004e-18,
                0.29715163091416247,
                -0.3800118316528568,
                -1.2951492125614411e-15,
                -1.3822346231042043e-15,
                -0.8088495313870459,
                0.4527098647699922
            ],
            [
                2.5566611741789547e-18,
                -7.436412798954279e-18,
                -3.485649773765862e-17,
                -0.04968444719585718,
                0.4869635447690145,
                -8.674585358115561e-17,
                -1.5978178659286072e-16,
                -0.7023073608832333,
                0.7743628618803696,
                5.545233191307085e-17,
                4.2831860514018687e-16
            ],
            [
                -3.8134639439201574e-17,
                -7.558928705342282e-18,
                -6.042461571580621e-17,
                0.48696354476901377,
                0.049684447195857316,
                3.942215710321393e-17,
                -3.3372932287111786e-17,
                -0.7743628618803691,
                -0.7023073608832334,
                2.4000362522785984e-15,
                -3.9798871284368365e-17
            ],
            [
                0.0012954130935655963,
                -0.04713440115706695,
                0.3667072717166744,
                1.42503721696665e-16,
                7.049706244127533e-17,
                0.4640396911501685,
                -0.1421046386324975,
                1.652212224154781e-15,
                1.979314233458823e-15,
                1.0755509830974417,
                -0.9231318255225494
            ]
        ],
        [
            [
                0.0003624023340393938,
                0.10603447148664089,
                -0.2791834230898156,
                1.375766523976476e-16,
                6.379788058581967e-17,
                0.13047768251320252,
                -1.3222464660046698,
                1.7644465218009765e-15,
                -3.1771520086062135e-16,
                0.38329678766278247,
                -0.4929507020146687
            ],
            [
                0.0014987445057455318,
                -0.00694503007980983,
                -0.136949159369604,
                1.8137488612274255e-16,
                -1.6265464981929327e-18,
                1.2587171418337233,
                0.9553968216397234,
                -1.3635422630370863e-15,
                1.4789539684307937e-16,
                -0.03213825795004603,
                -0.538550143550447
            ],
            [
                0.9955353569795499,
                -0.23253777835971082,
                -0.05501502752188255,
                9.971554998966435e-17,
                2.763741034235344e-17,
                0.05972276786661356,
                -0.027211764553629038,
                1.2506585290150662e-16,
                -1.9974503791263912e-17,
                0.06741464556924325,
                0.08555092226146982
            ],
            [
                0.021168983944560973,
                0.5011915022585081,
                0.12671954264556595,
                -4.0087367922057483e-16,
                -1.111063148685107e-16,
                -0.07910945765433129,
                0.12041586633865238,
                -1.3324963774474198e-15,
                -2.8547655866100267e-18,
                -0.6780008760416867,
                -1.4469819104926636
            ],
            [
