{
    "dist": 1.525,
    "thetas": [
        -1.280204273705289,
        1.9419297300422045,
        -0.940891133303507,
        1.8184119877683536,
        0.38546698317217754,
        -1.5482462623708158,
        -2.4820021837889543,
        -2.7742730588529536,
        1.0888281406992553,
        1.243000394197522,
        1.4626200193935919,
        1.8087660546709712,
        -2.6617060794763305,
        -1.1455465965311886,
        1.514393913888437,
        -1.0776025393438475,
        -0.18758145050334907,
        -2.003797532579155,
        -1.1089545493349307,
        -0.2833329782724672,
        0.18617401951910573,
        -1.3004274157417277,
        -1.4013064739751477,
        1.1193687642619112,
        -1.6747283761111225,
        1.1137283347171385,
        -0.4251674570616557,
        -0.7058135459189301,
        -1.0339219766896837,
        0.08307705720900582,
        3.0642536441871373,
        0.19424072343329168,
        1.1337138145690409,
        -0.6840206445593826,
        -2.4092484788668456,
        1.3020376391937685,
        -0.5427660854375911,
        -0.27625260685593744,
        -1.0558733579582715,
        -2.5527624137262657
    ],
    "oo": false,
    "mo": [
        [
            [
                7.596896143500935e-05,
                0.030544110989457668,
                2.925915524345155e-16,
                -2.4704557597254718e-17,
                -0.2177298860400512,
                -0.37733247552109694,
                2.4251386737922206e-16,
                7.48377895830137e-17,
                0.040062421429900116,
                0.07990868493850836,
                1.2713345213006673
            ],
            [
                0.0007168180239975908,
                0.015200314686215586,
                1.2443355463279628e-16,
                -4.164699182906421e-17,
                -0.30068254733278005,
                -0.4227492618448213,
                -6.980444710906186e-17,
                1.6632388162272337e-16,
                0.1581782390970359,
                0.7419509531140016,
                -1.2194941402645278
            ],
            [
                0.9955866141818837,
                -0.2386013213500455,
                -1.5607500744226749e-16,
                2.1781762564520415e-17,
                -0.02659065669960603,
                -0.03431352976304525,
                -1.9741500835134413e-16,
                -7.226940039092557e-17,
                -0.11839278431437196,
                -0.003434129465852268,
                -0.00862599036137389
            ],
            [
                0.020499673456026154,
                0.5205773289355515,
                -3.554446476778335e-16,
                -6.37064620672538e-17,
                0.07281707201766793,
                0.15834204559749504,
                2.0372085656285893e-15,
                1.7104395874703597e-15,
                1.4828708117856562,
                0.2881911486448434,
                -0.04497055366538716
            ],
            [
                -0.004409442322993926,
                0.5619170090970128,
                1.1804189894231267e-16,
                8.574000924723303e-17,
                0.09175498633356151,
                0.02844878140578703,
                -2.006262097948723e-15,
                -1.7265418328931128e-15,
                -1.4931139977908572,
                -0.5089222973307266,
                0.28669450262508045
            ],
            [
                1.207698900036728e-16,
                -5.75840648742337e-17,
                0.6669763853682078,
                -0.006164052359212458,
                6.97787721041143e-16,
                1.6909814706811965e-16,
                0.9408417575562521,
                -0.04895714754382219,
                -1.3577017818300065e-15,
                2.1634748857513277e-16,
                -2.340998310730143e-17
            ],
            [
                3.276598510066501e-17,
                -6.0310569399826716e-18,
                0.006164052359213301,
                0.6669763853682074,
                -5.244561584305934e-17,
                -8.714953503208346e-18,
                -0.04895714754382216,
                -0.940841757556252,
                1.483243031047673e-15,
                -2.38615922509995e-17,
                1.7488074610483525e-17
            ],
            [
                -0.0007338540003527257,
                -0.010829901313124163,
                -5.117159632140449e-16,
                1.0982011427192947e-17,
                0.5033029366616174,
                -0.745291261345771,
                5.44709591867239e-16,
                1.1327102489779402e-16,
                0.15580671250799671,
                -0.7116416261288682,
                -0.15679318000634085
            ],
            [
                4.1863398976006223e-17,
                -2.2352307464810255e-17,
                0.4829569595660084,
                -0.004463384388591422,
                5.281692403276707e-16,
                -1.6957124476398562e-16,
                -1.0470147487861559,
                0.05448190955089194,
                1.4090702179970975e-15,
                -3.15111218245559e-16,
                8.627355630890107e-17
            ],
            [
                -4.9950477791277383e-17,
                -4.756038374626548e-19,
                0.004463384388590599,
                0.48295695956600926,
                -3.463103184725718e-17,
                -4.3402202095561655e-17,
                0.054481909550891154,
                1.0470147487861556,
                -1.3054419797950482e-15,
                -3.981843711582635e-17,
                -4.36775568249649e-17
            ],
            [
                0.0005469418923607823,
                -0.020344786887884613,
                -7.780304783809312e-16,
                4.651351764044467e-17,
                0.3986371696275347,
                0.10031918876818872,
                -6.154271277788723e-16,
                -8.163384097993302e-17,
                -0.1339040255164267,
                1.1975597837500078,
                0.07985230647221106
            ]
        ],
        [
            [
                7.596896143500935e-05,
                0.030544110989457668,
                2.925915524345155e-16,
                -2.4704557597254718e-17,
                -0.2177298860400512,
                -0.3773324755210967,
                4.4026866669149167e-16,
                -7.922767915464843e-17,
                -0.04006242142989905,
                0.07990868493847068,
                1.2713345213006697
            ],
            [
                0.0007168180239975908,
                0.015200314686215586,
                1.2443355463279628e-16,
                -4.164699182906421e-17,
                -0.30068254733278005,
                -0.42274926184482153,
                5.378326899955541e-16,
                1.246379634745357e-16,
                -0.15817823909703746,
                0.7419509531140375,
                -1.2194941402645056
            ],
            [
                0.9955866141818837,
                -0.2386013213500455,
                -1.5607500744226749e-16,
                2.1781762564520415e-17,
                -0.02659065669960603,
                -0.03431352976304532,
                -6.89889311849837e-16,
                1.0280092372640582e-16,
                0.11839278431437208,
                -0.0034341294658520273,
                -0.008625990361374097
            ],
            [
                0.020499673456026154,
                0.5205773289355515,
                -3.554446476778335e-16,
                -6.37064620672538e-17,
                0.07281707201766793,
                0.15834204559749598,
                8.631268906110623e-15,
                -3.626626565369361e-16,
                -1.4828708117856568,
                0.28819114864484474,
                -0.044970553665377624
