{
    "dist": 1.525,
    "thetas": [
        2.3463261368903874,
        2.9439278084526643,
        2.319717710563025,
        0.1938720278250048,
        -1.6793174426784083,
        -3.0699718540344296,
        -0.4368772992954577,
        -0.6135444998792989,
        0.1424691618875915,
        -0.1357683511288812,
        0.34781498297773794,
        0.2726023879603252,
        1.639255247336484,
        1.3343888034911187,
        0.7519847877695871,
        -0.4643791018236456,
        -1.3252806848740173,
        2.9773202892406827,
        -1.0444284749192585,
        -1.766825043051343,
        -2.7281063583560097,
        3.033965123374311,
        -2.3382515167002618,
        -1.1175851867391877,
        -2.695845613805822,
        -1.7293214755701178,
        -0.6683115396232484,
        2.4890524741785924,
        -0.9709933288902195,
        3.045770542014389,
        -2.961063865698451,
        -0.931892285898047,
        -0.7479573583046881,
        1.6597670561412299,
        2.7570863008471456,
        -1.1329224215729323,
        -0.4242662269722661,
        -1.444216899225165,
        1.891589921605929,
        0.8685800355148432
    ],
    "oo": false,
    "mo": [
        [
            [
                7.596896143492077e-05,
                0.030544110989458112,
                5.669091608489719e-17,
                -2.347739800525079e-16,
                -0.21772988604005267,
                0.37733247552109644,
                -1.2152945208054508e-16,
                -2.3750297300323546e-17,
                -0.040062421429900574,
                0.07990868493885635,
                1.2713345213006453
            ],
            [
                0.0007168180239978028,
                0.01520031468621645,
                8.36913380734546e-17,
                -4.583330718542274e-16,
                -0.300682547332786,
                0.42274926184482337,
                -1.7834263270347003e-16,
                1.8394879717282695e-16,
                -0.1581782390970375,
                0.7419509531136615,
                -1.219494140264732
            ],
            [
                0.9955866141818844,
                -0.23860132135004544,
                -4.618268340971494e-17,
                2.0179629166211632e-16,
                -0.02659065669960706,
                0.03431352976304486,
                2.2080169117848074e-16,
                -7.216442861652236e-17,
                0.11839278431437199,
                -0.0034341294658544897,
                -0.008625990361372966
            ],
            [
                0.020499673456025918,
                0.5205773289355514,
                -1.57414216572513e-17,
                1.765737154824359e-16,
                0.07281707201767,
                -0.1583420455974917,
                -2.8791685622373934e-15,
                9.083180510423439e-16,
                -1.4828708117856586,
                0.28819114864482603,
                -0.04497055366546677
            ],
            [
                -0.004409442322994018,
                0.5619170090970125,
                -2.6741220847655803e-17,
                7.116238024406665e-18,
                0.09175498633356494,
                -0.0284487814057904,
                2.9077284158600902e-15,
                -9.13003372492724e-16,
                1.4931139977908585,
                -0.5089222973306409,
                0.28669450262522106
            ],
            [
                -7.343595766796869e-17,
                2.3520051635332694e-17,
                -0.08806297512668282,
                0.6611659448218448,
                -8.93193806476899e-16,
                -2.0805809315413445e-16,
                -0.6580241495849714,
                -0.674228621181378,
                1.2420973100318324e-15,
                1.91034573810912e-16,
                -1.9373035599656364e-17
            ],
            [
                4.8099476791928155e-17,
                -3.823603818131509e-18,
                0.6611659448218443,
                0.08806297512668287,
                6.837826635236479e-17,
                1.479745958222466e-16,
                0.6742286211813784,
                -0.6580241495849718,
                -2.265648950955489e-15,
                -2.2153890832126763e-16,
                2.538800324894322e-17
            ],
            [
                -0.0007338540003525841,
                -0.010829901313125782,
                -1.298226293020862e-16,
                6.958020023133745e-16,
                0.5033029366616135,
                0.7452912613457712,
                -8.20081604447476e-16,
                1.5754900507334308e-16,
                -0.15580671250799283,
                -0.7116416261289158,
                -0.15679318000614628
            ],
            [
                5.879027647519612e-18,
                4.66767258367707e-18,
                -0.0637663156455537,
                0.47874962515122355,
                -6.523001953613368e-16,
                1.1062036622129751e-16,
                0.7322814746896882,
                0.7503146036632511,
                -1.3513514870001329e-15,
                -2.7120737815905414e-16,
                4.7931432908459725e-17
            ],
            [
                -4.7653582729109523e-17,
                -1.3161880919280799e-18,
                0.4787496251512238,
                0.0637663156455534,
                5.1578020484863393e-17,
                -1.8704471359750438e-16,
                -0.750314603663251,
                0.7322814746896892,
                2.5821957903355412e-15,
                2.9543806494320875e-16,
                -1.3704444725406282e-17
            ],
            [
                0.0005469418923608973,
                -0.02034478688788587,
                -1.1618075188446353e-16,
                3.5325130623392344e-16,
                0.39863716962753293,
                -0.10031918876817994,
                8.387141345350143e-16,
                -6.760164604756646e-17,
                0.13390402551642208,
                1.197559783750032,
                0.07985230647188157
            ]
        ],
        [
            [
                7.596896143492077e-05,
                0.030544110989458112,
                5.669091608489719e-17,
                -2.347739800525079e-16,
                -0.21772988604005267,
                -0.3773324755210963,
                -2.5039620170552e-16,
                5.997270347760158e-17,
                -0.04006242142990034,
                0.07990868493882351,
                1.2713345213006464
            ],
            [
                0.0007168180239978028,
                0.01520031468621645,
                8.36913380734546e-17,
                -4.583330718542274e-16,
                -0.300682547332786,
                -0.42274926184482287,
                -7.497940483130594e-16,
                -1.1842048360385299e-16,
                -0.1581782390970374,
                0.7419509531136935,
                -1.2194941402647126
            ],
            [
                0.9955866141818844,
                -0.23860132135004544,
                -4.618268340971494e-17,
                2.0179629166211632e-16,
                -0.02659065669960706,
                -0.034313529763044845,
                6.314631872290236e-16,
                1.2167236603513255e-18,
                0.11839278431437202,
                -0.003434129465854361,
                -0.008625990361372992
            ],
            [
                0.020499673456025918,
                0.5205773289355514,
                -1.57414216572513e-17,
                1.765737154824359e-16,
                0.07281707201767,
                0.1583420455974915,
                -8.017629767608197e-15,
                1.7197248190247268e-17,
                -1.4828708117856582,
                0.28819114864482853,
                -0.04497055366545942
            ],
            [
