{
    "dist": 1.075,
    "thetas": [
        -2.8354451983958078,
        -1.325063087034727,
        1.3883725037911319,
        -3.0057737497215755,
        -1.8477417604476294,
        -2.822574873123744,
        -1.2423623306579668,
        1.0298787548813921,
        -1.2056528250732828,
        0.5252194785450901,
        -2.7044654537614434,
        2.30847045561727,
        -2.304417780706233,
        -2.022402397232817,
        -0.02557539272590459,
        2.285192262914668,
        1.6269921026744445,
        2.9561452268403734,
        1.6292459897763445,
        -0.7272784976778075,
        -0.573539651253947,
        1.3405831056173065,
        -1.4409243148323205,
        2.2248939625261066,
        2.5959857833208897,
        1.6383787056745502,
        0.10473151153364979,
        -2.0870494395307757,
        -1.2648536355851678,
        -1.357525884977483,
        -1.0856553998608915,
        -0.2504456690610555,
        0.278774624247891,
        -1.7756227029474454,
        1.8841282659115013,
        1.4243004011860876,
        2.194670844684585,
        -1.460703581689548,
        0.7214649379889844,
        0.9597947146749215
    ],
    "oo": false,
    "mo": [
        [
            [
                0.00037069626076375857,
                0.08705365869238427,
                -0.2674601558205684,
                2.0471443814913265e-16,
                -8.71259477560836e-17,
                -0.16034712723682013,
                -1.281266267552401,
                2.4972396096271773e-16,
                -8.120438899409352e-17,
                0.3571745967098799,
                -0.4714828731396258
            ],
            [
                0.0012926317611956703,
                -0.00095650058556503,
                -0.1644757931483711,
                1.7138581754517054e-16,
                -2.039356150709955e-17,
                -1.1693409613358823,
                1.0431428191153258,
                1.9555185127391238e-16,
                1.1381868282074974e-16,
                -0.07608095934108056,
                -0.4496132785741538
            ],
            [
                0.9955501993210157,
                -0.23404216628382465,
                -0.04951797730755857,
                2.0981583574089835e-16,
                -6.094050460127304e-18,
                -0.0562436703358261,
                -0.020138467972412304,
                -6.911652139086526e-17,
                -2.7610512492254514e-17,
                0.06961817463569009,
                0.08654101062572125
            ],
            [
                0.021014127375020737,
                0.5048217765608358,
                0.11781323842200674,
                -1.0120990890997002e-16,
                -1.1163624178228884e-16,
                0.07735407488853688,
                0.11323892493571061,
                -1.6441781633587463e-16,
                -3.3603706372395494e-16,
                -0.7422838210918082,
                -1.3952541399524934
            ],
            [
                -0.005256530585151583,
                0.5521408721565968,
                0.1828618086807022,
                -1.650175831731223e-16,
                1.0836984863733205e-16,
                0.5599758458355703,
                -0.229237513195631,
                -3.673415757603982e-18,
                2.9320799409626167e-16,
                0.6612190099640105,
                1.7027970251180236
            ],
            [
                -8.089775305517672e-17,
                3.2905470950483094e-17,
                2.8535811039458567e-16,
                0.4229366315379939,
                0.5092493727097569,
                4.7351489064081036e-17,
                -8.573176513687339e-17,
                -0.31358517854737045,
                0.8921488256624676,
                -1.376939393360896e-17,
                -1.73973730245411e-16
            ],
            [
                -2.0193805264062184e-16,
                -1.2205617877253875e-17,
                3.646371757433353e-16,
                0.5092493727097565,
                -0.4229366315379938,
                5.495451945067005e-18,
                1.983334850433494e-16,
                -0.892148825662468,
                -0.31358517854737017,
                8.428938375643958e-16,
                -3.8768613341729663e-16
            ],
            [
                -0.0012633298618064486,
                -0.0508544476740571,
                0.5313270842104478,
                -2.9983647963834184e-16,
                3.0967964020445533e-17,
                -0.3198474670870847,
                -0.3495187238720261,
                -7.641243242628023e-16,
                -2.6691034327482906e-16,
                -0.7955462867150761,
                0.4961569383729554
            ],
            [
                -2.770812433562807e-18,
                6.839580629714859e-18,
                2.1155923098887407e-16,
                0.3121406077315244,
                0.3758421400068334,
                1.0658907980258029e-17,
                5.445237142592325e-17,
                0.3468076200793576,
                -0.986666565103157,
                2.1220454988611268e-17,
                1.0994588406845025e-16
            ],
            [
                1.0498342059054982e-16,
                -3.735663369006069e-18,
                2.537220963392737e-16,
                0.3758421400068333,
                -0.3121406077315247,
                8.548889315790315e-17,
                -1.8399117213913232e-16,
                0.9866665651031574,
                0.34680762007935734,
                -8.576478038540917e-16,
                2.64121278933726e-16
            ],
            [
                0.001176332030652608,
                -0.04456708364101411,
                0.37771820250002586,
                -2.7117390613420273e-16,
                -8.382201535125604e-17,
                -0.4690384697689762,
                -0.04141250006546444,
                1.0117593725753153e-15,
                2.7213724012411427e-16,
                1.0101731461998233,
                -0.902429566525251
            ]
        ],
        [
            [
                0.00037069726499820146,
                0.08705350981173003,
                -0.26745915239365026,
                -1.4002159555773222e-17,
                -5.612142023809622e-17,
                -0.16034780759693515,
                -1.2812659867302805,
                7.45871748221717e-16,
                -1.4335707333404238e-16,
                0.357175478137821,
                -0.471483333869244
            ],
            [
                0.001292633518571652,
                -0.0009569239601779936,
                -0.1644734132342996,
                1.496537015131855e-17,
                -1.0446156857884277e-16,
                -1.1693411421061308,
                1.0431430457773656,
                -2.749826326475605e-16,
                2.6575008955484363e-16,
                -0.07608111801546383,
                -0.44961312540474896
            ],
            [
                0.9955501924242139,
                -0.23404230030766363,
                -0.049517808637243685,
                1.231979780490426e-16,
                -2.890482546776083e-16,
                -0.05624365542966615,
                -0.020138468160038964,
                5.81892888482783e-17,
                -7.758495839122926e-17,
                0.06961808670118574,
                0.08654090440441667
            ],
            [
                0.021014160955014606,
                0.5048228164635015,
                0.11781304423964144,
                -1.7237359476853847e-16,
                2.7568682071964283e-16,
                0.07735425540829143,
                0.11323918267112712,
                -5.578082162790588e-16,
                9.087450652697056e-16,
                -0.7422831790491229,
                -1.3952540902364954
            ],
            [
