{
    "dist": 1.075,
    "thetas": [
        -3.0764099223207433,
        0.01177840984590972,
        -0.026557182477288332,
        -2.3007169235661014,
        -2.248682369474494,
        -1.7683479941393894,
        -0.512028202872056,
        -1.5827270375196305,
        -2.613430288461024,
        -0.9707606747745907,
        -2.0937059634728197,
        2.3785568841181437,
        2.833490577583455,
        -2.8981294278830885,
        1.2510286361875504,
        0.4571634041388086,
        2.5007524773851486,
        1.0486571744320248,
        0.3005736555656977,
        1.2718890166746162,
        -0.7132849799065748,
        1.2216942432770699,
        2.0412213292864516,
        -0.21571133114546903,
        2.767896497391848,
        1.9084532601475015,
        3.0370357265324968,
        -2.075736612374536,
        0.13247914925031923,
        2.7992684884377166,
        0.9395904409587343,
        2.2671738383730498,
        2.9584127451094044,
        -1.975799852373875,
        -1.614051814515542,
        2.346146691061457,
        2.5527154170067154,
        1.622808451808627,
        -0.961943394595556,
        -0.229118149317471
    ],
    "oo": false,
    "mo": [
        [
            [
                0.00037069626076349077,
                0.08705365869235046,
                -0.26746015582047683,
                3.909541036821573e-16,
                3.3298847016041265e-17,
                -0.16034712723681982,
                -1.2812662675523934,
                -7.687667082201291e-16,
                -6.693187811912332e-18,
                0.3571745967099356,
                -0.4714828731396632
            ],
            [
                0.0012926317611960667,
                -0.0009565005855827907,
                -0.16447579314829414,
                2.414396730298152e-16,
                1.2265937509539464e-17,
                -1.1693409613359134,
                1.0431428191153027,
                6.890664728638573e-16,
                2.7732205801152104e-16,
                -0.0760809593411237,
                -0.44961327857414823
            ],
            [
                0.9955501993210153,
                -0.23404216628383018,
                -0.049517977307541275,
                2.2105704639197645e-16,
                6.057470139653721e-19,
                -0.05624367033582609,
                -0.02013846797241108,
                -3.0968494945042157e-17,
                -5.025054033654378e-17,
                0.06961817463569153,
                0.08654101062571681
            ],
            [
                0.02101412737502121,
                0.5048217765608617,
                0.1178132384219713,
                -3.2809607186961254e-16,
                5.693622374328866e-17,
                0.07735407488855527,
                0.11323892493571121,
                3.3039839046449136e-16,
                7.645977553186154e-16,
                -0.742283821091822,
                -1.3952541399524785
            ],
            [
                -0.005256530585151577,
                0.5521408721565978,
                0.18286180868062674,
                -5.86177452204092e-17,
                -7.723322148839458e-17,
                0.5599758458355534,
                -0.22923751319563201,
                -4.291756962815497e-16,
                -8.833962099690411e-16,
                0.6612190099640309,
                1.7027970251180287
            ],
            [
                -3.720066176126007e-17,
                -5.938756059435524e-17,
                8.596787612141096e-16,
                0.6489025196310728,
                -0.13090392629115843,
                9.90543719996941e-17,
                1.8164864738872032e-16,
                -0.22544101217426488,
                -0.9183907345816045,
                -4.689007979825062e-16,
                -5.823488221346159e-16
            ],
            [
                -7.592717189298814e-18,
                -1.1357710394528673e-17,
                1.9324106490384541e-16,
                0.1309039262911585,
                0.6489025196310737,
                -2.6693213712121423e-17,
                -1.8038445581458238e-16,
                0.9183907345816034,
                -0.22544101217426493,
                3.971566370609402e-16,
                -1.722968449160768e-16
            ],
            [
                -0.0012633298618064121,
                -0.05085444767405737,
                0.5313270842105331,
                -4.492543818198508e-16,
                -4.530892490487467e-17,
                -0.3198474670870293,
                -0.34951872387204774,
                2.262066730185733e-16,
                3.1160292755087264e-17,
                -0.7955462867150409,
                0.4961569383729408
            ],
            [
                -3.179722315357348e-17,
                -2.2488086650982832e-17,
                5.901669434781294e-16,
                0.47891057839940027,
                -0.09661123690888683,
                1.2728448377572702e-16,
                -1.6196954103707782e-16,
                0.24932511562764592,
                1.01568864459284,
                3.5786869367232843e-16,
                4.124170652850735e-16
            ],
            [
                -8.130291654858455e-18,
                -2.2129935905236587e-18,
                1.3180548547066682e-16,
                0.09661123690888664,
                0.4789105783994,
                5.986905558954581e-17,
                2.1147162110060063e-16,
                -1.015688644592839,
                0.24932511562764542,
                -3.7676276865136673e-16,
                1.0472955609095409e-16
            ],
            [
                0.0011763320306525874,
                -0.04456708364100452,
                0.37771820250006316,
                -6.06384736650406e-16,
                3.507029225661746e-17,
                -0.46903846976889496,
                -0.041412500065373406,
                -4.104773920610478e-16,
                7.685304232182211e-17,
                1.0101731461998307,
                -0.9024295665252738
            ]
        ],
        [
            [
                0.000370697264998067,
                0.08705350981173678,
                -0.2674591523937692,
                -1.0203746900011869e-16,
                2.556244494600888e-17,
                -0.1603478075969111,
                1.2812659867302723,
                -2.404860314802452e-16,
                3.3613274218820184e-16,
                0.357175478137746,
                -0.4714833338692646
            ],
            [
                0.0012926335185715137,
                -0.0009569239601768367,
                -0.16447341323443854,
                -1.6060130045143867e-16,
                9.483523154973461e-18,
                -1.1693411421060866,
                -1.0431430457773923,
                -3.2296539831709144e-17,
                -4.9398648100845765e-17,
                -0.076081118015497,
                -0.4496131254047475
            ],
            [
                0.9955501924242144,
                -0.23404230030766487,
                -0.049517808637246835,
                -1.3483864181083855e-16,
                -6.083802783424386e-18,
                -0.056243655429661456,
                0.020138468160038763,
                -1.6845232743818948e-17,
                1.2166922138224696e-17,
                0.0696180867011903,
                0.08654090440440915
            ],
            [
                0.021014160955013735,
                0.5048228164635125,
                0.11781304423965673,
                2.922411884328141e-17,
                3.773109279520865e-17,
                0.0773542554082863,
                -0.11323918267113145,
                1.4903651922909504e-16,
                -6.490177584355604e-17,
                -0.7422831790492324,
                -1.3952540902364314
            ],
            [
