{
    "dist": 1.025,
    "thetas": [
        1.8148753005830365,
        -1.9076246126603773,
        -2.166249198586991,
        -0.16916881257402583,
        -1.3671299471605198,
        1.030739713856713,
        -2.114864275870905,
        2.6673673978022956,
        1.721011088872685,
        2.2808057577892766,
        2.873702368367785,
        0.7118380667706448,
        -1.3961024839174951,
        -1.5045217333087788,
        -1.0484277890707796,
        -0.9871406037468522,
        0.5008491064145693,
        0.09656811746617544,
        -0.733868705148474,
        -3.132316454857535,
        -1.7262338485393,
        -1.579759456116289,
        -0.32013179302128103,
        -0.6801258357338167,
        2.7701825498272976,
        -2.8846962536334013,
        2.830095799495841,
        -0.3345043775701484,
        -1.061854481673711,
        1.8727980151998445,
        -2.7718940989136387,
        -1.8268385097175488,
        2.1162492300106175,
        -2.380273188992966,
        -0.6448389883673977,
        -2.67554913957511,
        0.5400341029065694,
        -1.3257783267016452,
        2.6368753752037373,
        -0.5464862959011358
    ],
    "oo": false,
    "mo": [
        [
            [
                0.0003694031905331201,
                0.0992448398470752,
                -0.2751826784104893,
                2.322097185897594e-17,
                -6.741767331168695e-18,
                0.1407082113217827,
                1.306443180584665,
                1.3376458095003277e-16,
                4.00853758702785e-17,
                0.3740635228868932,
                -0.48737487284660064
            ],
            [
                0.001425637222025212,
                -0.004873237933144382,
                -0.146077057030178,
                -1.8356906918286388e-17,
                1.7899061624911856e-16,
                1.2285355074334445,
                -0.9871734733074455,
                8.511108885781011e-18,
                -6.681878206739514e-17,
                -0.04901647855897178,
                -0.5067447909740145
            ],
            [
                0.9955407894902466,
                -0.2330716679062742,
                -0.053121259045868285,
                1.318044132391101e-17,
                8.602124140622632e-17,
                0.05860917839180554,
                0.02479638514268129,
                1.706768489027065e-17,
                1.952490934237311e-17,
                0.06827273883495616,
                0.08580980716781357
            ],
            [
                0.021114866278295077,
                0.502406417519323,
                0.12371550886786231,
                -2.1079192484114723e-17,
                4.382998442712079e-18,
                -0.07863100527057364,
                -0.11820970627329924,
                -1.4779185814778363e-16,
                -1.3234875752417856e-16,
                -0.7019452972530258,
                -1.4288253331094969
            ],
            [
                -0.005423696205363806,
                0.5474120839997186,
                0.1994574579731037,
                1.4340613332291054e-17,
                -9.7285032411398e-17,
                -0.6124788922598299,
                0.17581794915511154,
                1.0121974117218834e-16,
                1.4491861792663318e-16,
                0.5922594838377433,
                1.7952167179673402
            ],
            [
                -7.624481275463728e-17,
                1.2599954962897378e-17,
                1.5411686814520793e-16,
                -0.19807431041467166,
                0.6310353221065834,
                -6.678103475801532e-17,
                2.77787042701352e-17,
                0.24435484420551745,
                -0.9139623674738375,
                7.817974438417287e-18,
                1.0391108205986425e-16
            ],
            [
                -3.5412617308542813e-17,
                8.234961366376947e-18,
                8.818580596916804e-17,
                0.631035322106584,
                0.1980743104146718,
                4.177151493696617e-18,
                1.7212395347252119e-18,
                -0.9139623674738371,
                -0.24435484420551767,
                4.945962208820647e-16,
                -2.502963287862713e-17
            ],
            [
                -0.0013316395286890024,
                -0.05983074180116107,
                0.5364547471652165,
                -8.444550631884306e-17,
                -1.4338385193037207e-16,
                0.30523879351188254,
                0.3698416791602489,
                -2.6487172321813034e-16,
                -8.82611286057715e-17,
                -0.8040470212826853,
                0.4688236703432406
            ],
            [
                -7.09136864495505e-17,
                3.760528066102825e-18,
                1.0933988627222772e-16,
                -0.1465068987991093,
                0.46674921084407617,
                -3.393927444104244e-17,
                6.8775211712275815e-18,
                -0.27004847766901346,
                1.0100644690943446,
                -4.768222440510202e-17,
                -1.1687541161412523e-16
            ],
            [
                -3.1881871418098606e-17,
                3.9537195903655604e-19,
                6.344671607619442e-17,
                0.4667492108440754,
                0.14650689879910925,
                1.2823565655071953e-18,
                5.025152280644204e-18,
                1.0100644690943446,
                0.27004847766901385,
                -3.4654348292654564e-16,
                9.971358321151437e-18
            ],
            [
                0.0012574640522164354,
                -0.046487646611502266,
                0.3708042073159097,
                1.2725135642551257e-17,
                -1.1555025740797144e-16,
                0.4665423071890237,
                0.10641620913813547,
                3.5926869286811934e-16,
                7.438703293765525e-17,
                1.0519973714638116,
                -0.9180844639841361
            ]
        ],
        [
            [
                0.0003694037462066678,
                0.0992447934415029,
                -0.2751824321152513,
                3.529060310394401e-16,
                6.050009334188961e-17,
                0.14070858938112366,
                1.3064429566558746,
                -3.2628807346763826e-16,
                -4.612880987361888e-16,
                0.3740638811380123,
                -0.48737523750788103
            ],
            [
                0.0014256386446970875,
                -0.004873505109887863,
                -0.14607605132379345,
                4.237640547594823e-16,
                2.929461601489987e-17,
                1.2285354330791212,
                -0.9871737648827047,
                1.1841020248840096e-16,
                -1.245176122027049e-17,
                -0.04901665282098747,
                -0.5067446737075514
            ],
            [
                0.9955407849102138,
                -0.23307176180474518,
                -0.053121187344674047,
                7.130349377743283e-17,
                8.559524154802276e-18,
                0.05860914618244366,
                0.024796383215239658,
                -6.704877548305101e-17,
                -7.761340322489877e-17,
                0.06827268930541928,
                0.08580971161295488
            ],
            [
                0.021114888902922683,
                0.5024071779976637,
                0.12371552869632768,
                -1.6466735206819285e-16,
                -9.70926635124976e-17,
                -0.07863104334451719,
                -0.1182099033011907,
                7.04209063344629e-16,
                7.335167037406778e-16,
                -0.7019452001837365,
                -1.4288250929489896
            ],
            [
