{
    "dist": -0.4,
    "thetas": [
        -0.788287681898749,
        2.8319215077704234,
        1.4576609265440963,
        0.6198895383354297,
        -2.1612986243157413,
        -2.1614501754128375,
        -2.776642555026645,
        2.3007525789727232,
        0.6353243561202211,
        1.3073585636350948,
        -3.012256461474685,
        2.952530678803174,
        2.088798716157191,
        -1.8074266732364683,
        -1.9991526911557285,
        -1.9892281320082241,
        -1.2299822628030639,
        0.15554924748987276,
        -0.427602058948239,
        -1.3117459988749123,
        0.7027924646851598,
        -2.265126877899127,
        -1.3059936903421663,
        -0.8396733026956396,
        -0.27602042971168705,
        1.7918134105853962,
        -1.8870052793034098,
        0.0894376142963571,
        0.5806578612433215,
        -2.8497361028750756,
        0.6757242333299223,
        -2.0701579851181284,
        -2.732861440336058,
        2.8204310122755585,
        2.9256523487662305,
        1.9377176864584964,
        -1.2276478947550764,
        -2.5279006619437125,
        1.1575702452784116,
        -0.3760329720066755
    ],
    "oo": false,
    "mo": [
        [
            [
                -0.0019975304028055883,
                0.4495486088080312,
                -0.3803371008332807,
                1.0860249114239424e-16,
                -1.4728460572524912e-16,
                6.83268216673517e-17,
                6.184584026858812e-16,
                -0.2722184560197318,
                -1.193753794130802,
                -2.54052341949718,
                2.0250216342980285
            ],
            [
                0.004219629385761278,
                0.050076597423975515,
                -0.0454671090870559,
                3.3024822040747907e-16,
                -3.111681408603253e-16,
                1.4752780147606304e-16,
                3.094400311138879e-16,
                0.015805236995726762,
                0.10650891115301866,
                0.9236964974838261,
                2.2756841616281394
            ],
            [
                0.9951243354769614,
                -0.23172378154642745,
                -0.09376401101230362,
                2.289762735170269e-17,
                -2.068377044705915e-17,
                4.504416279405432e-19,
                -1.876142575233387e-17,
                0.10176054574863233,
                -0.04331056580749961,
                0.05501594242858702,
                -0.01084476072067696
            ],
            [
                0.02509264770754652,
                0.44817768002029146,
                0.24649416250119038,
                -5.622719000929377e-17,
                -3.719022536234395e-17,
                1.756258974243266e-17,
                5.264754387550326e-18,
                -1.0735911950206847,
                1.2802593263167277,
                1.000573337911497,
                0.29411441136504
            ],
            [
                -0.008410271821516449,
                0.10136853025358843,
                0.6084953512875957,
                -3.343830263216862e-16,
                4.886331413507271e-16,
                -1.7788732401570226e-16,
                -7.255569556559212e-16,
                1.256855231473989,
                -0.36877595760893656,
                0.535063753312614,
                -3.7358350924667696
            ],
            [
                -5.756749092503411e-19,
                -2.2751025166702416e-18,
                1.8733577366668177e-16,
                0.5606936885568974,
                -0.3946623445969876,
                0.12671517376119687,
                -0.9199364083162658,
                -6.548974401999933e-16,
                -6.860535946268855e-16,
                1.535905438364716e-16,
                6.193465732150763e-17
            ],
            [
                -6.428007612981169e-20,
                -5.71667036176176e-18,
                -6.053605336352839e-17,
                0.3946623445969878,
                0.5606936885568977,
                0.9199364083162654,
                0.12671517376119684,
                1.0814963527272747e-16,
                9.00362913383961e-17,
                -1.9827532536272947e-17,
                -1.6339374510837247e-17
            ],
            [
                0.0053394599784803935,
                0.27980679574404627,
                -0.5770704695938098,
                8.498743907407615e-17,
                -7.316629385742951e-17,
                4.061242182370059e-18,
                -8.828306321113587e-16,
                0.6500929271171965,
                0.9200086170290327,
                0.5565930583469627,
                -0.3657455349628651
            ],
            [
                2.0904547619701195e-19,
                -2.4427603236508397e-18,
                1.0551494111882376e-16,
                0.3777690369930795,
                -0.2659049261630942,
                -0.14434981606845768,
                1.047961719133869,
                6.651071398449132e-16,
                8.179817918425254e-16,
                -2.5323506656079276e-16,
                -1.9201637154903572e-16
            ],
            [
                4.049005985685826e-20,
                -1.7821737770279163e-18,
                -3.6197795597834445e-17,
                0.2659049261630941,
                0.3777690369930791,
                -1.0479617191338695,
                -0.14434981606845812,
                -9.068369833527625e-17,
                -8.611531614516085e-17,
                3.421444927912974e-17,
                7.278263084704564e-17
            ],
            [
                -0.001920377895494114,
                -0.07568783828971647,
                -0.17890504422831938,
                -7.570484005000689e-17,
                2.0579546949734677e-17,
                -9.876729175501631e-17,
                6.632795448644564e-16,
                -0.5538910672897633,
                -0.4142941472274244,
                1.022758929673359,
                -1.429773023426549
            ]
        ],
        [
            [
                -0.0019975304028055883,
                0.4495486088080312,
                -0.3803371008332807,
                1.0860249114239424e-16,
                -1.4728460572524912e-16,
                1.921704544389004e-17,
                2.450594002331644e-16,
                -0.2722184560197126,
                1.1937537941308132,
                -2.540523419497176,
                2.0250216342980325
            ],
            [
                0.004219629385761278,
                0.050076597423975515,
                -0.0454671090870559,
                3.3024822040747907e-16,
                -3.111681408603253e-16,
                1.94426102663632e-16,
                2.899936368523954e-16,
                0.01580523699571796,
                -0.10650891115301893,
                0.9236964974838298,
                2.2756841616281367
            ],
            [
                0.9951243354769614,
                -0.23172378154642745,
                -0.09376401101230362,
                2.289762735170269e-17,
                -2.068377044705915e-17,
                1.113396856736321e-17,
                -2.239743259303081e-16,
                0.10176054574863311,
                0.04331056580749756,
                0.05501594242858718,
                -0.010844760720676899
            ],
            [
                0.02509264770754652,
                0.44817768002029146,
                0.24649416250119038,
                -5.622719000929377e-17,
                -3.719022536234395e-17,
                -5.99788492898899e-17,
                2.711696786322063e-15,
                -1.073591195020709,
                -1.2802593263167095,
                1.0005733379114943,
                0.2941144113650358
            ],
            [
                -0.008410271821516449,
