{
    "dist": 1.1,
    "thetas": [
        -3.0764099223207433,
        0.01177840984590972,
        -0.026557182477288332,
        -2.3007169235661014,
        -2.248682369474494,
        -1.7683479941393894,
        -0.512028202872056,
        -1.5827270375196305,
        -2.613430288461024,
        -0.9707606747745907,
        -2.0937059634728197,
        2.3785568841181437,
        2.833490577583455,
        -2.8981294278830885,
        1.2510286361875504,
        0.4571634041388086,
        2.5007524773851486,
        1.0486571744320248,
        0.3005736555656977,
        1.2718890166746162,
        -0.7132849799065748,
        1.2216942432770699,
        2.0412213292864516,
        -0.21571133114546903,
        2.767896497391848
    ],
    "oo": false,
    "mo": [
        [
            [
                0.00036599046415540835,
                0.08159426974121269,
                -0.2637483154851972,
                3.618729269540176e-17,
                -1.3877591932114491e-16,
                0.16964373470141061,
                1.271492354902181,
                3.0950136825007896e-17,
                6.1861843492772234e-18,
                0.34971857588191463,
                -0.46145701021655416
            ],
            [
                0.0012327568763054327,
                0.0008545485608162392,
                -0.17364773058264993,
                1.8290408255697937e-17,
                -1.794704960055601e-16,
                1.1406011530338958,
                -1.0675643564472053,
                -1.060600324679012e-16,
                -2.2076173083643465e-18,
                -0.08669892223209597,
                -0.4243694686110176
            ],
            [
                0.995554263950783,
                -0.23448106674503827,
                -0.047807187055826254,
                -3.453844919580941e-19,
                2.6174107653112157e-16,
                0.0550016545456079,
                0.017906647620790826,
                2.0989277606600858e-17,
                -2.0826319647363746e-18,
                0.07010507842813463,
                0.08701065750053172
            ],
            [
                0.020967457829218668,
                0.506008148548354,
                0.11491327092700164,
                1.8976279334160202e-16,
                8.079415260970138e-18,
                -0.07656820119779657,
                -0.1104586252934926,
                -2.535230634983796e-16,
                -8.05663292807735e-18,
                -0.7586998345850516,
                -1.3801743365181334
            ],
            [
                -0.0051786580850291895,
                0.5539305262087707,
                0.17535125826598874,
                -2.4809528837260213e-16,
                1.742619199977191e-16,
                -0.5346188499729172,
                0.25044922768872924,
                2.812247387024033e-16,
                2.2824049762567072e-17,
                0.6891538358544103,
                1.6611061847871589
            ],
            [
                -1.3349813980016067e-16,
                5.111202466051529e-19,
                -3.732356600609655e-16,
                0.005899146252801166,
                0.6622608846776992,
                2.394907675732222e-17,
                -1.783862764300792e-17,
                -0.9192043881535372,
                -0.2211662784788231,
                4.308934364829854e-16,
                6.910215638062372e-17
            ],
            [
                -1.4757928815076935e-18,
                3.742336389368834e-17,
                3.9246250222690066e-17,
                0.6622608846776984,
                -0.0058991462528012704,
                1.879944708710906e-17,
                -4.802345760168655e-18,
                0.22116627847882225,
                -0.9192043881535377,
                -8.809760481340167e-17,
                -1.3674712783309245e-16
            ],
            [
                -0.0012296513200078252,
                -0.04685217619750156,
                0.5288963697082905,
                -5.794543338693793e-17,
                3.543795659776881e-16,
                0.3263588580266438,
                0.3394835683392003,
                -8.862831927296919e-17,
                -4.156559696910368e-17,
                -0.7920107712348369,
                0.5073718298738352
            ],
            [
                -1.0022194774971245e-16,
                -3.5579386751191744e-18,
                -2.721242291501196e-16,
                0.004348621544293631,
                0.4881930075364475,
                2.5181389444714935e-17,
                -8.947516983425736e-18,
                1.01698085466988,
                0.24469190292200926,
                -2.3959647920155437e-16,
                -3.2686399496422585e-18
            ],
            [
                -1.064704876229884e-18,
                3.946215722653048e-18,
                2.3282241826112924e-17,
                0.4881930075364474,
                -0.004348621544293536,
                2.855972316885893e-17,
                1.1831186735691486e-17,
                -0.24469190292200851,
                1.01698085466988,
                3.9193653664340254e-17,
                5.075143750406538e-17
            ],
            [
                0.0011342345332061388,
                -0.043370897010837774,
                0.38059417770280496,
                1.683388866387969e-17,
                1.5414320461478893e-16,
                0.4691542622395075,
                0.011867930182041997,
                5.0428989257999864e-17,
                4.274251399436566e-17,
                0.9920415360274393,
                -0.8922875283378513
            ]
        ],
        [
            [
                0.00036599023259178373,
                0.08159435417639244,
                -0.2637490967240605,
                -5.897544779465357e-17,
                -1.4418674885878372e-16,
                0.1696435805954354,
                1.2714923370726636,
                -5.799140268858063e-17,
                -2.7760862559201806e-16,
                0.3497180551329225,
                -0.46145704919866776
            ],
            [
                0.0012327570602045043,
                0.000854600618500924,
                -0.17364889365397276,
                -4.855552628838975e-17,
                -1.365071845134034e-16,
                1.140600788656241,
                -1.0675645582647306,
                1.9803498353271223e-16,
                -1.4962896896789136e-17,
                -0.0866989926187148,
                -0.4243694498626304
            ],
            [
                0.995554264109698,
                -0.234481074398158,
                -0.04780726890704597,
                -3.0759408783503645e-18,
                -1.241855061273806e-17,
                0.05500160806214049,
                0.017906643666560158,
                -6.971340435117574e-17,
                6.165930134591286e-18,
                0.07010508695154993,
                0.08701061341555634
            ],
            [
                0.02096745754372274,
                0.5060082926576016,
                0.11491353461449455,
                -7.324298959931333e-17,
                -1.1800533183864241e-17,
                -0.07656804567741275,
                -0.11045863407059522,
                9.125759784329584e-16,
                -1.856473599680304e-16,
                -0.7587004017003576,
                -1.380173957908116
            ],
            [
                -0.0051786585781680265,
                0.553930343967935,
                0.17535173432155324,
                1.4384288882008796e-16,
                1.4979420912722924e-16,
                -0.5346186946340467,
                0.25044932229298694,
                -9.738795769716175e-16,
                2.5919522870307443e-16,
                0.689154669343131,
                1.6611058852399645
