{
    "dist": 1.1,
    "thetas": [
        1.704757879308132,
        -3.011204310279467,
        0.8397366260192594,
        1.563280899135842,
        -0.009380718364163876,
        -1.7291536732871136,
        -1.8971269718342263,
        1.6369627429575306,
        -2.0790379300152217,
        -2.586537231132677,
        1.1646500873100205,
        2.8487544111850127,
        -3.1167849646094092,
        0.07660625016677525,
        1.9642554329689128,
        0.70702212977712,
        1.3933297522764283,
        -1.3076812305427234,
        2.6249522282931705,
        1.3482194095209188,
        0.2673141479915979,
        -2.2483118993788564,
        -0.7958234754631421,
        1.0941137716709264,
        -0.3654729438307087,
        -0.4146023075677032,
        0.7399517487893483,
        0.08255001257991035,
        0.94497336375301,
        0.6348464674842362,
        1.917773905749895,
        0.1360130698619595,
        2.567616643692406,
        -1.1357731497354906,
        -2.5732197993538017,
        -1.2522384758651308,
        -2.425407785880496,
        2.0651656802006935,
        -2.846934388642458,
        0.7934855547557511
    ],
    "oo": false,
    "mo": [
        [
            [
                0.0003659904641553564,
                0.08159426974121324,
                -0.26374831548519767,
                -2.855290059689643e-18,
                9.03454520032739e-17,
                -0.16964373470141464,
                -1.2714923549021802,
                2.49371398592357e-16,
                1.3381368742360729e-15,
                0.3497185758819096,
                -0.46145701021655827
            ],
            [
                0.0012327568763057276,
                0.0008545485608147504,
                -0.1736477305826547,
                -3.0361658187313636e-18,
                3.451260601910436e-17,
                -1.1406011530338904,
                1.0675643564472104,
                -2.4630765099099654e-16,
                -1.052971404739948e-15,
                -0.08669892223210028,
                -0.42436946861101843
            ],
            [
                0.9955542639507832,
                -0.2344810667450386,
                -0.047807187055825845,
                6.271583237581925e-19,
                -4.252661358077329e-17,
                -0.05500165454560797,
                -0.01790664762079086,
                2.8430224258645466e-17,
                5.778097163309029e-17,
                0.07010507842813561,
                0.08701065750053125
            ],
            [
                0.02096745782921893,
                0.5060081485483543,
                0.11491327092700065,
                -1.0901672931330999e-17,
                -5.488325228297208e-17,
                0.07656820119779818,
                0.11045862529349249,
                -3.3395068307243574e-16,
                -5.904197937290331e-16,
                -0.758699834585067,
                -1.3801743365181256
            ],
            [
                -0.005178658085029579,
                0.5539305262087713,
                0.1753512582659892,
                4.492613016823105e-18,
                1.856906647496082e-18,
                0.5346188499729144,
                -0.2504492276887317,
                3.679034993857715e-16,
                7.080781626975682e-16,
                0.6891538358544285,
                1.6611061847871527
            ],
            [
                -8.79930196848396e-18,
                -3.39597395752295e-17,
                2.0653900194694617e-16,
                0.08303444129668903,
                0.6570613067736881,
                1.1872004283477817e-16,
                -4.976762777004743e-16,
                -0.09611949727081978,
                -0.9405382885248724,
                1.0609538109667476e-15,
                -2.0111059480359128e-16
            ],
            [
                3.174956966567543e-19,
                1.1901620732329106e-17,
                -1.712028204450947e-17,
                0.6570613067736885,
                -0.08303444129668916,
                -8.969661204500018e-18,
                4.3384839899016744e-17,
                0.9405382885248722,
                -0.09611949727081998,
                -1.9458214566838837e-16,
                -1.7707712658981232e-16
            ],
            [
                -0.0012296513200078343,
                -0.04685217619749946,
                0.5288963697082892,
                3.3069878774512125e-18,
                -2.9733155627797064e-17,
                -0.32635885802664816,
                -0.3394835683391986,
                -1.8129562972219652e-16,
                -7.396959015798229e-16,
                -0.7920107712348318,
                0.5073718298738438
            ],
            [
                -2.9606528861873596e-17,
                -1.6462129777642974e-17,
                1.4609909059747158e-16,
                0.06120976576393641,
                0.48436008061352576,
                -8.48479630877932e-17,
                5.828213401197675e-16,
                0.1063438009486414,
                1.040584058171405,
                -1.0275408890909176e-15,
                1.7027213817827963e-16
            ],
            [
                3.880997860293457e-18,
                -1.5389185020618399e-19,
                -1.3020663301773567e-17,
                0.4843600806135254,
                -0.061209765763936365,
                6.724749955746123e-18,
                -5.63861154798363e-17,
                -1.040584058171405,
                0.10634380094864176,
                2.1452100165020883e-16,
                1.1211364392075863e-16
            ],
            [
                0.0011342345332062303,
                -0.04337089701083637,
                0.38059417770280374,
                -2.2139615244797562e-17,
                -2.5168324301675146e-16,
                -0.4691542622395079,
                -0.01186793018204027,
                2.386261568386489e-16,
                1.1072894293262252e-15,
                0.9920415360274298,
                -0.8922875283378632
            ]
        ],
        [
            [
                0.0003659902325921053,
                0.08159435417639231,
                -0.2637490967240603,
                3.571664358388368e-17,
                -3.5835263793886256e-16,
                -0.16964358059543772,
                -1.2714923370726643,
                2.0076607305541132e-16,
                1.027107383212911e-15,
                0.3497180551329239,
                -0.4614570491986658
            ],
            [
                0.0012327570602041634,
                0.0008546006185014816,
                -0.17364889365396932,
                -2.4124988091016636e-17,
                -2.1262243796194844e-16,
                -1.1406007886562388,
                1.067564558264732,
                -3.044764425072479e-16,
                -1.3939585761310184e-15,
                -0.08669899261871496,
                -0.42436944986263486
            ],
            [
                0.9955542641096983,
                -0.23448107439815752,
                -0.047807268907045807,
                6.666739518268758e-18,
                1.3605174194538602e-17,
                -0.05500160806214074,
                -0.01790664366655985,
                7.097041065374038e-17,
                7.905681340646249e-17,
                0.07010508695155002,
                0.08701061341555648
            ],
            [
                0.020967457543722902,
                0.5060082926576014,
                0.1149135346144947,
                -3.369594520911287e-16,
                7.836295130243062e-17,
                0.0765680456774161,
                0.11045863407059188,
                -8.767910053883105e-16,
                -1.0741647616356747e-15,
                -0.758700401700356,
                -1.3801739579081185
            ],
            [
