{
    "dist": 2.1,
    "thetas": [
        1.2344523002620233,
        -1.3437261884234306,
        -1.71624293364286,
        0.3224202031429355,
        1.3789642063384902,
        -0.4831363599630145,
        3.0207305475081876,
        1.1613194978062573,
        -0.1198083964293164,
        -0.6778456245845823,
        -0.9853415847636118,
        1.4391617560491943,
        -0.3859619696820067,
        -2.766625370449171,
        -0.6406068368903868,
        1.4953692364717712,
        -1.9949632941225846,
        -2.0391967572450125,
        0.1982431285443691,
        0.1999786276100073,
        0.844466128040513,
        2.1955447144109703,
        1.4102943992825638,
        0.6975812910408847,
        1.3976529930445434,
        -1.112381951244826,
        -0.8684074882794137,
        -1.7073724751617976,
        -1.296132872807237,
        0.8229472569938512,
        -2.5628802482082387,
        -0.4165678177032248,
        -0.4344020696261799,
        -0.039677701659869946,
        -0.46602203025102895,
        -1.1795975254072706,
        -0.46274838598426316,
        2.471737009701255,
        2.7907397004152337,
        0.011540174930514624
    ],
    "oo": false,
    "mo": [
        [
            [
                -0.00017129385021030533,
                0.01056376847864587,
                -3.696116342197901e-18,
                8.16924576796584e-17,
                -0.18952026379111808,
                0.3441967646276559,
                6.465671626584487e-16,
                5.988287951843704e-17,
                -0.03866979078916464,
                1.0959312884835468,
                -0.6804521725916733
            ],
            [
                0.0004777115640486805,
                0.014257100846821658,
                -6.353820470416719e-18,
                1.8223175741748612e-16,
                -0.3844462567466371,
                0.5248999662312892,
                1.6102938310100792e-16,
                -1.1975227692089719e-18,
                -0.06530897511049713,
                -0.7964694712332409,
                0.9650522151437163
            ],
            [
                0.9955892462954914,
                -0.23991239454221394,
                1.0494497211921536e-17,
                -5.0486618946750255e-17,
                -0.012631263851362453,
                0.015951251799855994,
                -1.3072404430904307e-15,
                -1.053259672735479e-16,
                0.12199005635022238,
                -0.004621649605312509,
                -0.0030688496450320423
            ],
            [
                0.020359922930736643,
                0.5264404792324135,
                -3.0478755129471975e-17,
                6.058457569296355e-17,
                0.03963223035152605,
                -0.0575284756437899,
                1.5718052970551275e-14,
                1.2778428778713324e-15,
                -1.4823004140016265,
                -0.04207945502156803,
                0.1735365877159713
            ],
            [
                -0.004136107153715835,
                0.5628443086053202,
                1.3732244600835798e-17,
                -1.4894937690406896e-16,
                0.03191430396289014,
                -0.029506606369239904,
                -1.5309130261667382e-14,
                -1.2588386658985715e-15,
                1.4513490036359922,
                0.12235325211774381,
                -0.2774635984944856
            ],
            [
                2.9349712754524923e-18,
                -1.091608015058516e-16,
                -0.08371468603010976,
                0.6632853682282602,
                6.44197524501211e-16,
                4.923797092577282e-16,
                -0.8674224380883164,
                -0.36482625285962245,
                -1.0687720164343471e-14,
                -5.20649063253733e-16,
                -8.97846211364403e-16
            ],
            [
                -1.5439545701022722e-18,
                1.53331126787502e-17,
                0.6632853682282605,
                0.0837146860301099,
                9.864748515875404e-17,
                1.3955983541538284e-16,
                -0.3648262528596207,
                0.8674224380883174,
                -3.454561431924163e-15,
                -1.718598456090837e-16,
                -3.016223805750739e-16
            ],
            [
                -0.000367363847874896,
                -0.0006112351993423645,
                -2.6773919951597237e-17,
                -8.579752688273475e-16,
                0.4989067086424719,
                0.6095313313897417,
                1.7762357666343532e-15,
                9.09029649195562e-17,
                -0.0638703483407087,
                -0.49114880252469095,
                -0.6920473939176264
            ],
            [
                8.671262023020312e-18,
                -3.013626722989035e-17,
                -0.060262703659278966,
                0.47747141490441575,
                5.308942660488603e-16,
                -1.0888884449285574e-16,
                0.9671604287237142,
                0.4067747151007567,
                1.1830461543711205e-14,
                5.85741546554696e-16,
                1.0805735807873057e-15
            ],
            [
                -1.0187093487974349e-18,
                8.640656143122831e-18,
                0.47747141490441525,
                0.06026270365927897,
                8.366613420783722e-17,
                -8.148451681858664e-17,
                0.40677471510075497,
                -0.9671604287237155,
                3.876494620911289e-15,
                2.3418049817776503e-16,
                4.0952663050511817e-16
            ],
            [
                0.00022584182580885027,
                -0.006758207234414845,
                -9.03236518489165e-19,
                -4.815725681588158e-16,
                0.4118005311938267,
                0.06339894412735446,
                -2.0582067954086526e-15,
                -1.333618172855368e-16,
                0.06854417281900639,
                0.49971869567247856,
                1.0050524522943602
            ]
        ],
        [
            [
                -0.00017129385021030533,
                0.01056376847864587,
                -3.696116342197901e-18,
                8.16924576796584e-17,
                -0.18952026379111808,
                -0.34419676462765664,
                3.217639405302992e-17,
                -2.3994467421459757e-17,
                -0.0386697907891665,
                1.0959312884835701,
                -0.6804521725916345
            ],
            [
                0.0004777115640486805,
                0.014257100846821658,
                -6.353820470416719e-18,
                1.8223175741748612e-16,
                -0.3844462567466371,
                -0.5248999662312885,
                2.06900425316514e-16,
                -1.5704409622870237e-17,
                -0.06530897511049516,
                -0.7964694712332746,
                0.9650522151436879
            ],
            [
                0.9955892462954914,
                -0.23991239454221394,
                1.0494497211921536e-17,
                -5.0486618946750255e-17,
                -0.012631263851362453,
                -0.01595125179985594,
                -9.811496394326229e-17,
                -3.735438072295686e-17,
                0.12199005635022238,
                -0.004621649605312201,
                -0.003068849645032154
            ],
            [
                0.020359922930736643,
                0.5264404792324135,
                -3.0478755129471975e-17,
                6.058457569296355e-17,
                0.03963223035152605,
                0.05752847564378927,
                1.2915299342839317e-15,
                4.1609168702678933e-16,
                -1.4823004140016256,
                -0.0420794550215764,
                0.17353658771596925
