{
    "dist": 1.325,
    "thetas": [
        0.08760861272552134,
        1.7163466416595838,
        2.32746579231868,
        -3.091032184819611,
        -1.1954644373498238,
        2.8752090916942024,
        0.08241473380009046,
        -1.141752631729318,
        0.24630047087519147,
        -1.751406850186827,
        1.9256791650342215,
        -0.9911434186133583,
        0.24434584507180768,
        -3.1046865705178597,
        1.0879491068056106,
        -1.8219712953171123,
        2.717839512084492,
        -0.7901435423585768,
        1.5859948625045268,
        1.6533511101416858,
        2.3279167336815005,
        -2.4497437162116813,
        -1.256059131577146,
        -0.15767172267494178,
        1.0865934529393346,
        -1.5230916638223246,
        1.2638710166126836,
        0.9864604662866885,
        -1.9980041845417171,
        -1.1180111890597026,
        2.4349696553066904,
        -2.6178944295162165,
        1.5492080569438746,
        -2.749835741914887,
        1.4544388133711452,
        1.523743782519647,
        -0.5785820079441057,
        3.08745043887678,
        -0.3007302212031986,
        -1.9485505812597712
    ],
    "oo": false,
    "mo": [
        [
            [
                0.00023370932498131993,
                0.04703729402832595,
                -0.23543364107545614,
                -7.694953281246319e-14,
                -1.9840012848768304e-14,
                0.23379896510263182,
                1.242956838684461,
                9.116470032201706e-18,
                -3.596390235547309e-16,
                0.31022427302872596,
                -0.32127846262489734
            ],
            [
                0.0008673465156875146,
                0.011856917873240438,
                -0.24932064165505058,
                -8.16542435470341e-14,
                -2.1222434839161776e-14,
                0.9226789036588492,
                -1.2012205132535423,
                2.2775477877225096e-17,
                1.6194809439819448e-16,
                -0.11837310178763483,
                -0.2946507536958982
            ],
            [
                0.9955776431375658,
                -0.2372894641711906,
                -0.034914665423856156,
                -1.1374670271698449e-14,
                -2.8941858089915835e-15,
                0.043111516092411595,
                0.0010155218290864188,
                4.006024854673645e-18,
                -6.59434066826955e-17,
                0.06800979125465786,
                0.09454709180737021
            ],
            [
                0.0206516620461559,
                0.5151940007183494,
                0.09069316455042725,
                2.957525101536354e-14,
                7.378473980636276e-15,
                -0.06654168587365347,
                -0.07500041980666688,
                -9.185528539475873e-17,
                7.21570769456331e-16,
                -0.7914676226345054,
                -1.3176667351006681
            ],
            [
                -0.004657181066894197,
                0.5608349960180544,
                0.12390578017414872,
                4.039180620925937e-14,
                1.0588576423970477e-14,
                -0.34218444695051636,
                0.3198106811699286,
                1.0518271728587574e-16,
                -6.638256940358911e-16,
                0.7712311229352407,
                1.436991639893884
            ],
            [
                -8.1052325475826e-17,
                1.808200139491093e-16,
                -2.0661594430745838e-13,
                0.5296952147638428,
                0.4022499030658807,
                2.269054155472668e-16,
                3.6309814184010835e-17,
                -0.3129398219692793,
                -0.8900349274062807,
                -6.765179726822096e-16,
                1.286512103820143e-16
            ],
            [
                3.5036278433495566e-17,
                -5.1196348572260446e-18,
                8.674653831367841e-14,
                -0.40224990306588093,
                0.5296952147638425,
                -4.341558326505224e-17,
                3.258591462325192e-18,
                -0.8900349274062814,
                0.3129398219692791,
                4.3308340844158083e-16,
                4.3773637046738796e-17
            ],
            [
                -0.0009440078974649193,
                -0.022023995790297415,
                0.5117642061732733,
                1.66765883908325e-13,
                4.285898389362926e-14,
                0.36397399088650323,
                0.255046848174358,
                -8.922828954331459e-17,
                6.520034160690955e-16,
                -0.7955699989155405,
                0.534112315735573
            ],
            [
                -7.21896235453185e-17,
                5.2636758420885636e-17,
                -1.5060309165847236e-13,
                0.38631014555673265,
                0.29336345557292226,
                2.422215477974624e-16,
                1.133823839015674e-16,
                0.34744137394271873,
                0.9881610978400927,
                8.025695036541477e-16,
                -1.5406766017480865e-18
            ],
            [
                2.969725459860311e-17,
                -3.0792790828182845e-18,
                6.325166149435833e-14,
                -0.29336345557292226,
                0.3863101455567327,
                -4.457107111293992e-17,
                -1.5019736604221882e-17,
                0.988161097840093,
                -0.3474413739427187,
                -4.397628252825213e-16,
                -4.124531398163704e-17
            ],
            [
                0.0007758419841487059,
                -0.030305120517013964,
                0.39449160993036453,
                1.2849286768037623e-13,
                3.293164526987721e-14,
                0.4483617197953969,
                -0.1749843032114916,
                1.1863942470626663e-16,
                -8.322654644197789e-16,
                0.9144770659212711,
                -0.7540148460145417
            ]
        ],
        [
            [
                0.00023370915370940888,
                0.04703741400805783,
                -0.23543482089201803,
                1.160197892143883e-15,
                1.7091886455511422e-13,
                0.23379868817355348,
                1.2429568257641843,
                1.573713267967396e-16,
                -4.644215755751079e-17,
                0.31022367079792673,
                -0.32127841350481384
            ],
            [
                0.000867346072508705,
                0.011857028860229367,
                -0.2493224167955355,
                1.3108722541038585e-15,
                1.81208979276309e-13,
                0.9226780575203783,
                -1.201220797150713,
                1.1397065548639482e-17,
                4.260692379675681e-18,
                -0.118373056851344,
                -0.2946507574750662
            ],
            [
                0.995577645731686,
                -0.23728942117378024,
                -0.03491480888774701,
                1.305082541174066e-16,
                2.514154438338571e-14,
                0.04311146678696707,
                0.0010155090377760322,
                -8.511748196169071e-18,
                2.6202927976388805e-18,
                0.06800987157629695,
                0.09454708426763057
            ],
            [
                0.020651650026763477,
                0.5151936934269629,
                0.09069339177299265,
                -2.863247745582581e-16,
                -6.578427269866521e-14,
                -0.06654151383068783,
                -0.07500039799207037,
                2.7698000519047546e-16,
                4.434512823149886e-17,
                -0.7914684619360672,
                -1.3176663455932023
            ],
            [
