{
    "dist": 1.325,
    "thetas": [
        2.1855667552925073,
        -0.013626910764637845,
        -1.859523032357932,
        1.585069256382293,
        0.8220384850650033,
        -2.7839212907039954,
        -2.872867837764958,
        -0.5027397606753228,
        3.060297672971223,
        -2.5741139851023065,
        -2.3744251662846403,
        0.2496673797027653,
        1.8406245937279886,
        -0.716805742586871,
        -1.0835715142998037,
        -2.8692551741767,
        -1.0142829333960175,
        0.27121062892473846,
        0.33197733616490144,
        1.363914835828135,
        0.40354106223186115,
        0.6218572486113025,
        1.8077324953950757,
        2.288024164747765,
        1.9156297680911916,
        -1.4815332252829163,
        0.49399948671315874,
        -2.2878061385722064,
        0.47215045733477545,
        -2.8732461523736585,
        1.9721328625056227,
        -1.3432578969727325,
        2.807964494593704,
        2.0480359071919585,
        -2.8761355781010147,
        -0.6624231992419629,
        -1.2241454708515218,
        1.6813635975262828,
        -2.651227798597092,
        -0.001082322442041761
    ],
    "oo": false,
    "mo": [
        [
            [
                0.00023370932498133023,
                0.04703729402832928,
                -0.2354336410754868,
                1.4127464335368322e-13,
                5.73035328156696e-15,
                0.23379896510262627,
                1.242956838684458,
                2.0045342207341176e-16,
                8.991411608325234e-18,
                0.31022427302872546,
                -0.32127846262488785
            ],
            [
                0.0008673465156873303,
                0.01185691787324197,
                -0.24932064165509057,
                1.4956475243893528e-13,
                6.048057833822195e-15,
                0.9226789036588274,
                -1.2012205132535503,
                4.965052950523949e-17,
                -1.9428370772632656e-17,
                -0.1183731017876289,
                -0.294650753695903
            ],
            [
                0.9955776431375661,
                -0.23728946417119032,
                -0.034914665423859834,
                2.0997028034540206e-14,
                8.542150140735748e-16,
                0.043111516092410006,
                0.0010155218290858943,
                4.64141613350504e-17,
                9.06732189663442e-19,
                0.06800979125465605,
                0.0945470918073709
            ],
            [
                0.02065166204615557,
                0.5151940007183492,
                0.09069316455043612,
                -5.450150773681354e-14,
                -2.205938776305374e-15,
                -0.06654168587364932,
                -0.0750004198066642,
                -4.689386157146876e-16,
                -3.492653653782676e-17,
                -0.7914676226344832,
                -1.3176667351006806
            ],
            [
                -0.0046571810668939425,
                0.5608349960180534,
                0.12390578017416486,
                -7.422385218462182e-14,
                -3.0269074295579198e-15,
                -0.3421844469505089,
                0.31981068116992917,
                4.2528943502539265e-16,
                4.7811192570353304e-17,
                0.7712311229352172,
                1.4369916398938973
            ],
            [
                4.0272561816921706e-17,
                -7.767897518406424e-17,
                3.988845438551656e-13,
                0.6639452533554063,
                0.03948044588213237,
                -3.161188582843138e-16,
                -3.601022783225411e-17,
                -0.9413110477951558,
                0.0634587698907753,
                6.988003123730632e-16,
                -6.300734296790165e-17
            ],
            [
                -9.73816909221118e-19,
                1.968308312057608e-17,
                -7.510846519717929e-15,
                -0.03948044588213248,
                0.6639452533554056,
                1.7920937693157438e-17,
                -4.8296755955864556e-18,
                -0.06345876989077519,
                -0.9413110477951565,
                5.4610744285960804e-17,
                1.2882070326993915e-17
            ],
            [
                -0.0009440078974650044,
                -0.02202399579029646,
                0.5117642061732399,
                -3.0639778243169265e-13,
                -1.2435293413521166e-14,
                0.36397399088653076,
                0.2550468481743585,
                -4.3199062278675033e-16,
                -2.5888835220195737e-17,
                -0.7955699989155546,
                0.5341123157355651
            ],
            [
                2.935676526875551e-17,
                -1.1716761131407241e-17,
                2.9086363247261324e-13,
                0.48421956686880524,
                0.028793344493721635,
                -3.127104938744654e-16,
                -5.013655503563131e-17,
                1.0450904001137826,
                -0.07045508641508158,
                -6.019725953943645e-16,
                -5.062173368971275e-17
            ],
            [
                -4.349653892618296e-19,
                -2.3295137751568877e-19,
                -5.4814685270439195e-15,
                -0.028793344493721628,
                0.48421956686880524,
                1.5772192417552974e-17,
                -2.15497140637099e-18,
                0.0704550864150816,
                1.045090400113783,
                -8.43893519520841e-17,
                -1.1273389505463378e-17
            ],
            [
                0.0007758419841485386,
                -0.03030512051701465,
                0.3944916099303462,
                -2.366825918894241e-13,
                -9.626050361896641e-15,
                0.44836171979542955,
                -0.1749843032114812,
                7.221343517248776e-16,
                1.4505826656004626e-17,
                0.914477065921279,
                -0.7540148460145251
            ]
        ],
        [
            [
                0.00023370915370949464,
                0.04703741400805308,
                -0.23543482089198492,
                -4.3960721665284985e-14,
                -7.999102619933908e-14,
                0.23379868817356259,
                1.2429568257641845,
                2.530593879046023e-16,
                2.960585993815295e-17,
                0.31022367079794594,
                -0.32127841350481273
            ],
            [
                0.0008673460725085484,
                0.011857028860227818,
                -0.24932241679549633,
                -4.6648659097296675e-14,
                -8.46890359639028e-14,
                0.9226780575203956,
                -1.2012207971507067,
                -1.72990089866955e-16,
                -2.035634652627226e-16,
                -0.11837305685134848,
                -0.29465075747506997
            ],
            [
                0.9955776457316857,
                -0.2372894211737809,
                -0.034914808887743495,
                -6.421361211805699e-15,
                -1.1695538575875324e-14,
                0.043111466786968616,
                0.0010155090377755114,
                9.491205433412189e-17,
                1.9663759839707846e-17,
                0.06800987157629529,
                0.094547084267631
            ],
            [
                0.020651650026763314,
                0.5151936934269669,
                0.09069339177298527,
                1.6922705427669777e-14,
                3.0751657231032765e-14,
                -0.06654151383069572,
                -0.07500039799206557,
                -1.1513229944133058e-15,
                -3.3652151668678047e-16,
                -0.7914684619360465,
                -1.3176663455932132
            ],
