{
    "dist": 1.05,
    "thetas": [
        1.0607592975211642,
        -0.9380084697972517,
        2.4699562004424855,
        -1.3946453069212887,
        -2.811806829505575,
        2.6256889639960885,
        -0.17491097986209603,
        -3.1023400166459405,
        -0.07535832863870562,
        2.1433622426575356,
        1.6961668436679096,
        -0.963132038435158,
        -0.8863242082270948,
        1.4280752807055181,
        1.0193758125997254,
        0.6339726059438919,
        1.4093175001577878,
        1.254081355212083,
        -3.0318265567316476,
        1.246513139645585,
        -1.2965252396870526,
        3.045232358412844,
        2.3077423290309644,
        1.5163704326518106,
        -0.9141490480795276,
        -1.282661373371675,
        -2.9821870896762968,
        -2.1355240193390217,
        2.005167089661641,
        -2.1894946755565146,
        1.4193801604722447,
        -3.0798820566823406,
        1.2656368141233738,
        -1.7007790101032148,
        3.072585558811828,
        0.5123593138743661,
        1.6055803129963904,
        -2.9016287942201364,
        -1.6106493757343296,
        -2.3758833491673643
    ],
    "oo": false,
    "mo": [
        [
            [
                0.0003719974253794337,
                0.0929278446031256,
                -0.2712724820326531,
                6.500894588910681e-17,
                3.494224137777766e-16,
                -0.4415306008141857,
                -3.5882841842576433e-17,
                2.448717220882032e-16,
                0.04634437058856211,
                0.38315654522961046,
                1.30930770021231
            ],
            [
                0.001356919165133309,
                -0.002870761388932659,
                -0.15526780575959623,
                7.783249930279048e-17,
                3.1209636905098455e-16,
                -0.2559401939219853,
                2.798344376229745e-16,
                -3.847091430040294e-16,
                0.2105397188194997,
                -1.5731760246806579,
                -0.34182289787779097
            ],
            [
                0.9955457173599569,
                -0.23357281268906327,
                -0.05128902565725205,
                1.456136924177112e-17,
                7.125839542375033e-18,
                -0.060184708418336993,
                -7.29134754566113e-17,
                -5.826316239154457e-17,
                -0.11102550731171203,
                -0.0058160338270541664,
                0.0017657581830271445
            ],
            [
                0.021063278279133388,
                0.5036192954032253,
                0.12074718663294794,
                5.1753527347834163e-17,
                1.174080629097796e-16,
                0.362966584009628,
                1.707267115281361e-15,
                -1.5935347981171371e-15,
                1.4401199786680376,
                -0.423230025527296,
                0.38775653886613975
            ],
            [
                -0.0053382959268438316,
                0.5499888873182559,
                0.19088016448338077,
                -1.705310960961146e-16,
                -5.458198542352983e-16,
                -0.062424828882098625,
                -1.7935669171423563e-15,
                1.6765957467486645e-15,
                -1.5171123999916676,
                1.0741952005490658,
                -0.6126433929863287
            ],
            [
                7.105502264023501e-17,
                1.7526099381089524e-17,
                6.328860425613871e-16,
                0.29156492180878657,
                0.5939732312829953,
                -1.1975742830537028e-16,
                -0.06914687325579924,
                0.9433344666905343,
                1.6069621001680128e-15,
                3.9861008704238887e-17,
                -1.696864638549437e-16
            ],
            [
                -2.0071787686240153e-17,
                2.1258401868640213e-17,
                -2.1688521744870894e-16,
                0.5939732312829955,
                -0.2915649218087867,
                -1.2618622334862873e-16,
                -0.9433344666905331,
                -0.06914687325579935,
                1.1756750992104525e-15,
                -3.284559576444586e-18,
                -3.0050931602098224e-17
            ],
            [
                -0.0012973147184782957,
                -0.05517443188527638,
                0.5338511427179677,
                -1.3762669529357509e-16,
                -5.243115591006685e-16,
                -0.8325957903036516,
                6.6020494042362635e-16,
                -8.469793317522984e-16,
                0.31262685710619775,
                0.37480259380629216,
                -0.41072415919487665
            ],
            [
                3.151974766429069e-18,
                5.956711438702363e-18,
                4.3932266927867246e-16,
                0.21542720424659764,
                0.4388662114043013,
                3.4903846479054316e-16,
                0.0764443346458264,
                -1.0428898988369675,
                -1.5416730189152712e-15,
                1.1084808830587102e-17,
                3.403128833801853e-16
            ],
            [
                -1.7320675132581882e-17,
                9.693888147280997e-18,
                -1.4919398445102964e-16,
                0.4388662114043005,
                -0.21542720424659742,
                1.3714837321340228e-16,
                1.0428898988369675,
                0.07644433464582617,
                -1.404916451647875e-15,
                -3.9594707395548224e-17,
                1.0561587998450007e-16
            ],
            [
                0.0012175846949785043,
                -0.0456184350280171,
                0.37446536572645395,
                5.228416371453461e-17,
                -2.801991192733994e-16,
                0.27369779388252247,
                -6.399928313680617e-16,
                8.296846041614472e-16,
                -0.2758924131181473,
                -0.8653589168672479,
                1.1027273791088612
            ]
        ],
        [
            [
                0.0003719974253794337,
                0.0929278446031256,
                -0.2712724820326531,
                6.500894588910681e-17,
                3.494224137777766e-16,
                -0.4415306008141856,
                -1.8297777567497567e-16,
                1.7923089578105576e-16,
                0.0463443705885601,
                0.38315654522966425,
                1.3093077002122941
            ],
            [
                0.001356919165133309,
                -0.002870761388932659,
                -0.15526780575959623,
                7.783249930279048e-17,
                3.1209636905098455e-16,
                -0.2559401939219838,
                4.248445616544725e-16,
                1.5502323927539368e-16,
                0.2105397188195002,
                -1.5731760246806712,
                -0.34182289787772535
            ],
            [
                0.9955457173599569,
                -0.23357281268906327,
                -0.05128902565725205,
                1.456136924177112e-17,
                7.125839542375033e-18,
                -0.06018470841833676,
                1.1679141982941347e-17,
                -2.2478070391700885e-16,
                -0.11102550731171203,
                -0.005816033827054155,
                0.0017657581830272731
            ],
            [
                0.021063278279133388,
                0.5036192954032253,
                0.12074718663294794,
                5.1753527347834163e-17,
                1.174080629097796e-16,
                0.36296658400962545,
                1.939221965779527e-15,
                1.562235931539413e-15,
                1.4401199786680379,
                -0.4232300255272787,
                0.38775653886615846
            ],
            [
