{
    "dist": 1.05,
    "thetas": [
        -1.280204273705289,
        1.9419297300422045,
        -0.940891133303507,
        1.8184119877683536,
        0.38546698317217754,
        -1.5482462623708158,
        -2.4820021837889543,
        -2.7742730588529536,
        1.0888281406992553,
        1.243000394197522,
        1.4626200193935919,
        1.8087660546709712,
        -2.6617060794763305,
        -1.1455465965311886,
        1.514393913888437,
        -1.0776025393438475,
        -0.18758145050334907,
        -2.003797532579155,
        -1.1089545493349307,
        -0.2833329782724672,
        0.18617401951910573,
        -1.3004274157417277,
        -1.4013064739751477,
        1.1193687642619112,
        -1.6747283761111225,
        1.1137283347171385,
        -0.4251674570616557,
        -0.7058135459189301,
        -1.0339219766896837,
        0.08307705720900582,
        3.0642536441871373,
        0.19424072343329168,
        1.1337138145690409,
        -0.6840206445593826,
        -2.4092484788668456,
        1.3020376391937685,
        -0.5427660854375911,
        -0.27625260685593744,
        -1.0558733579582715,
        -2.5527624137262657
    ],
    "oo": false,
    "mo": [
        [
            [
                0.0003719974253789273,
                0.09292784460312929,
                -0.271272482032656,
                1.5868509804252656e-18,
                -1.3624490963496566e-16,
                0.44153060081419254,
                8.868820024048942e-18,
                3.7547761674482026e-17,
                -0.04634437058853405,
                0.383156545226588,
                1.3093077002131916
            ],
            [
                0.0013569191651338253,
                -0.0028707613889333524,
                -0.15526780575958715,
                -9.44287850692941e-18,
                -1.1708951880291162e-16,
                0.25594019392197864,
                -1.7291576450819269e-16,
                1.7506258997544178e-16,
                -0.21053971881954262,
                -1.5731760246798643,
                -0.3418228978814177
            ],
            [
                0.995545717359956,
                -0.23357281268906338,
                -0.05128902565725163,
                -5.687805836333909e-18,
                -3.813134603481858e-17,
                0.060184708418335994,
                1.6531150935269135e-17,
                -3.631615688466618e-17,
                0.11102550731171315,
                -0.005816033827061771,
                0.0017657581830129961
            ],
            [
                0.02106327827913334,
                0.5036192954032247,
                0.1207471866329476,
                2.293054447186898e-17,
                5.1719516635520657e-17,
                -0.36296658400960824,
                -2.285961884159946e-16,
                4.548761026281642e-16,
                -1.440119978668052,
                -0.423230025528147,
                0.3877565388651753
            ],
            [
                -0.0053382959268438585,
                0.5499888873182558,
                0.1908801644833771,
                -4.706409032551274e-18,
                1.7776033121112012e-16,
                0.06242482888207763,
                3.0364918860914224e-16,
                -5.298880686786605e-16,
                1.5171123999916916,
                1.0741952005504358,
                -0.6126433929838649
            ],
            [
                5.4661937096642776e-18,
                -1.1484345261287091e-17,
                -3.585849090443119e-17,
                0.6587189882497604,
                0.062478777431510674,
                1.9500477126725985e-16,
                -0.9219934016224534,
                0.21116196033382367,
                2.585750545194193e-16,
                1.5320690514670239e-16,
                -7.813576600876981e-17
            ],
            [
                1.048290271207107e-17,
                -1.175166753161741e-17,
                -4.911807469310363e-16,
                -0.06247877743151075,
                0.6587189882497594,
                1.645189228765599e-16,
                0.21116196033382328,
                0.9219934016224551,
                1.8697469473928956e-16,
                7.706182805111358e-17,
                -6.824307114884273e-17
            ],
            [
                -0.0012973147184784436,
                -0.05517443188527471,
                0.5338511427179677,
                1.2103819599342045e-17,
                1.692738159820834e-16,
                0.8325957903036568,
                2.4097845255753903e-16,
                -2.380681973700947e-16,
                -0.31262685710617677,
                0.3748025938072456,
                -0.4107241591940112
            ],
            [
                -3.826119744411842e-18,
                -5.6199615768678204e-18,
                -2.1150286980290387e-17,
                0.48670460473245314,
                0.04616340080732666,
                -2.239829701984861e-16,
                1.0192965902324316,
                -0.23344707866271674,
                -2.5074007134888006e-16,
                -1.9823213534353922e-16,
                1.0455191007077847e-16
            ],
            [
                3.966340520497493e-18,
                -4.941406819562038e-18,
                -3.3949763938787576e-16,
                -0.04616340080732669,
                0.4867046047324526,
                -1.1692655891662632e-16,
                -0.23344707866271602,
                -1.0192965902324336,
                -1.9726537611989257e-16,
                -9.990186594592994e-17,
                8.234641313923172e-17
            ],
            [
                0.0012175846949782332,
                -0.0456184350280161,
                0.37446536572645606,
                -4.381407104271898e-17,
                5.121529999390718e-16,
                -0.2736977938825299,
                -2.7243376109837185e-16,
                3.11346431916283e-16,
                0.27589241311812585,
                -0.8653589168697943,
                1.1027273791068657
            ]
        ],
        [
            [
                0.0003719974253789273,
                0.09292784460312929,
                -0.271272482032656,
                1.5868509804252656e-18,
                -1.3624490963496566e-16,
                0.4415306008141916,
                -2.600264780974501e-16,
                5.006051427309498e-17,
                0.0463443705885346,
                0.38315654522662634,
                1.3093077002131814
            ],
            [
                0.0013569191651338253,
                -0.0028707613889333524,
                -0.15526780575958715,
                -9.44287850692941e-18,
                -1.1708951880291162e-16,
                0.25594019392197953,
                -8.462942449603177e-16,
                8.805063604512028e-17,
                0.21053971881954314,
                -1.5731760246798732,
                -0.3418228978813724
            ],
            [
                0.995545717359956,
                -0.23357281268906338,
                -0.05128902565725163,
                -5.687805836333909e-18,
                -3.813134603481858e-17,
                0.06018470841833599,
                5.454936591776529e-16,
                -1.504113961992016e-16,
                -0.11102550731171323,
                -0.005816033827061784,
                0.0017657581830132804
            ],
            [
                0.02106327827913334,
                0.5036192954032247,
                0.1207471866329476,
                2.293054447186898e-17,
                5.1719516635520657e-17,
                -0.36296658400960835,
                -7.044801401821703e-15,
                1.94070025512747e-15,
                1.4401199786680527,
                -0.42323002552813455,
                0.3877565388651865
            ],
