{
    "dist": 1.1,
    "thetas": [
        1.704757879308132,
        -3.011204310279467,
        0.8397366260192594,
        1.563280899135842,
        -0.009380718364163876,
        -1.7291536732871136,
        -1.8971269718342263,
        1.6369627429575306,
        -2.0790379300152217,
        -2.586537231132677
    ],
    "oo": false,
    "mo": [
        [
            [
                0.27416505649250394,
                -0.5972724075237918,
                0.8948886738671008,
                -0.7669215691227801
            ],
            [
                0.35188234995954204,
                -0.4495811563421919,
                -0.6996869699961353,
                1.5443823732288466
            ],
            [
                0.27416505649250345,
                0.5972724075237575,
                0.8948886738671693,
                0.7669215691227268
            ],
            [
                0.35188234995954276,
                0.449581156342219,
                -0.6996869699962106,
                -1.5443823732288047
            ]
        ],
        [
            [
                0.27416505649250394,
                -0.5972724075237944,
                0.8948886738670953,
                -0.7669215691227845
            ],
            [
                0.35188234995954204,
                -0.449581156342189,
                -0.699686969996129,
                1.5443823732288497
            ],
            [
                0.27416505649250345,
                0.5972724075237547,
                0.8948886738671749,
                0.7669215691227226
            ],
            [
                0.35188234995954276,
                0.4495811563422201,
                -0.6996869699962169,
                -1.5443823732288005
            ]
        ]
    ],
    "iterations": 99,
    "final_energy": -1.591384,
    "iter_energies": [
        -1.5585661041944288,
        -1.559042217282459,
        -1.5715876658119807,
        -1.5722780320973255,
        -1.5735601469559184,
        -1.58142957517577,
        -1.5860871012054956,
        -1.5895687340197873,
        -1.5900031703595767,
        -1.5906105579370406,
        -1.5909850391842544,
        -1.591275115545705,
        -1.5913189320512584,
        -1.5913257954803,
        -1.5913284312617446,
        -1.5913310964325285,
        -1.5913314053245264,
        -1.591331487481305,
        -1.591331606227547,
        -1.5913318207345328,
        -1.5913322191775494,
        -1.591332963458648,
        -1.5913343447582227,
        -1.591336867930361,
        -1.5913413588014722,
        -1.5913488211233764,
        -1.5913552112326568,
        -1.591364495265031,
        -1.5913766759823853,
        -1.5913781338959057,
        -1.5913784055058173,
        -1.5913786854238037,
        -1.5913790852218452,
        -1.5913794666731917,
        -1.591379785659993,
        -1.5913799037248366,
        -1.5913799159753619,
        -1.591379916482676,
        -1.5913799167546356,
        -1.5913799172591336,
        -1.5913799182173596,
        -1.591379920043651,
        -1.5913799235020685,
        -1.591379929951983,
        -1.5913799416636019,
        -1.5913799620135978,
        -1.591379995023261,
        -1.591380044504778,
        -1.5913801136926142,
        -1.5913802299844484,
        -1.5913804265025573,
        -1.591380753689194,
        -1.5913812805767065,
        -1.5913818551080943,
        -1.591381955287325,
        -1.5913821157568389,
        -1.5913823710258896,
        -1.5913826989530828,
        -1.5913827761630088,
        -1.5913829046065986,
        -1.591383101583817,
        -1.5913831806862582,
        -1.5913833084215687,
        -1.5913834705060816,
        -1.5913835196392045,
        -1.5913835858960006,
        -1.5913836900970038,
        -1.591383791301515,
        -1.5913838782312684,
        -1.5913839752092345,
        -1.5913840253543385,
        -1.5913840426844053,
        -1.5913840704290685,
        -1.5913841136486675,
        -1.5913841522829162,
        -1.591384202532166,
        -1.5913842229413875,
        -1.5913842485142269,
        -1.5913842698143352,
        -1.5913842845377386,
        -1.591384302753889,
        -1.5913843219536004,
        -1.5913843337531424,
        -1.5913843371980154,
        -1.5913843429440895,
        -1.5913843516879844,
        -1.591384359967447,
        -1.5913843646323838,
        -1.5913843688470624,
        -1.5913843730454706,
        -1.5913843762988484,
        -1.5913843781861072,
        -1.591384380375382,
        -1.5913843814609114,
        -1.5913843824056269,
        -1.5913843827196714,
        -1.5913843828947254,
        -1.5913843829992556,
        -1.5913843830212118
    ],
    "function_evaluations": 118,
    "gradient_evaluations": 118
}