{
    "dist": 0.9,
    "thetas": [
        1.0607592975211642,
        -0.9380084697972517,
        2.4699562004424855,
        -1.3946453069212887,
        -2.811806829505575,
        2.6256889639960885,
        -0.17491097986209603,
        -3.1023400166459405,
        -0.07535832863870562,
        2.1433622426575356,
        1.6961668436679096,
        -0.963132038435158,
        -0.8863242082270948,
        1.4280752807055181,
        1.0193758125997254,
        0.6339726059438919,
        1.4093175001577878,
        1.254081355212083,
        -3.0318265567316476,
        1.246513139645585,
        -1.2965252396870526,
        3.045232358412844,
        2.3077423290309644,
        1.5163704326518106,
        -0.9141490480795276,
        -1.282661373371675,
        -2.9821870896762968,
        -2.1355240193390217,
        2.005167089661641,
        -2.1894946755565146,
        1.4193801604722447,
        -3.0798820566823406,
        1.2656368141233738,
        -1.7007790101032148,
        3.072585558811828,
        0.5123593138743661,
        1.6055803129963904,
        -2.9016287942201364,
        -1.6106493757343296,
        -2.3758833491673643
    ],
    "oo": false,
    "mo": [
        [
            [
                0.00027969570745929297,
                0.13852740640900438,
                -0.2959398979323687,
                1.2403596557102806e-16,
                -1.960060332349701e-18,
                0.08858702799430497,
                1.413613590008262,
                1.886215371983498e-16,
                -3.3032015984983035e-16,
                0.4184302151963399,
                -0.49454136738875243
            ],
            [
                0.0018313300293208788,
                -0.015325714089732758,
                -0.10221431658904219,
                1.1447069966145703e-16,
                4.483240555138489e-17,
                1.3798112540593637,
                -0.7996872939356129,
                1.240338939733889e-17,
                1.937524442579312e-16,
                0.06385234888143755,
                -0.6850906539503475
            ],
            [
                0.9955076092430988,
                -0.23006254182928723,
                -0.06319458392421812,
                1.5096746040312287e-16,
                1.4750804605102495e-17,
                0.06364843340842372,
                0.0372926282522685,
                1.9462926990865517e-17,
                -2.892968456758132e-17,
                0.0626467564032432,
                0.08528367286055438
            ],
            [
                0.02141185947371368,
                0.49644616945859804,
                0.139184631600297,
                -7.970428635650786e-17,
                1.964171315177608e-17,
                -0.07988040442460684,
                -0.12774729264416862,
                -1.4603548184807616e-16,
                1.5253856989591224e-16,
                -0.5576814083195278,
                -1.5238951942105514
            ],
            [
                -0.005890953329199089,
                0.5253224101294128,
                0.25239903679937453,
                -1.4937079128712138e-16,
                -1.1868129566915154e-16,
                -0.7499647033205472,
                -0.03823828321475111,
                5.764386119888995e-17,
                -8.922980718099403e-17,
                0.335896340184457,
                2.0656091040619478
            ],
            [
                -2.4051680489960504e-17,
                3.906630982369839e-17,
                2.239715632159169e-17,
                0.05233706438850575,
                0.6583369326062702,
                -5.1358167847568474e-17,
                -1.4968668648654465e-17,
                0.08309227113905247,
                -0.943093048734962,
                -3.9020795710033236e-16,
                -1.0409081886265134e-16
            ],
            [
                -1.8815972503587304e-16,
                7.032152166012982e-18,
                3.43114879030598e-16,
                0.6583369326062706,
                -0.052337064388505807,
                -1.7794482925590414e-17,
                3.653609241447962e-17,
                -0.9430930487349622,
                -0.08309227113905227,
                3.2064768964841053e-16,
                -1.826548174622144e-17
            ],
            [
                -0.0015141346252087217,
                -0.08878773630452566,
                0.5501969566758833,
                -2.7983863860687916e-16,
                -9.497428921876683e-17,
                0.26011179401754647,
                0.41772443836525125,
                -2.4192847462832503e-16,
                2.6382991615156974e-16,
                -0.8302835959672297,
                0.37302265643717525
            ],
            [
                -1.7312936207876606e-19,
                9.628010833792735e-18,
                5.998166965067045e-17,
                0.03885432242327042,
                0.48874035526242837,
                -4.3118791278340254e-17,
                1.33480633103006e-16,
                -0.09171870126567841,
                1.041002591659892,
                3.4949988103533057e-16,
                2.6530248704611052e-17
            ],
            [
                -1.402403969427996e-16,
                5.0084202974904665e-18,
                2.383198031252735e-16,
                0.488740355262429,
                -0.03885432242327056,
                -3.3386334463234517e-17,
                -2.541845612348827e-17,
                1.0410025916598917,
                0.0917187012656785,
                -2.4584347640870637e-16,
                1.9056145710037707e-17
            ],
            [
                0.0014158898336769441,
                -0.04655344363040686,
                0.34551999281169987,
                -1.8573653117508607e-16,
                1.244717831241366e-17,
                0.4445950048126368,
                0.3118888390778358,
                4.024028568370065e-16,
                -4.008700851117213e-16,
                1.1826935901948608,
                -0.9182772476399125
            ]
        ],
        [
            [
                0.00027969571034002465,
                0.13852739626336866,
                -0.295939995950868,
                -1.990526427758546e-16,
                5.513410496342636e-17,
                0.08858712288273886,
                1.4136134548962802,
                1.2439218033098423e-16,
                -2.1793841713496503e-16,
                0.41843029783741603,
                -0.4945416108639113
            ],
            [
                0.0018313309159071758,
                -0.015325806541404943,
                -0.10221429542957085,
                -2.44448404732902e-16,
                -3.806557809263642e-17,
                1.3798111685160404,
                -0.7996874974566536,
                2.0214611014358018e-16,
                -2.1304949932545596e-16,
                0.06385214708021883,
                -0.685090608569741
            ],
            [
                0.9955076073180081,
                -0.23006258706317412,
                -0.06319457364599364,
                1.3916364556793707e-16,
                -3.2688080337768937e-18,
                0.06364840431014805,
                0.03729262494022586,
                -9.798015895501429e-18,
                -2.505882699206007e-17,
                0.06264674183632035,
                0.08528361478953439
            ],
            [
                0.021411869159310624,
                0.49644653688819734,
                0.13918475326468668,
                1.4580292864648067e-17,
                4.332299973119809e-18,
                -0.07988036115525994,
                -0.12774739587765682,
                2.674033604659679e-16,
                1.2235607004120684e-16,
                -0.5576816098913447,
                -1.5238949831103257
            ],
            [
