{
    "dist": 0.9,
    "thetas": [
        -0.056784993922660565,
        1.5911842628401223,
        2.728305721859358,
        2.8837385028787432,
        -2.1477625946102386,
        -2.0986974907536826,
        -1.308909074574009,
        -1.5691489511639578,
        -1.8493797504998024,
        -2.4215032714249807,
        -2.6488184893990607,
        -0.5580480557362817,
        0.3159365582514617,
        -1.9976496835134472,
        -3.1278068030376294,
        -2.0778811943265163,
        -2.21886710169794,
        2.788801461577231,
        0.524161380762699,
        -0.5156381060402917,
        2.9628146148000987,
        -1.0340249760717626,
        0.06303165428460211,
        -0.39537330509245106,
        0.13648006206794872,
        2.0956074340357036,
        -0.49270271999243453,
        -2.580400886513673,
        0.5528710069747036,
        -2.1496237489294936,
        -1.2268216978598252,
        0.42543971194492114,
        1.3054065778213815,
        2.32934393294354,
        2.7029814988600966,
        -1.943340834947688,
        2.756999815558255,
        0.44675721779021194,
        3.0323044464058295,
        -1.5496211951749024
    ],
    "oo": false,
    "mo": [
        [
            [
                0.00027969570745928907,
                0.13852740640894542,
                -0.29593989793257275,
                4.920461647877761e-16,
                -8.561400004198053e-20,
                0.08858702799417086,
                1.4136135900083036,
                -7.948839306796819e-16,
                1.2003564785566195e-15,
                0.41843021519607065,
                -0.4945413673887814
            ],
            [
                0.0018313300293198833,
                -0.015325714089680594,
                -0.1022143165895727,
                2.2656459345431954e-16,
                3.413680892876313e-17,
                1.3798112540593244,
                -0.7996872939355585,
                -7.845169176802107e-18,
                2.9513120753051413e-16,
                0.06385234888123542,
                -0.6850906539504297
            ],
            [
                0.9955076092431011,
                -0.23006254182928765,
                -0.06319458392420534,
                -9.964530730010115e-17,
                1.1169727203798864e-17,
                0.06364843340841611,
                0.03729262825226408,
                -1.244794996624102e-16,
                2.187193063072894e-16,
                0.06264675640325724,
                0.08528367286054449
            ],
            [
                0.021411859473707072,
                0.49644616945855796,
                0.13918463160029823,
                1.1519259635625097e-16,
                -7.170307376021225e-17,
                -0.07988040442463065,
                -0.12774729264410836,
                1.0191436676339833e-15,
                -1.8709607757305895e-15,
                -0.5576814083199049,
                -1.5238951942104306
            ],
            [
                -0.005890953329196805,
                0.5253224101294888,
                0.25239903679954356,
                -6.282786968336991e-16,
                5.1639625581599325e-17,
                -0.7499647033204306,
                -0.03823828321484356,
                -6.427912879006238e-16,
                1.1662657081084588e-15,
                0.33589634018504383,
                2.065609104061853
            ],
            [
                -9.939691041066351e-18,
                -9.629425457157822e-18,
                6.049332101209669e-16,
                0.6603025145977639,
                0.012135664708982311,
                -7.088946437876601e-17,
                1.347281829871932e-17,
                -0.8664032650975415,
                -0.38167290488552097,
                -4.2224164985623733e-16,
                3.2807735035585446e-17
            ],
            [
                2.6858186983292465e-17,
                -1.0317310985308093e-18,
                -4.3954561772019296e-17,
                -0.012135664708982204,
                0.6603025145977645,
                -2.200597490021587e-17,
                -4.699623346800674e-17,
                0.38167290488552086,
                -0.8664032650975415,
                3.8177623264743624e-15,
                1.0380551867765403e-16
            ],
            [
                -0.001514134625208408,
                -0.08878773630435789,
                0.5501969566756274,
                -6.492772628915833e-16,
                -3.3000114906416966e-17,
                0.26011179401775225,
                0.4177244383652092,
                1.6544750994836518e-15,
                -2.623170066545727e-15,
                -0.8302835959672479,
                0.37302265643745625
            ],
            [
                2.1714308191865217e-18,
                -9.618191202432979e-18,
                4.339811036996139e-16,
                0.4901995765113161,
                0.00900935187964599,
                -1.8507986178108053e-16,
                -1.8353410549341914e-17,
                0.9563510680084016,
                0.4212972237310799,
                4.548318212608772e-16,
                -7.879819417782105e-18
            ],
            [
                -2.836488722493872e-17,
                5.625768290784075e-18,
                -2.228101250274201e-17,
                -0.009009351879646086,
                0.4901995765113157,
                -3.3493236743892285e-17,
                8.717799849202834e-17,
                -0.4212972237310798,
                0.9563510680084023,
                -3.857976204866908e-15,
                -6.558159129834423e-17
            ],
            [
                0.0014158898336761748,
                -0.04655344363034111,
                0.34551999281159335,
                -1.3439091272577476e-16,
                9.502697402510049e-17,
                0.4445950048129152,
                0.31188883907808707,
                -2.2096353871003747e-15,
                3.713721708139431e-15,
                1.1826935901945224,
                -0.9182772476401715
            ]
        ],
        [
            [
                0.00027969571034117976,
                0.1385273962632702,
                -0.29593999595083603,
                -8.664714494791432e-17,
                -1.321211765157518e-16,
                0.0885871228827866,
                1.4136134548961723,
                2.020673024692716e-16,
                -8.970810613752216e-16,
                0.41843029783757857,
                -0.4945416108641205
            ],
            [
                0.001831330915907139,
                -0.015325806541484629,
                -0.10221429542948933,
                2.366137061295331e-16,
                -6.8229149052442665e-18,
                1.3798111685159846,
                -0.7996874974567594,
                -2.602488223600317e-16,
                -2.5048052010371843e-16,
                0.06385214707992054,
                -0.6850906085697668
            ],
            [
                0.9955076073180066,
                -0.23006258706321192,
                -0.06319457364594147,
                1.0468634658921347e-16,
                -4.665296750146843e-17,
                0.06364840431013453,
                0.03729262494021576,
                5.97499082188563e-17,
                -1.473629041808627e-16,
                0.06264674183632511,
                0.08528361478949051
            ],
            [
                0.02141186915931415,
                0.4964465368884359,
                0.13918475326465818,
                -5.5079839650442807e-17,
                1.4770920598584772e-16,
                -0.07988036115531284,
                -0.12774739587767778,
                -7.928556948180588e-16,
                1.2697934196009924e-15,
                -0.5576816098916123,
                -1.5238949831101478
            ],
