{
    "dist": 0.4,
    "thetas": [
        1.7448557058857794,
        -1.649077150016919,
        2.0375021118516665,
        2.926388517974451,
        2.9694403750439315,
        -0.2924870046656962,
        0.6851339998803385,
        1.7311841483035746,
        0.8897828870907407,
        1.394981677626908,
        -2.921451680140999,
        -1.2663793231633795,
        -2.773947824309876,
        2.243480068231582,
        -0.7988817039240748,
        1.1300180068818442,
        -1.531338241455982,
        -0.9576754694920289,
        -3.0824504749171866,
        -0.8901150950318448,
        2.8217419638603713,
        -1.7724928009645748,
        -1.1347975131086745,
        2.6249413174642493,
        -2.941136005369488,
        -2.7326544467196805,
        0.815739659640105,
        2.3487391344402075,
        -3.0868300924373417,
        1.5492904725652465,
        1.9656390491245403,
        -2.6658459083030457,
        0.9830378595694711,
        0.05819611947691916,
        -0.12639637898020917,
        2.862456773761779,
        -3.1415170444428115,
        -1.5897797083310843,
        1.3334972435574386,
        -1.1021834873956844
    ],
    "oo": false,
    "mo": [
        [
            [
                -0.001997543846513754,
                0.44954809830297815,
                -0.38033717786158455,
                -4.6186725281063316e-17,
                2.6634899931646176e-17,
                -0.02017594117553845,
                0.9412508999333538,
                -6.108303536776721e-17,
                -1.4644395681863985e-16,
                -0.807912043286289,
                3.24269040745794
            ],
            [
                0.004219635030754532,
                0.05007634677360474,
                -0.04546830337397002,
                2.7600856469007658e-17,
                1.342550347465188e-16,
                1.8322902931321368,
                0.8628122019299427,
                -4.8483196626552305e-17,
                -1.947696548935001e-16,
                -1.3916730889465727,
                0.0711399498860823
            ],
            [
                0.9951243279315255,
                -0.23172392302874534,
                -0.09376407358049403,
                1.414383385401654e-17,
                -1.2313777906101042e-17,
                0.07738226039552232,
                0.014399528375397501,
                2.9248334021759594e-18,
                4.812152657896961e-18,
                0.09301088393857948,
                -0.022998458208621068
            ],
            [
                0.025092692509671444,
                0.4481787404668274,
                0.2464953431866637,
                -1.2912277005338841e-16,
                9.660959317554504e-17,
                -0.07311043326251353,
                -0.10730340118209715,
                -5.3933732269960945e-17,
                -6.456533255531439e-17,
                -1.4608303691715199,
                -1.3146962502631503
            ],
            [
                -0.008410283142914613,
                0.10136836296573119,
                0.6084946709587493,
                1.4078333907758512e-16,
                -1.6860318879702603e-16,
                -1.2483064960213601,
                -1.4030262526002129,
                1.5425377730972175e-16,
                3.254601891626183e-16,
                3.176049895232762,
                -1.5311414007807944
            ],
            [
                5.155033873779669e-20,
                -6.94597015736908e-18,
                2.4312234868896426e-17,
                -0.16157314613005014,
                0.6663575013162696,
                2.9523266779398724e-17,
                -7.494178986817583e-17,
                -0.44876477503623435,
                -0.8129867679202074,
                1.889435135405829e-17,
                -8.892366654869158e-18
            ],
            [
                4.833425169116498e-19,
                1.3858613946459022e-17,
                -1.9785038282931e-18,
                0.6663575013162703,
                0.16157314613005005,
                8.427042450131101e-17,
                4.060818558679505e-19,
                -0.8129867679202071,
                0.4487647750362345,
                -1.1252412081917513e-17,
                8.339448570836625e-18
            ],
            [
                -0.005339462423198981,
                -0.27980652610273604,
                0.5770718112360558,
                -6.440638164593181e-17,
                9.284513263490278e-17,
                0.06828038573470471,
                -0.5529603962120091,
                1.0295716097946748e-17,
                -2.097866958524936e-19,
                -0.3458866005055646,
                1.1324910372268657
            ],
            [
                9.464870833198346e-21,
                2.634847534804399e-19,
                -3.5216823227085246e-17,
                -0.10885963214479948,
                0.4489572321122601,
                -1.6611146979341526e-17,
                7.735790523429409e-17,
                0.5112194192295076,
                0.9261302278100711,
                -6.5771470874909e-17,
                6.239982391068004e-18
            ],
            [
                -1.7169247399760394e-19,
                -1.1808104219119141e-18,
                -6.477784211881225e-18,
                0.4489572321122595,
                0.10885963214479961,
                1.7435086413143054e-17,
                4.611285016999857e-18,
                0.9261302278100709,
                -0.5112194192295083,
                8.743367278491263e-19,
                -4.583023418859801e-18
            ],
            [
                0.0019203747546848175,
                0.07568780250567204,
                0.17890352488314146,
                7.346699455032982e-17,
                2.7005712062437975e-17,
                0.1406406221563307,
                1.5699655782474362,
                -6.020493592852877e-17,
                -1.5663014506608013e-16,
                -0.4917109172918003,
                0.917807661219133
            ]
        ],
        [
            [
                -0.0019975158419667117,
                0.449549165767444,
                -0.3803370593873948,
                4.620557036098611e-17,
                -1.474689194083408e-16,
                -0.02017636209209073,
                0.9412543188719416,
                2.374666580228667e-17,
                9.750884477548869e-17,
                -0.8079107773557622,
                3.2426895937573557
            ],
            [
                0.0042196246877720155,
                0.05007692234424392,
                -0.04546539109900399,
                -2.0764166978934516e-17,
                -2.803618043657485e-16,
                1.8322901524684196,
                0.8628153125885231,
                1.603939187400229e-16,
                1.476865132751183e-16,
                -1.3916714382707336,
                0.07113959355207024
            ],
            [
                0.9951243425870798,
                -0.23172361670187996,
                -0.09376395502462638,
                -7.483331966892473e-18,
                -1.547355794301667e-17,
                0.07738263649414015,
                0.014399635672516798,
                1.1838698562443786e-17,
                -8.563463299928751e-18,
                0.09301129751387051,
                -0.022998388631593928
            ],
            [
                0.025092605268306263,
                0.44817647196535554,
                0.2464929781175587,
                8.215157437539391e-17,
                -4.0988374480670973e-17,
                -0.07311091357325046,
                -0.10730223814699401,
                -6.474659378520546e-17,
                1.0976489325661155e-16,
                -1.4608312295532606,
                -1.314696580883476
            ],
            [
