{
    "dist": 0.4,
    "thetas": [
        -0.788287681898749,
        2.8319215077704234,
        1.4576609265440963,
        0.6198895383354297,
        -2.1612986243157413,
        -2.1614501754128375,
        -2.776642555026645,
        2.3007525789727232,
        0.6353243561202211,
        1.3073585636350948,
        -3.012256461474685,
        2.952530678803174,
        2.088798716157191,
        -1.8074266732364683,
        -1.9991526911557285,
        -1.9892281320082241,
        -1.2299822628030639,
        0.15554924748987276,
        -0.427602058948239,
        -1.3117459988749123,
        0.7027924646851598,
        -2.265126877899127,
        -1.3059936903421663,
        -0.8396733026956396,
        -0.27602042971168705,
        1.7918134105853962,
        -1.8870052793034098,
        0.0894376142963571,
        0.5806578612433215,
        -2.8497361028750756,
        0.6757242333299223,
        -2.0701579851181284,
        -2.732861440336058,
        2.8204310122755585,
        2.9256523487662305,
        1.9377176864584964,
        -1.2276478947550764,
        -2.5279006619437125,
        1.1575702452784116,
        -0.3760329720066755
    ],
    "oo": false,
    "mo": [
        [
            [
                -0.0019975438465133777,
                0.4495480983029795,
                -0.3803371778615875,
                2.1077850055320893e-17,
                -1.221743994814718e-16,
                -0.02017594117553712,
                0.9412508999333604,
                -6.785389575296927e-17,
                -7.491619597053954e-16,
                -0.8079120432863144,
                3.2426904074579306
            ],
            [
                0.00421963503075337,
                0.05007634677360839,
                -0.04546830337397127,
                -4.0267280414243645e-17,
                -4.1903098256873606e-16,
                1.8322902931321385,
                0.8628122019299488,
                -3.3804934311816743e-18,
                -1.1877660608649892e-15,
                -1.3916730889465692,
                0.07113994988606819
            ],
            [
                0.9951243279315258,
                -0.23172392302874514,
                -0.09376407358049373,
                1.433647093465903e-17,
                -1.1072272361867227e-17,
                0.07738226039552282,
                0.014399528375396804,
                1.3476873897400878e-18,
                -8.0174134491392e-18,
                0.09301088393857995,
                -0.022998458208620388
            ],
            [
                0.025092692509671128,
                0.44817874046682665,
                0.24649534318666222,
                -9.751341407717246e-17,
                -5.783850939051441e-17,
                -0.0731104332625145,
                -0.10730340118208934,
                -3.66537460929055e-17,
                -1.537240761520958e-16,
                -1.46083036917151,
                -1.314696250263163
            ],
            [
                -0.008410283142914083,
                0.10136836296572871,
                0.6084946709587542,
                5.841710374613188e-17,
                4.938113874735057e-16,
                -1.2483064960213637,
                -1.4030262526002308,
                1.2144355887411029e-16,
                1.6969589140782449e-15,
                3.1760498952327696,
                -1.5311414007807629
            ],
            [
                9.817210224881148e-21,
                8.031811949755624e-18,
                -1.2995790105484154e-16,
                0.008358592981958391,
                0.68561529667459,
                6.062665549425827e-17,
                -8.66207096841949e-17,
                -0.9244262576210985,
                -0.08816690052007894,
                6.392641487504282e-17,
                6.742637843476541e-18
            ],
            [
                -2.93173510674276e-19,
                5.659414331603929e-18,
                8.72257406619132e-17,
                0.6856152966745894,
                -0.008358592981958771,
                -7.165947159736214e-17,
                -5.258202271564012e-16,
                0.08816690052007861,
                -0.9244262576210993,
                2.8681102281001187e-16,
                -2.680130250175351e-18
            ],
            [
                -0.005339462423198987,
                -0.27980652610273604,
                0.5770718112360546,
                -9.55411475472596e-17,
                -9.333100904479003e-18,
                0.06828038573470482,
                -0.552960396212006,
                5.4841641501510243e-17,
                2.817592236795953e-16,
                -0.3458866005055792,
                1.1324910372268626
            ],
            [
                -1.824742915169355e-21,
                -3.7280474760709916e-19,
                -6.261742754087276e-17,
                0.005631587792019247,
                0.46193213895067325,
                4.40385529476131e-17,
                1.3176297023487387e-16,
                1.0530787638209964,
                0.10043709797744552,
                -7.777361895572042e-17,
                -2.098812083886592e-18
            ],
            [
                1.161693788426778e-19,
                3.4425770766293235e-20,
                7.442997138041474e-17,
                0.4619321389506741,
                -0.005631587792018764,
                2.0103331983865552e-16,
                6.721065926407437e-16,
                -0.10043709797744531,
                1.0530787638209955,
                -2.0250951292610677e-16,
                3.2476024867592593e-18
            ],
            [
                0.0019203747546847649,
                0.07568780250567254,
                0.17890352488313988,
                2.141818941292312e-17,
                -5.545084898788203e-17,
                0.1406406221563327,
                1.5699655782474393,
                -9.422200424452775e-17,
                -1.177871692080322e-15,
                -0.49171091729180005,
                0.9178076612191272
            ]
        ],
        [
            [
                -0.001997515841966477,
                0.44954916576744464,
                -0.3803370593874006,
                -1.8864103698646773e-17,
                3.047165311022336e-16,
                -0.020176362092078518,
                0.9412543188719602,
                -4.684624082397531e-16,
                -1.708674068096195e-17,
                -0.8079107773558182,
                3.242689593757337
            ],
            [
                0.004219624687772587,
                0.050076922344245246,
                -0.0454653910990167,
                3.803487231498217e-17,
                -6.476011960879445e-17,
                1.8322901524684267,
                0.8628153125885254,
                -4.667225287272852e-16,
                -9.876818600277014e-17,
                -1.391671438270727,
                0.07113959355203534
            ],
            [
                0.9951243425870793,
                -0.23172361670188005,
                -0.09376395502462728,
                2.9816746315799743e-18,
                9.687849181277149e-17,
                0.07738263649413925,
                0.014399635672515426,
                2.1008023312665535e-18,
                -5.1015528798368016e-18,
                0.09301129751387088,
                -0.022998388631592766
            ],
            [
                0.025092605268305878,
                0.44817647196535626,
                0.24649297811756227,
                -6.457599665968708e-17,
                -2.937386998791946e-16,
                -0.07311091357324892,
                -0.10730223814698728,
                -1.0660434645722178e-16,
                3.9096941086273077e-17,
                -1.4608312295532364,
                -1.3146965808835034
            ],
            [
