{
    "dist": 0.75,
    "thetas": [
        0.7003270491300002,
        -0.053869488946690414,
        1.2521357632657004,
        -1.9190780120328719,
        1.7275848218570173,
        1.3062330150862813,
        -0.8477272751259246,
        2.9662757615906044,
        -2.557455115564175,
        -0.5417974658723006,
        -2.7579177865614644,
        -1.2611919830145855,
        3.116726685272372,
        2.6474127966978234,
        -0.2979985587264111,
        2.634381324251887,
        -1.3107404352401797,
        0.3796338484110535,
        -0.2565573770438969,
        -3.0272038179249767,
        2.8195056772726383,
        -1.1887936715863368,
        2.1463338267637173,
        -3.0008659805164486,
        0.5090497007790056,
        0.6544887072823364,
        2.188024353240066,
        -1.163240541119771,
        2.7880790271266633,
        1.5137781885772634,
        2.5272337397359106,
        2.304403660937262,
        2.5192370373805115,
        1.4045127989437134,
        0.1702470555831357,
        1.6657501249314342,
        -1.7526813500610607,
        1.5617571314008787,
        1.6891796897122564,
        -0.763262672723064
    ],
    "oo": false,
    "mo": [
        [
            [
                -5.886137858944985e-05,
                0.20637638753178067,
                -0.3219142723774302,
                2.3913464478432116e-17,
                4.8767722827805657e-17,
                0.03248159289266806,
                1.722617594940244,
                -3.114995013399075e-16,
                -4.968051276326029e-16,
                0.11413319102351702,
                -0.3902390007744534
            ],
            [
                0.002407658503089914,
                -0.02268057659124225,
                -0.06177813092749343,
                -6.417460471715912e-17,
                3.793024844482207e-17,
                1.5479100008481543,
                -0.3875993522332772,
                3.300290442642985e-16,
                -9.368200294730596e-17,
                0.36332508266553026,
                -0.9413702545881013
            ],
            [
                0.9954408075709322,
                -0.22550868270550592,
                -0.07685491650191031,
                2.6715004260810648e-17,
                2.06124610215125e-16,
                0.068073883992271,
                0.05831736450342933,
                8.213630569423413e-18,
                -4.550044356502465e-17,
                0.041830671597057584,
                0.08773499746325919
            ],
            [
                0.021889605163926577,
                0.49004624787573187,
                0.16055241534985018,
                2.371300771385862e-17,
                -2.5967981710376062e-17,
                -0.07791376157109257,
                -0.16984232885398973,
                -2.363170701174414e-16,
                3.0705522782305765e-16,
                -0.30791457614121465,
                -1.6248993180202815
            ],
            [
                -0.006464017258720888,
                0.46450185184248527,
                0.3423668770560279,
                -7.660050030499102e-17,
                -9.252895684134548e-17,
                -0.9140962861959823,
                -0.5590164615495544,
                2.1800207490244876e-16,
                4.4157980507120126e-17,
                0.012530909852479835,
                2.3786673745398152
            ],
            [
                -8.807212961588485e-17,
                2.4988174859870153e-17,
                3.343858929854464e-17,
                0.649063713446578,
                -0.12582022471221532,
                7.052732183563768e-17,
                -2.408906719210731e-16,
                -0.04964795294286155,
                -0.9449318266131063,
                -6.266498441171031e-16,
                -8.376590106502443e-18
            ],
            [
                -1.1146016388492742e-16,
                2.813632524679694e-17,
                1.6609184217468835e-16,
                0.12582022471221496,
                0.6490637134465783,
                1.0917686288270625e-17,
                -1.7680917354797337e-16,
                -0.9449318266131057,
                0.04964795294286149,
                6.272021352056132e-16,
                3.118143534004305e-17
            ],
            [
                -0.0018214183319829498,
                -0.13717876450530203,
                0.5653427493063913,
                -4.587479290265275e-18,
                -1.7515182511439347e-16,
                0.19585876675948388,
                0.30252789188852985,
                -7.385003986126101e-16,
                4.923097074741915e-16,
                -0.9261214650047522,
                0.234333625233096
            ],
            [
                -6.500704573131604e-17,
                1.5988910640618404e-18,
                9.703484564184407e-18,
                0.48052846034114516,
                -0.09314986742933039,
                -9.156385797318538e-18,
                2.9724300331650986e-16,
                0.054851772764101164,
                1.0439742780654102,
                6.159603052089841e-16,
                3.29821486288732e-17
            ],
            [
                -3.2165114297142386e-17,
                6.956898896607761e-18,
                1.0255880158036969e-16,
                0.09314986742933036,
                0.48052846034114405,
                -1.792540372415807e-18,
                2.0546591727653484e-16,
                1.0439742780654102,
                -0.05485177276410113,
                -8.201952889349251e-16,
                -3.78460478937092e-17
            ],
            [
                0.001453465187760112,
                -0.03056365454892026,
                0.29919651840186723,
                -6.888742356838604e-17,
                -2.83052050711879e-17,
                0.38584284186691115,
                0.8988360078097172,
                6.54429539398471e-16,
                -9.49191714946152e-16,
                1.1862045954830733,
                -0.8044800815690581
            ]
        ],
        [
            [
                -5.886155490289091e-05,
                0.2063762574899259,
                -0.3219140726508885,
                -2.3305600232501486e-17,
                5.2872937046691556e-17,
                0.032481808705244315,
                1.7226173717290778,
                1.2510521394591308e-17,
                4.499440093044713e-17,
                0.11413541727556156,
                -0.390239550534914
            ],
            [
                0.0024076605193535127,
                -0.02268077103799476,
                -0.061777784654915034,
                -1.3429130587945924e-17,
                3.756417352748602e-17,
                1.54790991091676,
                -0.3876002362997257,
                6.30867637011656e-17,
                -1.421461035227369e-16,
                0.3633246120672772,
                -0.9413702381214039
            ],
            [
                0.9954408040637969,
                -0.2255087615311305,
                -0.07685487861792407,
                1.0603376774595951e-17,
                2.1908659439236604e-17,
                0.06807384371771127,
                0.05831732281650923,
                1.2106255389503383e-17,
                -3.086281220396392e-17,
                0.04183071702071357,
                0.08773490513360058
            ],
            [
                0.021889622839910902,
                0.4900468188254282,
                0.16055256347487354,
                5.995518055622414e-18,
                -1.855009736182435e-17,
                -0.07791371124792729,
                -0.16984241261142927,
                -1.789932869379892e-16,
                3.038624185944907e-16,
                -0.3079148380751905,
                -1.6248990749783125
            ],
            [
