{
    "dist": 0.75,
    "thetas": [
        2.285571396673803,
        -1.3514756789437503,
        -2.681309192325017,
        1.6539681345510768,
        -0.297074922600983,
        0.265759097311558,
        1.4239946207429375,
        2.1922354457653626,
        1.6851501599552883,
        1.4648852168254765,
        -1.621147105353423,
        1.3842403401038794,
        -2.7747972234408573,
        -0.5675668759471639,
        0.6953744050146056,
        -1.5336320738538296,
        -1.3466629957570095,
        1.1590199036646274,
        2.142061872320946,
        1.9424682268417985,
        -3.1411936979972466,
        2.661620723129924,
        1.9287190028927457,
        2.865210417567324,
        -0.09595058622705643,
        1.0214825905762295,
        1.4690505556903348,
        -0.21292378582540206,
        1.9191876336743157,
        -0.38963584749314606,
        -2.330811864735062,
        0.8931583869241067,
        -0.13418557120045138,
        0.9935021116792697,
        -2.6178707404175032,
        1.0287028169829453,
        -0.056925124332792176,
        1.6041885760146908,
        -0.4531873031628644,
        -1.0693315257619167
    ],
    "oo": false,
    "mo": [
        [
            [
                -5.886137858908469e-05,
                0.20637638753169135,
                -0.3219142723771853,
                2.3669543061319037e-16,
                1.9056247786141518e-16,
                0.03248159289276865,
                1.7226175949402311,
                -4.935437947247953e-16,
                3.65356274455838e-16,
                0.11413319102438721,
                -0.39023900077449936
            ],
            [
                0.002407658503089296,
                -0.02268057659132648,
                -0.06177813092708019,
                -8.966551638407213e-17,
                1.0020655177399038e-16,
                1.5479100008481426,
                -0.38759935223347547,
                1.7145344991071623e-16,
                1.244155486237344e-16,
                0.363325082665528,
                -0.9413702545880646
            ],
            [
                0.9954408075709309,
                -0.22550868270552019,
                -0.07685491650188822,
                2.3209159659530015e-17,
                1.7494626650846103e-16,
                0.06807388399227143,
                0.058317364503408985,
                -3.409017480550918e-17,
                3.0334544725396803e-17,
                0.04183067159707784,
                0.0877349974632514
            ],
            [
                0.021889605163928502,
                0.490046247875831,
                0.16055241534978063,
                1.623315741008342e-16,
                -1.65951323619028e-17,
                -0.07791376157110402,
                -0.16984232885390574,
                1.793448438204708e-16,
                -2.9665840716856035e-16,
                -0.3079145761411002,
                -1.624899318020289
            ],
            [
                -0.00646401725872086,
                0.4645018518424807,
                0.34236687705574237,
                -2.871773105621306e-16,
                -3.096708061843557e-16,
                -0.9140962861960007,
                -0.5590164615494732,
                1.8799167452405545e-17,
                1.2085726363604227e-17,
                0.01253090985188496,
                2.3786673745398734
            ],
            [
                -6.796473216305182e-17,
                1.037229476020811e-17,
                1.6090954088941333e-16,
                0.5874425598117015,
                0.3033573338187522,
                -4.9902202353719333e-17,
                -2.4361460070618546e-16,
                -0.9174092259979811,
                0.23177874844672713,
                -6.646827176293076e-16,
                -1.237518253506869e-16
            ],
            [
                -9.218882633381557e-17,
                2.250498075976003e-17,
                2.9663166610697434e-16,
                -0.30335733381875174,
                0.5874425598117011,
                -1.9555955054509354e-17,
                7.760014769812125e-17,
                -0.23177874844672672,
                -0.9174092259979815,
                6.309650481987387e-16,
                1.0513938576006514e-17
            ],
            [
                -0.0018214183319827805,
                -0.13717876450542446,
                0.5653427493066678,
                -1.4468175069311377e-16,
                -3.38451439184255e-16,
                0.1958587667593066,
                0.3025278918889232,
                4.2107970971994593e-16,
                -6.135063174039412e-16,
                -0.9261214650045183,
                0.23433362523292478
            ],
            [
                -4.494140889995533e-17,
                5.2089026718747834e-18,
                1.2659561031058827e-16,
                0.43490779557863757,
                0.22458786330703717,
                -1.3649669789855674e-16,
                2.5463402038854695e-16,
                1.0135669129006681,
                -0.2560724962009994,
                6.456828202057952e-16,
                5.5373537854658623e-17
            ],
            [
                -5.814673589033419e-17,
                9.786506302257037e-18,
                1.8513129490713581e-16,
                -0.22458786330703714,
                0.43490779557863796,
                -2.5655978952867434e-17,
                -1.135452011263495e-16,
                0.25607249620099864,
                1.0135669129006681,
                -6.009457371554618e-16,
                -2.865736640055588e-17
            ],
            [
                0.0014534651877599165,
                -0.030563654548949347,
                0.2991965184019135,
                1.355216855913813e-16,
                -8.825969966088796e-17,
                0.38584284186669493,
                0.8988360078090282,
                -7.079220087464236e-16,
                9.8744569621615e-16,
                1.1862045954837044,
                -0.8044800815689831
            ]
        ],
        [
            [
                -5.8861554902171214e-05,
                0.2063762574900265,
                -0.3219140726511319,
                6.199104274470766e-17,
                -1.5825821783985928e-16,
                0.0324818087051908,
                1.7226173717290567,
                -9.03517261042365e-16,
                -3.702405513963302e-16,
                0.11413541727518514,
                -0.3902395505348656
            ],
            [
                0.0024076605193529043,
                -0.02268077103796611,
                -0.06177778465504119,
                -9.318375172330239e-17,
                -1.6315668026216062e-16,
                1.5479099109167866,
                -0.38760023629961005,
                4.3820926553533877e-16,
                2.802558852801507e-16,
                0.3633246120672592,
                -0.9413702381214052
            ],
            [
                0.9954408040637972,
                -0.22550876153111704,
                -0.07685487861794082,
                6.08648715254129e-17,
                -2.337883344989568e-17,
                0.06807384371771388,
                0.05831732281651904,
                -1.0764435346754013e-16,
                -1.5722598806784196e-17,
                0.04183071702070285,
                0.08773490513360854
            ],
            [
                0.02188962283990687,
                0.4900468188253495,
                0.1605525634749223,
                2.836417661887117e-16,
                1.421298525624227e-16,
                -0.07791371124790657,
                -0.1698424126114408,
                -7.491824170844361e-17,
                -2.25584009303017e-16,
                -0.3079148380752544,
                -1.6248990749783194
            ],
            [
