{
    "dist": 0.1,
    "thetas": [
        -2.8354451983958078,
        -1.325063087034727,
        1.3883725037911319,
        -3.0057737497215755,
        -1.8477417604476294,
        -2.822574873123744,
        -1.2423623306579668,
        1.0298787548813921,
        -1.2056528250732828,
        0.5252194785450901,
        -2.7044654537614434,
        2.30847045561727,
        -2.304417780706233,
        -2.022402397232817,
        -0.02557539272590459,
        2.285192262914668,
        1.6269921026744445,
        2.9561452268403734,
        1.6292459897763445,
        -0.7272784976778075,
        -0.573539651253947,
        1.3405831056173065,
        -1.4409243148323205,
        2.2248939625261066,
        2.5959857833208897,
        1.6383787056745502,
        0.10473151153364979,
        -2.0870494395307757,
        -1.2648536355851678,
        -1.357525884977483,
        -1.0856553998608915,
        -0.2504456690610555,
        0.278774624247891,
        -1.7756227029474454,
        1.8841282659115013,
        1.4243004011860876,
        2.194670844684585,
        -1.460703581689548,
        0.7214649379889844,
        0.9597947146749215
    ],
    "oo": false,
    "mo": [
        [
            [
                -0.09342635320493395,
                0.2960121499490548,
                -0.18601659780982205,
                -1.797035313949251e-16,
                -1.2445307766294848e-16,
                -0.5232134602798327,
                1.511153975196453e-10,
                6.545089819888784e-11,
                -1.72237628281994,
                8.38177562210582,
                11.081747693201715
            ],
            [
                -0.016049491253332018,
                0.042344070701563166,
                -0.022175914432380265,
                2.2544449870216555e-16,
                -3.738599496381349e-16,
                -0.2930843304193699,
                -3.311823563412933e-11,
                -1.4260611843158945e-11,
                -0.4753849465537875,
                3.244567657187924,
                -0.09307869001236403
            ],
            [
                1.012471802817184,
                -0.27806389780350915,
                -0.008842655827449314,
                1.1010989061612525e-17,
                -4.30249042103161e-18,
                0.08664287602936054,
                -2.291084400864275e-11,
                -9.910572196748972e-12,
                0.333283061106224,
                -1.1528852963697278,
                -1.5882184815474378
            ],
            [
                0.0490585570059939,
                0.48762961786666903,
                0.16223051491465879,
                1.0445483853827607e-16,
                2.0415895194183027e-17,
                0.03646668883899279,
                -8.990268159175213e-11,
                -3.9087595645004996e-11,
                -0.5705117180465079,
                -3.912337603778293,
                -6.703185606085595
            ],
            [
                0.0604961098935046,
                0.24432041187728984,
                0.29597918428354225,
                1.0353056997317672e-16,
                4.918352938749713e-16,
                0.7600076691182629,
                -3.465301904262986e-11,
                -1.4922687263820777e-11,
                2.705586962813838,
                -7.008363369889189,
                -4.269734402691254
            ],
            [
                -3.094930273912303e-19,
                1.3577297480933275e-17,
                -5.982874414073844e-16,
                0.7170013438440344,
                0.27942082848756067,
                5.7136452657618576e-12,
                -0.857642720308622,
                0.06897497424641322,
                -7.959208043062004e-12,
                -8.618138884990313e-12,
                1.6838288974944704e-11
            ],
            [
                -2.171194394251934e-19,
                5.207911974415043e-19,
                -6.749796198537861e-17,
                -0.27942082848756034,
                0.7170013438440336,
                2.9912138670944672e-12,
                -0.06897497424641352,
                -0.8576427203086223,
                -4.118063444904797e-12,
                -4.550029797663388e-12,
                8.948541390477849e-12
            ],
            [
                -0.032794615711205614,
                -0.18029354726587093,
                0.7787471886122495,
                6.96618974717044e-16,
                2.521953593130409e-16,
                0.7174248116692138,
                2.6595054048908186e-11,
                1.1455895466908572e-11,
                -0.3803855088167198,
                1.102559454768409,
                1.4486842811013343
            ],
            [
                1.013831925020425e-19,
                3.984905487466885e-18,
                -3.1452541933405017e-16,
                0.33634956023874446,
                0.1310779590446352,
                -7.281089024016951e-12,
                1.092903209402959,
                -0.08789554080895758,
                1.0142458267666627e-11,
                1.0982126500631136e-11,
                -2.145717450124846e-11
            ],
            [
                8.377078887071695e-20,
                -1.524570784093727e-18,
                -2.849586530575104e-17,
                -0.13107795904463534,
                0.3363495602387451,
                -3.81175843156418e-12,
                0.08789554080895745,
                1.0929032094029592,
                5.247731843703468e-12,
                5.798170424197301e-12,
                -1.1403231891855572e-11
            ],
            [
                0.0009983870924552987,
                -0.003371812663769602,
                0.26181019202349404,
                1.9620960671759056e-16,
                1.7300954987288528e-16,
                -1.16586066452625,
                5.628597711046673e-13,
                3.244246278590593e-13,
                -0.017383984771687334,
                0.7281186818092782,
                0.7873613211540696
            ]
        ],
        [
            [
                -0.09342635320493395,
                0.2960121499490548,
                -0.18601659780982205,
                -1.797035313949251e-16,
                -1.2445307766294848e-16,
                -0.5232134609035384,
                -3.755358502511645e-12,
                -8.761164858758862e-11,
                1.722376278927068,
                8.38177556800186,
                11.08174773469924
            ],
            [
                -0.016049491253332018,
                0.042344070701563166,
                -0.022175914432380265,
                2.2544449870216555e-16,
                -3.738599496381349e-16,
                -0.29308433084353214,
                1.0284191799344453e-12,
                1.9082208337519735e-11,
                0.47538494607430365,
                3.2445676576795113,
                -0.09307867398984025
            ],
            [
                1.012471802817184,
                -0.27806389780350915,
                -0.008842655827449314,
                1.1010989061612525e-17,
                -4.30249042103161e-18,
                0.08664287607539117,
                5.997747917104791e-13,
                1.3265428386168748e-11,
                -0.33328306056211837,
                -1.1528852886298697,
                -1.5882184872774456
            ],
            [
                0.0490585570059939,
                0.48762961786666903,
                0.16223051491465879,
                1.0445483853827607e-16,
                2.0415895194183027e-17,
                0.03646668963752535,
                1.874155319476228e-12,
                5.2329834118168666e-11,
                0.5705117202921992,
                -3.9123375707978028,
                -6.703185625139246
            ],
            [
                0.0604961098935046,
