{
    "dist": 1.05,
    "thetas": [
        -2.8354451983958078,
        -1.325063087034727,
        1.3883725037911319,
        -3.0057737497215755,
        -1.8477417604476294,
        -2.822574873123744,
        -1.2423623306579668,
        1.0298787548813921,
        -1.2056528250732828,
        0.5252194785450901,
        -2.7044654537614434,
        2.30847045561727,
        -2.304417780706233,
        -2.022402397232817,
        -0.02557539272590459,
        2.285192262914668,
        1.6269921026744445,
        2.9561452268403734,
        1.6292459897763445,
        -0.7272784976778075,
        -0.573539651253947,
        1.3405831056173065,
        -1.4409243148323205,
        2.2248939625261066,
        2.5959857833208897,
        1.6383787056745502,
        0.10473151153364979,
        -2.0870494395307757,
        -1.2648536355851678,
        -1.357525884977483,
        -1.0856553998608915,
        -0.2504456690610555,
        0.278774624247891,
        -1.7756227029474454,
        1.8841282659115013,
        1.4243004011860876,
        2.194670844684585,
        -1.460703581689548,
        0.7214649379889844,
        0.9597947146749215
    ],
    "oo": false,
    "mo": [
        [
            [
                0.0003719968183277225,
                0.09292767747867979,
                -0.27127290747735483,
                -3.682713882400413e-17,
                1.3953247092569657e-16,
                0.15068537717787314,
                1.2928547808889161,
                -1.302300782328561e-16,
                -2.6674752064553678e-17,
                0.36531318805535523,
                -0.4801657751617521
            ],
            [
                0.0013569180364067137,
                -0.002870667739034325,
                -0.1552692574769485,
                -1.3400736401486216e-17,
                8.412802932435036e-17,
                1.198695879906296,
                -1.0163836185500397,
                3.123285189437008e-16,
                -1.2063751436084319e-17,
                -0.06358780677299238,
                -0.47708146286122993
            ],
            [
                0.9955457203885161,
                -0.2335728028232918,
                -0.051289022130847226,
                6.4244129507043995e-18,
                -7.997269598235264e-17,
                0.057447958239143844,
                0.02243663084728272,
                4.341764420702575e-17,
                -6.061353668457209e-17,
                0.06900703486511464,
                0.0861403756812288
            ],
            [
                0.02106326342977463,
                0.5036191387521152,
                0.12074720589758002,
                -6.148446010711348e-17,
                8.715064199531898e-17,
                -0.0780440289905664,
                -0.11582020835352308,
                8.439912017619162e-16,
                2.3805442178737814e-17,
                -0.7233701113352632,
                -1.4115239022660355
            ],
            [
                -0.005338290880187564,
                0.5499891002817324,
                0.19088061082478655,
                7.433280838486516e-17,
                -1.9876110486331688e-16,
                -0.585956070970179,
                0.20445876955145217,
                -9.173226295081409e-16,
                -1.8795272305618173e-17,
                0.6289910893752654,
                1.7475628883269805
            ],
            [
                2.4637332914185654e-16,
                -2.4495219580790445e-17,
                2.33708536412448e-16,
                -0.3387688156748921,
                0.5683742603224236,
                1.1074278786402338e-17,
                -3.459179601898861e-17,
                -0.9455564916523148,
                0.024183053174212373,
                -5.223213412149893e-16,
                -4.0476762797385593e-16
            ],
            [
                -5.4796494316422056e-17,
                -7.057884723899276e-18,
                1.3674803943355777e-16,
                0.568374260322424,
                0.3387688156748918,
                -1.992751984598803e-18,
                -3.255907095274813e-18,
                -0.024183053174212377,
                -0.9455564916523155,
                -2.84514831671454e-17,
                1.7319005249457408e-17
            ],
            [
                -0.0012973113075603574,
                -0.05517416946279445,
                0.5338502808738719,
                5.717684622047289e-17,
                -2.1541968125586337e-16,
                0.3128069839159411,
                0.35965419337203464,
                2.7979472371314027e-16,
                8.297220301350734e-17,
                -0.7995856292827335,
                0.48330843536248325
            ],
            [
                -2.194279901718262e-16,
                -1.108976974728424e-17,
                1.6957123258067822e-16,
                -0.2503050179750719,
                0.41995284944734196,
                -5.624519274266454e-17,
                4.2979730152706847e-17,
                1.0453457514008837,
                -0.026735210550339016,
                5.853431132174214e-16,
                3.4545115020009596e-16
            ],
            [
                8.966103787281328e-17,
                -4.656586155932141e-18,
                9.583475061585585e-17,
                0.41995284944734285,
                0.25030501797507154,
                -7.79319923796853e-18,
                -9.81001142322103e-18,
                0.02673521055033922,
                1.0453457514008844,
                6.202635030034276e-17,
                1.8643876544280893e-18
            ],
            [
                0.0012175822959159001,
                -0.04561827202025356,
                0.37446511853051084,
                -5.780963128547725e-17,
                -1.6648492375821677e-16,
                0.4681888587238724,
                0.0728961879385467,
                -2.6537219488763397e-16,
                -9.786395153235139e-17,
                1.0301753991248697,
                -0.9111009927717257
            ]
        ],
        [
            [
                0.0003719975693130854,
                0.09292759376948141,
                -0.27127238227506073,
                -6.094490972598367e-19,
                1.1713017215157452e-16,
                0.1506858800333484,
                1.292854530457868,
                -3.474902114811889e-16,
                8.428111855762283e-16,
                0.3653137455541668,
                -0.48016618041258613
            ],
            [
                0.001356919604990797,
                -0.002871000916822116,
                -0.15526771334389097,
                -1.0054946857592082e-16,
                1.5544967065542555e-17,
                1.1986958874713904,
                -1.0163838971666272,
                -2.3454603738531447e-16,
                -1.3124603209496862e-16,
                -0.06358797256113471,
                -0.4770813287223479
            ],
            [
                0.9955457148304245,
                -0.23357291383276207,
                -0.05128891324562578,
                2.376819189204746e-18,
                2.0703433227113135e-16,
                0.057447931623871934,
                0.02243662960888568,
                -1.5085198612896456e-17,
                -2.6331041730999832e-18,
                0.06900697005091773,
                0.08614027373777053
            ],
            [
                0.021063290706791117,
                0.5036200222600195,
                0.1207471448108113,
                -3.691539614510806e-17,
                -6.761040835179639e-17,
                -0.07804412183098362,
                -0.11582043243351543,
                -2.084009620434834e-16,
                -1.4012470543302153e-15,
                -0.7233698078085636,
                -1.411523723886521
            ],
            [
