{
    "dist": 1.15,
    "thetas": [
        -0.485632194328141,
        -0.7671863714960319,
        2.2058628717934416,
        -0.00983268767414236,
        0.2991997046172967,
        1.252080172939956,
        -1.8559306988226674,
        -2.6983709538979874,
        -0.8559765547093554,
        2.3799525745062535,
        -0.2823271905508098,
        -0.4255673234466637,
        -2.0494026704695405,
        -1.9800306645750347,
        -0.1641425856253087,
        1.9996298921060802,
        -0.9392595787998337,
        2.3384695298489593,
        0.9205032020379997,
        2.2212117546283254,
        1.0104267682871626,
        -2.5667210747053706,
        0.3183583542672346,
        -1.1771808841356899,
        0.44065677369874745,
        2.0725161184900145,
        -2.9116880194542154,
        0.0008883315555285876,
        0.9161192104764773,
        1.8938914441496797,
        2.631500069573991,
        -0.3192017378028167,
        -0.8935733353289592,
        -1.9605392863764173,
        -2.157361704247257,
        -0.9330906655898241,
        3.06381984431897,
        -0.8112154932405922,
        2.4758493372933383,
        2.6808767738093326
    ],
    "oo": false,
    "mo": [
        [
            [
                0.00034815055278432106,
                0.07181233720181861,
                -0.2566492053421863,
                3.2780778961162785e-16,
                -4.903604736634904e-17,
                0.18699613693623765,
                1.2567605055440072,
                4.649773157085426e-16,
                -6.516959894916436e-18,
                0.3369305131264486,
                -0.4377657091143621
            ],
            [
                0.0011258628098076995,
                0.004132082401304371,
                -0.19173347264734647,
                2.3823180478238927e-16,
                -1.8953445372233325e-17,
                1.0854063969164502,
                -1.1098518134126911,
                -3.7687523495345486e-17,
                -5.658186246111049e-17,
                -0.10298514530981742,
                -0.3805782395618596
            ],
            [
                0.9955613175387995,
                -0.23527257819275207,
                -0.044562872716258625,
                3.36561863423215e-17,
                -1.1340799585141546e-17,
                0.052428008977420455,
                0.013654546799644576,
                2.2407494558639674e-17,
                3.1742715292527814e-17,
                0.07069490719707237,
                0.08815707448160502
            ],
            [
                0.020881344222798547,
                0.50830636197033,
                0.10922198528186111,
                -1.6176785018522884e-16,
                1.2718896111612e-17,
                -0.07473889739705442,
                -0.1042695276517766,
                -1.472602695590319e-16,
                -3.785163271656487e-16,
                -0.784078924612369,
                -1.354140977165816
            ],
            [
                -0.0050350823092533,
                0.5566398548198009,
                0.16167567403105554,
                -1.6443997420524576e-16,
                5.576232360003328e-17,
                -0.48604439065868177,
                0.2832369252533512,
                5.147473083588132e-17,
                3.92940312793176e-16,
                0.7329284660229933,
                1.587462819925051
            ],
            [
                -5.08587216846428e-17,
                -6.42010153434925e-18,
                8.128446196867918e-16,
                0.6510931771441311,
                -0.1247255019398057,
                -6.837553585112145e-17,
                3.8790800827709176e-17,
                -0.9086345737342656,
                0.25957647138072204,
                6.723485544797629e-16,
                -3.403444992398071e-16
            ],
            [
                3.325706730893663e-18,
                -1.4779862764125737e-17,
                -6.027382407427556e-18,
                0.12472550193980586,
                0.6510931771441311,
                -6.7042749495609245e-18,
                9.83121757949911e-20,
                -0.25957647138072193,
                -0.9086345737342654,
                4.297317548242731e-16,
                3.9868329392772457e-17
            ],
            [
                -0.001163181099349571,
                -0.0397206141251532,
                0.5243325378990662,
                -5.771384728428505e-16,
                9.910923808652559e-17,
                0.3378340948330818,
                0.31982398626438585,
                -7.2947279565746625e-16,
                -9.27379927953369e-17,
                -0.7867765114859095,
                0.5249325185196946
            ],
            [
                -3.687640515982794e-17,
                6.407770390525343e-18,
                5.742120206484971e-16,
                0.47879285306913183,
                -0.09171909800403229,
                1.1069124300731967e-17,
                -8.905699765481115e-17,
                1.0060875786099377,
                -0.28741660410549025,
                -6.581718051796492e-16,
                3.2314753766171963e-16
            ],
            [
                -9.914245616107747e-19,
                -3.764352910453212e-18,
                -5.2835588724548466e-18,
                0.09171909800403208,
                0.4787928530691322,
                -1.135653270041629e-17,
                -9.975177215241727e-18,
                0.2874166041054903,
                1.0060875786099377,
                -4.484754798394114e-16,
                -8.895592738221398e-17
            ],
            [
                0.0010493003619826806,
                -0.040670701565791806,
                0.38533709751524414,
                -4.3897825806473705e-16,
                1.3834118083834044e-16,
                0.46746743584165346,
                -0.04166808649010939,
                9.86830510119989e-16,
                8.324942432072574e-17,
                0.9614743887074214,
                -0.868294635068848
            ]
        ],
        [
            [
                0.0003481502791397259,
                0.07181249292297642,
                -0.256650586063275,
                -1.1600614890275189e-17,
                3.302836893354074e-16,
                0.18699589373813066,
                1.2567604617113832,
                -7.065736721559012e-16,
                1.1830393940126665e-16,
                0.33692966731349955,
                -0.4377657547997123
            ],
            [
                0.0011258630320230643,
                0.004132162445578112,
                -0.19173541761878857,
                -1.597566924845921e-17,
                3.6616037845384056e-16,
                1.0854056658545195,
                -1.1098521950836358,
                2.4641530152354785e-16,
                -8.341083579042557e-17,
                -0.1029852314908146,
                -0.3805782074433072
            ],
            [
                0.9955613179143172,
                -0.2352725866664611,
                -0.044563014106542,
                -1.545513907681342e-18,
                1.7614720818781628e-16,
                0.052427933896018054,
                0.013654539474310586,
                -5.435280714143943e-17,
                4.25376399895724e-17,
                0.07069493207769817,
                0.08815700198830653
            ],
            [
                0.020881343260611897,
                0.508306566542566,
                0.10922240749131593,
                1.8755557025271097e-17,
                -2.6407786652492156e-16,
                -0.0747386423796022,
                -0.10426953529595501,
                4.536090040488141e-16,
                -5.152489359841499e-16,
                -0.7840799034893648,
                -1.354140313029035
            ],
            [
