{
    "dist": 1.15,
    "thetas": [
        2.3463261368903874,
        2.9439278084526643,
        2.319717710563025,
        0.1938720278250048,
        -1.6793174426784083,
        -3.0699718540344296,
        -0.4368772992954577,
        -0.6135444998792989,
        0.1424691618875915,
        -0.1357683511288812,
        0.34781498297773794,
        0.2726023879603252,
        1.639255247336484,
        1.3343888034911187,
        0.7519847877695871,
        -0.4643791018236456,
        -1.3252806848740173,
        2.9773202892406827,
        -1.0444284749192585,
        -1.766825043051343,
        -2.7281063583560097,
        3.033965123374311,
        -2.3382515167002618,
        -1.1175851867391877,
        -2.695845613805822,
        -1.7293214755701178,
        -0.6683115396232484,
        2.4890524741785924,
        -0.9709933288902195,
        3.045770542014389,
        -2.961063865698451,
        -0.931892285898047,
        -0.7479573583046881,
        1.6597670561412299,
        2.7570863008471456,
        -1.1329224215729323,
        -0.4242662269722661,
        -1.444216899225165,
        1.891589921605929,
        0.8685800355148432
    ],
    "oo": false,
    "mo": [
        [
            [
                0.00034815055278427867,
                0.07181233720181927,
                -0.256649205342188,
                2.5907037777860935e-17,
                -1.7404716565138484e-16,
                0.18699613693623499,
                1.2567605055440092,
                3.965351376854139e-16,
                1.233358575294797e-16,
                0.33693051312643796,
                -0.4377657091143664
            ],
            [
                0.0011258628098076533,
                0.004132082401304869,
                -0.19173347264735016,
                -4.104558052208075e-17,
                -1.2657500573368486e-16,
                1.0854063969164511,
                -1.1098518134126902,
                -1.5110399661715933e-16,
                -1.2967921946106572e-16,
                -0.10298514530982114,
                -0.3805782395618587
            ],
            [
                0.995561317538799,
                -0.23527257819275235,
                -0.044562872716259104,
                -3.5471100273607844e-17,
                -3.5265832503641335e-17,
                0.052428008977420414,
                0.013654546799644847,
                4.4115249539863573e-17,
                5.4369751402976497e-17,
                0.07069490719707389,
                0.08815707448160374
            ],
            [
                0.020881344222798425,
                0.5083063619703301,
                0.10922198528186207,
                -2.4188344778078535e-17,
                6.766213826666207e-17,
                -0.07473889739705387,
                -0.10426952765177726,
                -3.2479368460153593e-16,
                -7.134405195389051e-16,
                -0.7840789246123925,
                -1.3541409771658013
            ],
            [
                -0.005035082309253114,
                0.5566398548198006,
                0.16167567403105768,
                1.3659241817513194e-16,
                1.5132977103078635e-16,
                -0.4860443906586825,
                0.2832369252533512,
                2.686235744093931e-16,
                7.278638021680292e-16,
                0.73292846602302,
                1.5874628199250371
            ],
            [
                1.8902466245190592e-17,
                -6.538820637228162e-17,
                -1.5387449856937906e-16,
                0.6398378510546457,
                0.17345402997782106,
                -8.168391864870886e-18,
                2.660956028460516e-17,
                -0.9235906977392196,
                0.19994238202367692,
                5.835285365762152e-16,
                -2.851384786390338e-16
            ],
            [
                -2.0105002785069197e-17,
                1.355275242692955e-18,
                -3.1015915967295074e-16,
                -0.1734540299778213,
                0.6398378510546457,
                2.7480014317592098e-17,
                1.5110606294730175e-18,
                -0.19994238202367687,
                -0.9235906977392192,
                8.445600722244726e-16,
                3.0315858114905187e-16
            ],
            [
                -0.0011631810993495333,
                -0.039720614125153056,
                0.5243325378990635,
                1.1693667213964204e-16,
                2.5989626031239984e-16,
                0.33783409483308285,
                0.31982398626438435,
                -6.061876884646689e-16,
                -4.0160654083313667e-16,
                -0.7867765114859023,
                0.5249325185197088
            ],
            [
                -5.027154680058819e-18,
                -2.7125521830028647e-17,
                -1.0492239202042903e-16,
                0.47051605048575357,
                0.1275524806659676,
                1.013126020147046e-17,
                -1.034720922363522e-16,
                1.0226477789594492,
                -0.22138663089275518,
                -5.531116811661212e-16,
                2.221969563078265e-16
            ],
            [
                -1.4459041650569456e-17,
                -1.3339424770193127e-18,
                -2.2083493178255736e-16,
                -0.1275524806659673,
                0.4705160504857538,
                3.316276460600617e-17,
                -5.5965402270803515e-18,
                0.22138663089275532,
                1.022647778959449,
                -8.018510839316952e-16,
                -1.3819220945407094e-16
            ],
            [
                0.0010493003619825912,
                -0.04067070156579183,
                0.38533709751524364,
                -5.191042475875629e-18,
                1.1725389917279207e-16,
                0.46746743584165623,
                -0.0416680864901049,
                7.524667882829264e-16,
                4.3433292860339376e-16,
                0.9614743887074065,
                -0.8682946350688646
            ]
        ],
        [
            [
                0.0003481502791395558,
                0.07181249292297569,
                -0.25665058606327074,
                -1.613163320607812e-17,
                2.62007266927537e-16,
                0.18699589373813066,
                1.2567604617113848,
                -9.816201082319453e-17,
                -5.150316994311072e-16,
                0.3369296673134959,
                -0.43776575479971214
            ],
            [
                0.001125863032023175,
                0.004132162445578298,
                -0.1917354176187886,
                6.677247397060585e-17,
                2.6948684563605356e-16,
                1.0854056658545197,
                -1.1098521950836346,
                1.4244034400056065e-16,
                3.3947988464381596e-16,
                -0.10298523149081532,
                -0.38057820744330917
            ],
            [
                0.9955613179143175,
                -0.23527258666646111,
                -0.04456301410654146,
                -1.4553422732306697e-17,
                -1.5053564807181512e-16,
                0.05242793389601821,
                0.013654539474310277,
                -7.172407595210033e-17,
                -1.0479653227286809e-16,
                0.07069493207769893,
                0.0881570019883059
            ],
            [
                0.02088134326061201,
                0.5083065665425663,
                0.10922240749131423,
                3.1159691537405673e-16,
                -2.5266994121947116e-16,
                -0.07473864237960393,
                -0.10426953529595387,
                9.282304785305563e-16,
                1.1668179452252337e-15,
                -0.7840799034893716,
                -1.3541403130290306
            ],
