{
    "dist": 1.725,
    "thetas": [
        1.704757879308132,
        -3.011204310279467,
        0.8397366260192594,
        1.563280899135842,
        -0.009380718364163876,
        -1.7291536732871136,
        -1.8971269718342263,
        1.6369627429575306,
        -2.0790379300152217,
        -2.586537231132677,
        1.1646500873100205,
        2.8487544111850127,
        -3.1167849646094092,
        0.07660625016677525,
        1.9642554329689128,
        0.70702212977712,
        1.3933297522764283,
        -1.3076812305427234,
        2.6249522282931705,
        1.3482194095209188,
        0.2673141479915979,
        -2.2483118993788564,
        -0.7958234754631421,
        1.0941137716709264,
        -0.3654729438307087,
        -0.4146023075677032,
        0.7399517487893483,
        0.08255001257991035,
        0.94497336375301,
        0.6348464674842362,
        1.917773905749895,
        0.1360130698619595,
        2.567616643692406,
        -1.1357731497354906,
        -2.5732197993538017,
        -1.2522384758651308,
        -2.425407785880496,
        2.0651656802006935,
        -2.846934388642458,
        0.7934855547557511
    ],
    "oo": false,
    "mo": [
        [
            [
                -5.7773813259930825e-05,
                0.02078682007126338,
                5.230961037809443e-17,
                -1.722068108052444e-16,
                -0.2050821049934253,
                -0.2853409944060798,
                1.2905356244774182,
                -4.043900493600885e-16,
                -4.597715572709626e-16,
                0.1636602450927961,
                0.04874577387738703
            ],
            [
                0.0006304825716747679,
                0.01563682311530789,
                9.271464337053796e-17,
                -3.1882144368124107e-16,
                -0.3383911097471259,
                -0.713935314252262,
                -1.214050389894163,
                3.2901935495686024e-16,
                4.0120629626214815e-16,
                0.054212669244592254,
                -0.3307599331230769
            ],
            [
                0.9955900204350485,
                -0.23931638220759707,
                -3.940129073309607e-17,
                1.2042786379246542e-16,
                -0.02041264541943826,
                -0.0254256225236147,
                -0.017420102335314797,
                7.062498087622176e-17,
                -2.7328297534481064e-17,
                0.03409335128547054,
                0.11445416317505754
            ],
            [
                0.02042148094336414,
                0.523818017405758,
                1.3449912093032026e-17,
                -5.061785600680483e-17,
                0.05853080556377307,
                0.04621544848755817,
                0.037864249901746826,
                -8.822633258750448e-16,
                6.297146444034018e-16,
                -0.3945431120030214,
                -1.4536696467998211
            ],
            [
                -0.004272622064236472,
                0.5622339889733552,
                -2.3600139486564324e-17,
                1.0500385501846657e-16,
                0.06630789711757669,
                0.1492747438168646,
                0.16750636323649248,
                8.222083790913238e-16,
                -6.603093489890555e-16,
                0.3687057827844215,
                1.4842985464852845
            ],
            [
                -1.714297209406934e-16,
                2.0596260655315619e-16,
                -0.19665532011759534,
                0.6385039219668402,
                -6.569487641938314e-16,
                3.1388956145251505e-17,
                2.337874690337771e-16,
                0.20293231501649955,
                0.9192025954390829,
                6.512250851160199e-16,
                1.2071673767925093e-16
            ],
            [
                2.863666205331207e-18,
                -6.2721231709603425e-18,
                0.6385039219668405,
                0.19665532011759554,
                -2.549325510891212e-17,
                1.792059817867526e-17,
                2.485225957330272e-16,
                0.9192025954390829,
                -0.2029323150164995,
                -4.555911648679233e-16,
                -5.492319523411256e-16
            ],
            [
                -0.0005726359472039348,
                -0.004906352897091835,
                -9.093392022651543e-17,
                3.941584965861175e-16,
                0.4993940554796435,
                -0.37879310778264413,
                0.0890902199248687,
                -1.5360850607466548e-16,
                5.877297571864223e-16,
                -0.9330187417251169,
                0.2875219548208192
            ],
            [
                -1.0456413388039278e-16,
                5.675939343460219e-17,
                -0.14180434207106715,
                0.4604128101399018,
                -4.58883472000827e-16,
                -1.3622838356058062e-17,
                -2.881886643296722e-16,
                -0.22614079937136325,
                -1.0243277897851077,
                -6.987965170307508e-16,
                -1.3766932300935408e-16
            ],
            [
                -4.133329072132438e-18,
                7.181276659365132e-18,
                0.46041281013990176,
                0.14180434207106768,
                -2.465247780670655e-17,
                3.2619651068657583e-18,
                -2.8052352391939006e-16,
                -1.0243277897851077,
                0.2261407993713637,
                4.72279486994148e-16,
                6.046836368774713e-16
            ],
            [
                0.0003971207181181099,
                -0.013501777686877091,
                -1.1689950310847223e-16,
                4.70279438706872e-16,
                0.4021295781381346,
                -0.38883521952014133,
                -0.20886865992129514,
                2.2481681658007582e-16,
                -5.104225149111195e-16,
                1.0222818460842125,
                -0.3681410766897982
            ]
        ],
        [
            [
                -5.7774044554203405e-05,
                0.020786666655426392,
                -6.573442201789135e-18,
                1.414403833703727e-16,
                -0.20507970297416384,
                -0.2853416043422624,
                1.2905358339625532,
                1.2494482618961608e-16,
                6.585834363175005e-16,
                0.16366046434056175,
                0.04874609240824167
            ],
            [
                0.0006304832124557874,
                0.015636626340034446,
                6.331496745739924e-18,
                1.7477457343127295e-16,
                -0.33838715513782086,
                -0.7139380358462626,
                -1.2140498707642553,
                2.560516987132993e-17,
                -7.82068043839594e-16,
                0.05421325369133268,
                -0.33075992342632315
            ],
            [
                0.9955900162072215,
                -0.23931644981299743,
                -7.81693459727791e-18,
                -2.2404240738205553e-16,
                -0.020412536176953388,
                -0.025425634212950562,
                -0.017420091316408048,
                -3.8417717871808734e-17,
                4.653980760816389e-17,
                0.03409313137080237,
                0.11445414266350784
            ],
            [
                0.020421500177516438,
                0.5238185932234424,
                1.3035599345947561e-16,
                -4.5493538576534835e-17,
                0.05853045659920325,
                0.04621573218603129,
                0.037864295002459324,
                2.8411470717238857e-16,
                -7.227651739103335e-16,
                -0.394540194731139,
                -1.4536702346738157
            ],
            [
