{
    "dist": 1.725,
    "thetas": [
        1.0824581083310676,
        -0.07490562672962531,
        2.045146495060206,
        -2.9440091728923625,
        1.9355350036912204,
        0.4122864067919232,
        -1.2715753426470968,
        -2.8481947885923398,
        3.0827028676546355,
        -3.0987053080191687,
        1.6951595907025174,
        1.5504834232626843,
        -0.7700738744524487,
        -0.036772642089067276,
        2.6951622347532513,
        -0.6568816124913903,
        2.977955240480968,
        0.15340218092467994,
        -2.553404241221722,
        1.968574815808429,
        -1.811525352650629,
        0.34146463524734116,
        -1.3052116384528223,
        1.9863810312485803,
        2.061152232120124,
        -1.749380967135041,
        0.9100232690836672,
        -2.5435488851435126,
        -0.5550362397858817,
        -2.532970267248091,
        -2.2367448611807736,
        -1.8083247626073817,
        -0.14667370733601048,
        -2.6539305358307423,
        -1.6647690189709083,
        -3.1004189234255946,
        2.5047552990058524,
        0.32819858348667985,
        -2.088866144067793,
        2.6947211011102787
    ],
    "oo": false,
    "mo": [
        [
            [
                -5.77738132597567e-05,
                0.020786820071262643,
                3.696270321033739e-17,
                1.6268297094238817e-16,
                -0.20508210499342797,
                -0.28534099440607974,
                1.2905356244774189,
                -8.804816646108541e-16,
                -2.0783044080879417e-16,
                0.1636602450927931,
                0.048745773877389056
            ],
            [
                0.0006304825716744129,
                0.015636823115310942,
                6.2845347959591e-17,
                2.3455312416867916e-16,
                -0.33839110974713416,
                -0.7139353142522565,
                -1.214050389894165,
                8.972183579126688e-16,
                2.217416232815252e-16,
                0.0542126692445992,
                -0.33075993312307594
            ],
            [
                0.995590020435049,
                -0.23931638220759685,
                3.502921051233449e-17,
                1.303852788853233e-16,
                -0.020412645419438616,
                -0.025425622523615025,
                -0.017420102335314862,
                1.1551595793331917e-17,
                -1.16893159178882e-16,
                0.03409335128546913,
                0.11445416317505804
            ],
            [
                0.020421480943364295,
                0.5238180174057556,
                -5.379986244196891e-17,
                1.0600981972449476e-16,
                0.058530805563773824,
                0.04621544848755793,
                0.03786424990174649,
                -9.040777886134676e-17,
                1.4750800183293022e-15,
                -0.3945431120030032,
                -1.4536696467998262
            ],
            [
                -0.0042726220642359015,
                0.5622339889733566,
                5.939247906053416e-17,
                -1.0636201978888287e-16,
                0.06630789711757865,
                0.14927474381686545,
                0.16750636323649407,
                -4.642471671294609e-17,
                -1.4965049309480803e-15,
                0.3687057827844019,
                1.484298546485288
            ],
            [
                6.0395150718387235e-18,
                6.186210944725444e-17,
                0.33245512657043996,
                0.5795120034258341,
                8.207735279141696e-16,
                -1.6551778228058027e-16,
                4.328489030447036e-16,
                0.940753367608131,
                -0.03313664548293706,
                -8.696922399478078e-17,
                -5.332734420225067e-17
            ],
            [
                -1.3609224852986383e-17,
                1.577342424466687e-17,
                0.579512003425834,
                -0.33245512657043985,
                -1.9527826283522955e-16,
                2.9700481875764893e-17,
                1.6560178315972733e-17,
                0.03313664548293704,
                0.9407533676081308,
                9.4973229719877e-16,
                9.35024372215571e-16
            ],
            [
                -0.000572635947204167,
                -0.004906352897091743,
                -2.7428292656465813e-16,
                -8.385999680466504e-16,
                0.4993940554796383,
                -0.37879310778264974,
                0.08909021992486611,
                1.979684663581815e-17,
                6.642801599595299e-16,
                -0.9330187417251216,
                0.28752195482080783
            ],
            [
                6.128677698035121e-19,
                -2.391185925244359e-18,
                0.23972695202592986,
                0.4178748803690966,
                6.373538034491204e-16,
                -2.0611028554475614e-16,
                -5.064840624546972e-16,
                -1.048343229834577,
                0.0369263391953499,
                -8.194215454126493e-18,
                1.134771447587538e-16
            ],
            [
                1.5074888436008472e-17,
                5.5812687909648e-18,
                0.4178748803690966,
                -0.23972695202593,
                -1.4874580863283122e-16,
                2.3602319584003082e-17,
                -3.104392826848167e-17,
                -0.03692633919534987,
                -1.0483432298345765,
                -9.93259894871009e-16,
                -8.400753284405992e-16
            ],
            [
                0.0003971207181180287,
                -0.013501777686875245,
                -7.36963320763322e-17,
                -4.750703299597876e-16,
                0.40212957813813194,
                -0.3888352195201461,
                -0.20886865992129391,
                2.1460824422293907e-16,
                -6.836644552125666e-16,
                1.0222818460842176,
                -0.36814107668978524
            ]
        ],
        [
            [
                -5.777404455414047e-05,
                0.02078666665542599,
                1.3131866536357507e-16,
                2.2407318412678725e-17,
                -0.20507970297416248,
                -0.28534160434226347,
                1.290535833962553,
                2.3197694081689217e-16,
                -1.2811511250341454e-15,
                0.16366046434056022,
                0.04874609240824483
            ],
            [
                0.0006304832124556952,
                0.015636626340035216,
                2.9606532805413845e-16,
                -7.672480823225772e-17,
                -0.3383871551378242,
                -0.7139380358462604,
                -1.2140498707642549,
                -2.4221146926451715e-16,
                1.3372485146990098e-15,
                0.05421325369133751,
                -0.3307599234263241
            ],
            [
                0.9955900162072209,
                -0.23931644981299738,
                3.2178741698923064e-17,
                4.2213463160409204e-17,
                -0.020412536176953367,
                -0.02542563421295083,
                -0.017420091316408086,
                9.432252539187443e-17,
                -2.2980495377501497e-17,
                0.03409313137080092,
                0.1144541426635079
            ],
            [
                0.02042150017751659,
                0.523818593223442,
                2.698440273541885e-17,
                -2.573963321051462e-16,
                0.05853045659920336,
                0.046215732186031824,
                0.03786429500246078,
                -1.1334370584062612e-15,
                6.544887551751106e-16,
                -0.3945401947311233,
                -1.4536702346738188
            ],
            [
