{
    "dist": 1.95,
    "thetas": [
        0.5537421544386962,
        2.498909051664074,
        2.460060126744791,
        1.9844653968763062,
        -2.9160917365612167,
        1.2048484202477079,
        -0.7622701226724877,
        0.11630770046138306,
        0.9924383276466164,
        -1.9235958127940909,
        -1.4305782372210243,
        1.3735415900651207,
        1.7781641208316445,
        2.2011734789331534,
        1.7294146738215828,
        -2.911224022186897,
        -2.40838429156288,
        1.578843198998931,
        -1.6385402723546971,
        -1.5405992506075,
        2.2470274829181465,
        2.8260449683589304,
        0.3875899599017809,
        -2.018281518058492,
        1.6980429755320765,
        -0.047871339949845826,
        0.824687333071147,
        2.133128361069385,
        -0.24479669277424554,
        -0.012942901129407325,
        1.1272732977552549,
        0.9474158401493504,
        -1.4527023588714385,
        -2.718579295467798,
        1.7055401050398515,
        -0.119480220538136,
        -1.073127789488372,
        0.0668597278125862,
        -1.4851638708039598,
        -1.1905910446293386
    ],
    "oo": false,
    "mo": [
        [
            [
                -0.00014835663252562445,
                0.01385269359152493,
                2.806826645194716e-17,
                -3.283301619907295e-17,
                -0.19468232072881567,
                0.349688440619989,
                5.822792235967263e-17,
                1.2297934012781906e-16,
                -0.039196792034627656,
                1.0183451454640053,
                -0.7908623238692604
            ],
            [
                0.0005427801332582907,
                0.014937951014717853,
                -2.015290961491954e-17,
                4.8141015030087876e-17,
                -0.3691207770377174,
                0.5067925252390184,
                5.3120645383569547e-17,
                1.160518244240656e-17,
                -0.08590632056715579,
                -1.2444968723089036,
                0.35437723451288256
            ],
            [
                0.9955902127723252,
                -0.23974736902879618,
                5.745664071503973e-17,
                -8.261837511269385e-17,
                -0.01527680247306023,
                0.01958247927145703,
                -1.5451557653964828e-16,
                -1.2658602162624595e-16,
                0.12145723602542054,
                -0.0001616442425322232,
                0.006355829281300166
            ],
            [
                0.020377220253619377,
                0.525778397622604,
                1.6717687965686632e-16,
                1.0811575926866061e-16,
                0.04612097400202797,
                -0.07425028822676988,
                2.1282763676750003e-15,
                1.7116445327247385e-15,
                -1.4834278425458933,
                -0.1937364383165959,
                -0.04669873324003728
            ],
            [
                -0.004179656136656571,
                0.5625557903705782,
                -2.368622700852358e-16,
                -1.2309617443578145e-16,
                0.043799119007170595,
                -0.03438959373122977,
                -2.090119561167315e-15,
                -1.7339774519892485e-15,
                1.458479015533327,
                0.3607185962093005,
                0.009624344128369695
            ],
            [
                -1.9459496930552905e-17,
                -4.00971291439405e-17,
                0.668453746489316,
                0.012272438230659589,
                -3.292087244645675e-17,
                -1.3231044553669323e-16,
                0.35492764766738666,
                0.8715049341358093,
                1.7137959522987284e-15,
                -1.7545988395388696e-16,
                -2.1535455974128166e-16
            ],
            [
                2.9102689069222195e-17,
                2.048077301984208e-18,
                -0.01227243823065952,
                0.6684537464893154,
                -6.61750333359073e-17,
                4.6968062614519356e-17,
                -0.8715049341358084,
                0.35492764766738805,
                -1.0273249224385673e-15,
                1.296984808962221e-16,
                2.0776474830293086e-16
            ],
            [
                -0.00043792648522953667,
                -0.0016366979989644857,
                1.4632740241804374e-16,
                -6.963874181917835e-17,
                0.49839849514940304,
                0.645868643313915,
                4.728106473128101e-16,
                2.5275233331766245e-16,
                -0.07916842335416167,
                0.440608477584175,
                0.6940004002049588
            ],
            [
                1.2612908781075773e-17,
                -2.819420639769058e-17,
                0.481157071220953,
                0.008833775660345945,
                -8.038015522735952e-17,
                6.676774457628968e-17,
                -0.39574728658152913,
                -0.9717352682817,
                -1.9304724524960556e-15,
                2.151814092783239e-16,
                2.3830839345544404e-16
            ],
            [
                -2.566802775967041e-17,
                4.476971797449676e-19,
                -0.008833775660345865,
                0.4811570712209535,
                -5.2166846641391976e-17,
                -9.248484396030098e-17,
                0.9717352682816991,
                -0.39574728658153013,
                1.1845814031061421e-15,
                -1.358607870426614e-16,
                -2.3446812412130463e-16
            ],
            [
                0.0002837232225187528,
                -0.008733712976873627,
                -1.264431760508228e-16,
                2.1960064120367202e-16,
                0.4074649126726009,
                0.025395937655535945,
                -5.1587007755775e-16,
                -3.4240659065330265e-16,
                0.07918067368400375,
                -0.7616293189426492,
                -0.8480718958459743
            ]
        ],
        [
            [
                -0.00014835663252562445,
                0.01385269359152493,
                2.806826645194716e-17,
                -3.283301619907295e-17,
                -0.19468232072881567,
                0.34968844061998816,
                4.2530901816084484e-16,
                -2.3897545195035886e-17,
                -0.039196792034626456,
                1.018345145464013,
                -0.7908623238692518
            ],
            [
                0.0005427801332582907,
                0.014937951014717853,
                -2.015290961491954e-17,
                4.8141015030087876e-17,
                -0.3691207770377174,
                0.5067925252390194,
                4.617905305808843e-16,
                5.98020729766058e-17,
                -0.08590632056715701,
                -1.2444968723089074,
                0.3543772345128715
            ],
            [
                0.9955902127723252,
                -0.23974736902879618,
                5.745664071503973e-17,
                -8.261837511269385e-17,
                -0.01527680247306023,
                0.019582479271457034,
                -8.489912892098573e-16,
                -3.383317332574262e-17,
                0.1214572360254205,
                -0.00016164424253231857,
                0.006355829281300157
            ],
            [
                0.020377220253619377,
                0.525778397622604,
                1.6717687965686632e-16,
                1.0811575926866061e-16,
                0.04612097400202797,
                -0.07425028822676973,
                1.0169573832517022e-14,
                1.7198007488203386e-16,
                -1.4834278425458929,
                -0.1937364383165952,
                -0.04669873324003885
            ],
