{
    "dist": 1.95,
    "thetas": [
        -1.280204273705289,
        1.9419297300422045,
        -0.940891133303507,
        1.8184119877683536,
        0.38546698317217754,
        -1.5482462623708158,
        -2.4820021837889543,
        -2.7742730588529536,
        1.0888281406992553,
        1.243000394197522,
        1.4626200193935919,
        1.8087660546709712,
        -2.6617060794763305,
        -1.1455465965311886,
        1.514393913888437,
        -1.0776025393438475,
        -0.18758145050334907,
        -2.003797532579155,
        -1.1089545493349307,
        -0.2833329782724672,
        0.18617401951910573,
        -1.3004274157417277,
        -1.4013064739751477,
        1.1193687642619112,
        -1.6747283761111225,
        1.1137283347171385,
        -0.4251674570616557,
        -0.7058135459189301,
        -1.0339219766896837,
        0.08307705720900582,
        3.0642536441871373,
        0.19424072343329168,
        1.1337138145690409,
        -0.6840206445593826,
        -2.4092484788668456,
        1.3020376391937685,
        -0.5427660854375911,
        -0.27625260685593744,
        -1.0558733579582715,
        -2.5527624137262657
    ],
    "oo": false,
    "mo": [
        [
            [
                -0.00014835663252565345,
                0.013852693591521643,
                -1.3635484100917706e-16,
                1.7769336363659227e-17,
                -0.19468232072871322,
                -0.34968844061987775,
                -5.402812084737712e-16,
                2.2189843751416548e-16,
                -0.03919679203463427,
                1.0183451454798593,
                -0.7908623238489213
            ],
            [
                0.0005427801332583023,
                0.014937951014697443,
                -2.1421466554443465e-16,
                -5.795998988919848e-17,
                -0.3691207770374805,
                -0.5067925252392376,
                -6.534463408395464e-16,
                6.294494125455068e-17,
                -0.08590632056712894,
                -1.244496872316034,
                0.3543772344877884
            ],
            [
                0.9955902127723261,
                -0.23974736902880067,
                2.3372486828428506e-16,
                1.1160512849475266e-17,
                -0.015276802473045699,
                -0.019582479271461693,
                1.0588049691567657e-15,
                -3.4740188702776626e-16,
                0.12145723602540681,
                -0.00016164424265516957,
                0.006355829281296409
            ],
            [
                0.02037722025361544,
                0.5257783976226779,
                1.6208728352769587e-16,
                -6.545934230615261e-17,
                0.046120974002003046,
                0.07425028822680282,
                -1.3627648210911765e-14,
                4.118191109056503e-15,
                -1.4834278425458587,
                -0.19373643831571843,
                -0.04669873324397402
            ],
            [
                -0.00417965613665569,
                0.5625557903705104,
                -3.361292461179048e-16,
                3.6004100705474654e-17,
                0.04379911900711152,
                0.03438959373122335,
                1.3291515357674365e-14,
                -4.0572778492623006e-15,
                1.4584790155333411,
                0.3607185962091669,
                0.009624344135687544
            ],
            [
                -5.488685161827996e-17,
                8.024487307793244e-17,
                0.6649360643340523,
                0.06957768524288654,
                -6.458169557436191e-16,
                2.7234800141833285e-16,
                0.8779038531652174,
                0.3387909530954739,
                -7.895192199872622e-15,
                -4.079710163540086e-17,
                -2.8531356708417406e-16
            ],
            [
                3.065450974847514e-17,
                1.419213246322793e-18,
                -0.06957768524288654,
                0.6649360643340503,
                1.0651356757750963e-16,
                -1.1587109788994637e-16,
                0.3387909530954738,
                -0.8779038531652191,
                -6.1498182517026495e-15,
                2.0599857984778628e-16,
                1.1069116341492666e-16
            ],
            [
                -0.0004379264852291444,
                -0.001636697998955708,
                6.07100883923147e-16,
                7.902050575827954e-17,
                0.4983984951496218,
                -0.6458686433138945,
                -4.608485708222998e-16,
                6.297495613730931e-16,
                -0.07916842335421174,
                0.4406084775702671,
                0.6940004002136444
            ],
            [
                -1.9505410831128517e-16,
                1.3113294414343828e-17,
                0.47862502221639047,
                0.05008244090128271,
                -5.349782075388198e-16,
                -2.0055946861358982e-17,
                -0.9788701163545817,
                -0.37775473758404277,
                8.666641887038403e-15,
                1.3332556836869484e-16,
                4.0773135533441073e-16
            ],
            [
                -7.154878384848386e-18,
                -2.1369928020486514e-19,
                -0.05008244090128285,
                0.4786250222163918,
                8.348782316945167e-17,
                8.83878022750112e-17,
                -0.3777547375840412,
                0.9788701163545821,
                6.815852530823676e-15,
                -3.165680300086305e-16,
                -2.243727255177904e-16
            ],
            [
                0.0002837232225186785,
                -0.008733712976861006,
                3.6696443001880925e-16,
                -2.0226567056426412e-16,
                0.4074649126726511,
                -0.025395937655173246,
                3.7159628752460294e-16,
                -7.179722108770742e-16,
                0.07918067368407689,
                -0.7616293189256185,
                -0.848071895861249
            ]
        ],
        [
            [
                -0.00014835663252565345,
                0.013852693591521643,
                -1.3635484100917706e-16,
                1.7769336363659227e-17,
                -0.19468232072871322,
                0.3496884406198771,
                4.22584644905858e-16,
                2.2955560421168393e-16,
                -0.0391967920346327,
                1.0183451454798618,
                -0.7908623238489189
            ],
            [
                0.0005427801332583023,
                0.014937951014697443,
                -2.1421466554443465e-16,
                -5.795998988919848e-17,
                -0.3691207770374805,
                0.5067925252392385,
                2.2673740642116495e-16,
                6.274298954500425e-17,
                -0.08590632056713021,
                -1.2444968723160357,
                0.35437723448778446
            ],
            [
                0.9955902127723261,
                -0.23974736902880067,
                2.3372486828428506e-16,
                1.1160512849475266e-17,
                -0.015276802473045699,
                0.019582479271461655,
                -7.254452675518314e-16,
                -4.2998849714658936e-16,
                0.12145723602540678,
                -0.0001616442426552377,
                0.006355829281296451
            ],
            [
                0.02037722025361544,
                0.5257783976226779,
                1.6208728352769587e-16,
                -6.545934230615261e-17,
                0.046120974002003046,
                -0.0742502882268023,
                8.662979263956808e-15,
                4.518524751933524e-15,
                -1.4834278425458585,
                -0.193736438315718,
