{
    "dist": 2.4,
    "thetas": [
        0.5537421544386962,
        2.498909051664074,
        2.460060126744791,
        1.9844653968763062,
        -2.9160917365612167,
        1.2048484202477079,
        -0.7622701226724877,
        0.11630770046138306,
        0.9924383276466164,
        -1.9235958127940909,
        -1.4305782372210243,
        1.3735415900651207,
        1.7781641208316445,
        2.2011734789331534,
        1.7294146738215828,
        -2.911224022186897,
        -2.40838429156288,
        1.578843198998931,
        -1.6385402723546971,
        -1.5405992506075,
        2.2470274829181465,
        2.8260449683589304,
        0.3875899599017809,
        -2.018281518058492,
        1.6980429755320765,
        -0.047871339949845826,
        0.824687333071147,
        2.133128361069385,
        -0.24479669277424554,
        -0.012942901129407325,
        1.1272732977552549,
        0.9474158401493504,
        -1.4527023588714385,
        -2.718579295467798,
        1.7055401050398515,
        -0.119480220538136,
        -1.073127789488372,
        0.0668597278125862,
        -1.4851638708039598,
        -1.1905910446293386
    ],
    "oo": false,
    "mo": [
        [
            [
                -0.00015530553203553488,
                0.006011711327860292,
                1.3746771271457e-16,
                2.2240413243343592e-17,
                -0.1833976316504363,
                -0.30913457542793743,
                1.2677539654296492,
                1.522514348697807e-16,
                -7.725508013642907e-16,
                -0.15930061366371012,
                -0.19360709756357694
            ],
            [
                0.0003410987971129013,
                0.012663012932743757,
                3.0941450612030087e-16,
                1.0845441704115353e-16,
                -0.405357184684828,
                -0.6084523647387997,
                -1.1023486852231197,
                -2.5063188225555375e-16,
                1.1106899634460634e-15,
                0.2322213904409636,
                0.260304145616027
            ],
            [
                0.9955864526851543,
                -0.24008555697506825,
                5.459461944664615e-17,
                1.7452635528880314e-17,
                -0.008679414659166839,
                -0.009627779917753156,
                -0.018663745279724784,
                1.082203000199066e-17,
                1.9524705998832518e-16,
                0.021050542937944807,
                -0.1195197245808558
            ],
            [
                0.02034099473465887,
                0.5268520026415832,
                4.7318281884401e-17,
                -1.25719075636281e-16,
                0.029846145867512115,
                0.021467048119087347,
                0.12099883113632223,
                -4.852262866282343e-16,
                -1.599993534080613e-15,
                -0.23874067278391836,
                1.4634063649369307
            ],
            [
                -0.004078718117146138,
                0.5635775739768666,
                -7.692074885604877e-17,
                1.632455930162818e-16,
                0.014693801626113919,
                0.03533440845792052,
                -0.046248919217102676,
                4.998671077828143e-16,
                1.5061835213717306e-15,
                0.21961137070059797,
                -1.4408121361946633
            ],
            [
                1.4296380429027634e-17,
                4.3207779479646284e-17,
                -0.33808550130875437,
                0.5761554379417341,
                4.3802196434090154e-16,
                -3.302669198334926e-16,
                3.781905587366607e-17,
                0.941376501971915,
                0.005375491381191776,
                6.342837317474265e-16,
                3.7772942086740516e-16
            ],
            [
                -4.155571572127743e-17,
                1.739103621251654e-17,
                0.576155437941732,
                0.3380855013087538,
                1.2311325991507308e-15,
                -4.667718296021197e-16,
                2.6176294066543103e-17,
                -0.005375491381191463,
                0.9413765019719156,
                -4.882663466331289e-15,
                3.935550269077859e-16
            ],
            [
                -0.0002581969096576061,
                -2.623590633291164e-05,
                -8.152655772909704e-16,
                -1.2667253780116578e-15,
                0.5012518107692107,
                -0.3693224795063933,
                -0.11558349406857424,
                8.659664642773927e-16,
                -4.562684133765253e-15,
                -0.9558033720334342,
                -0.1585477364326509
            ],
            [
                -2.03431555233931e-17,
                -2.7465501860742284e-17,
                -0.24385898436326026,
                0.4155773595376078,
                3.419686243604439e-16,
                -2.783087050855969e-16,
                -4.766260394236787e-17,
                -1.0489365504584125,
                -0.005989685715115274,
                -8.752932524020219e-16,
                -4.429350278537105e-16
            ],
            [
                6.505861204183818e-17,
                1.1360465600386018e-17,
                0.4155773595376084,
                0.2438589843632609,
                1.0002298280837694e-15,
                -4.252768610305107e-16,
                -6.921942809189816e-17,
                0.005989685715114726,
                -1.0489365504584116,
                5.061931943672994e-15,
                -3.330902905879677e-16
            ],
            [
                0.00013854400197621934,
                -0.0046058091451296095,
                -6.365336501187924e-16,
                -7.39748544995201e-16,
                0.42098226168036323,
                -0.3273257772520725,
                0.004029795872866632,
                -8.944784666356228e-16,
                5.031617230849773e-15,
                1.0327625517761716,
                0.18609951683980716
            ]
        ],
        [
            [
                -0.000155305443270475,
                0.006011747474873635,
                5.289311476492549e-17,
                2.508732261267348e-16,
                -0.18339902162021512,
                -0.30913411047561185,
                1.2677539158040505,
                -4.0086671101588834e-17,
                1.81048542069266e-16,
                -0.15930015669938666,
                -0.19360722310102557
            ],
            [
                0.0003410987055822789,
                0.012663089341157882,
                1.670881021796283e-16,
                7.129505619083004e-16,
                -0.40535970753182315,
                -0.6084503660058492,
                -1.102348916776694,
                2.0693061597460888e-16,
                -3.4870217465440583e-16,
                0.23222083002326363,
                0.2603044045243319
            ],
            [
                0.9955864540882664,
                -0.24008553837091062,
                -1.6032255751161892e-17,
                -1.0537946904459705e-17,
                -0.008679385698277598,
                -0.009627818915947587,
                -0.018663750283729994,
                -3.7872103074853675e-17,
                -2.120606129589849e-17,
                0.021050696400707482,
                -0.11951972141557923
            ],
            [
                0.02034098852229232,
                0.5268518419851155,
                -2.904230468765892e-17,
                -1.801706532117626e-16,
                0.02984626915730739,
                0.021466950905087427,
                0.12099874817597953,
                7.063406111304128e-16,
                2.0313980667659486e-17,
                -0.2387428851073694,
                1.4634060677123906
            ],
