{
    "dist": 2.0,
    "thetas": [
        2.3463261368903874,
        2.9439278084526643,
        2.319717710563025,
        0.1938720278250048,
        -1.6793174426784083,
        -3.0699718540344296,
        -0.4368772992954577,
        -0.6135444998792989,
        0.1424691618875915,
        -0.1357683511288812
    ],
    "oo": false,
    "mo": [
        [
            [
                0.22153949686232344,
                0.23279361090199502,
                0.9110402951357761,
                -0.9344754753139536
            ],
            [
                0.47108913431115557,
                0.6400150781980526,
                -0.671354156814773,
                0.9679274892441574
            ],
            [
                0.22153949686233376,
                -0.23279361090199097,
                0.9110402951359249,
                0.9344754753138074
            ],
            [
                0.4710891343111747,
                -0.6400150781980342,
                -0.6713541568149302,
                -0.967927489244051
            ]
        ],
        [
            [
                0.2215395002660353,
                -0.23279361318279745,
                0.9110402943082292,
                0.9344754747456305
            ],
            [
                0.47108913180295536,
                -0.6400150758355799,
                -0.6713541585749361,
                -0.9679274908061661
            ],
            [
                0.22153950026602462,
                0.23279361318280228,
                0.9110402943081022,
                -0.9344754747457557
            ],
            [
                0.4710891318029361,
                0.6400150758355985,
                -0.6713541585748017,
                0.9679274908062565
            ]
        ]
    ],
    "iterations": 98,
    "final_energy": -1.268945,
    "iter_energies": [
        -0.8427763129392385,
        -0.9155508372461637,
        -1.2080849794164958,
        -1.225993355771298,
        -1.2504807915985199,
        -1.2623168121818193,
        -1.2656009205077183,
        -1.2657596223910814,
        -1.2658097572732279,
        -1.265891179547474,
        -1.2660136788477079,
        -1.2661227722801587,
        -1.2661829419579753,
        -1.2662027674968575,
        -1.2662046754296077,
        -1.26620499497263,
        -1.266205088079947,
        -1.2662050970363667,
        -1.2662051009261566,
        -1.2662051078549763,
        -1.266205120620863,
        -1.2662051444018587,
        -1.2662051886676908,
        -1.2662052703620406,
        -1.2662054189608898,
        -1.2662056844989176,
        -1.266206152296216,
        -1.266206976949482,
        -1.2662084592462417,
        -1.2662111429003593,
        -1.2662151593003899,
        -1.2662191074638602,
        -1.2662569378103015,
        -1.2663187643214056,
        -1.26641840125872,
        -1.2665937041040056,
        -1.2667297797337176,
        -1.2668419165910256,
        -1.266996959122883,
        -1.2672575273101347,
        -1.2676253080147073,
        -1.2680677578140793,
        -1.268279949332685,
        -1.2684338438844505,
        -1.2685746516020557,
        -1.2686474556930292,
        -1.2687280136520247,
        -1.268768761338237,
        -1.2688002607319249,
        -1.2688311471950338,
        -1.2688445855989536,
        -1.2688497357152284,
        -1.2688586204620185,
        -1.2688718356203992,
        -1.268883931964982,
        -1.2688881322666277,
        -1.268894120288665,
        -1.2688979007774281,
        -1.268903810918563,
        -1.2689080402505173,
        -1.2689141173137832,
        -1.2689182137339379,
        -1.2689228716807792,
        -1.268924733471756,
        -1.2689268197546635,
        -1.2689284411945185,
        -1.26893088836449,
        -1.2689325937348486,
        -1.2689331779720436,
        -1.2689342660421299,
        -1.268935955459605,
        -1.2689366462790992,
        -1.2689370399304472,
        -1.2689376402099832,
        -1.2689384120682066,
        -1.2689390859045548,
        -1.26894016037257,
        -1.268940652725162,
        -1.2689414336958174,
        -1.26894235538882,
        -1.2689426140564304,
        -1.2689430059721367,
        -1.2689435921046015,
        -1.2689440148257178,
        -1.2689444170707451,
        -1.268944716490697,
        -1.2689447610319267,
        -1.2689448388837363,
        -1.2689449626217617,
        -1.2689450574703631,
        -1.2689451536538583,
        -1.2689451850382318,
        -1.2689451978909358,
        -1.2689452106151353,
        -1.2689452202522657,
        -1.2689452222062694,
        -1.2689452226943077,
        -1.2689452227283065
    ],
    "function_evaluations": 115,
    "gradient_evaluations": 115
}