{
    "dist": 1.75,
    "thetas": [
        0.9725849013986938,
        3.0287421515471404,
        -0.6289173301713022,
        2.16237457127599,
        -0.22718521280628412,
        0.2817572965695807,
        0.7507014191504124,
        -1.056600618389329,
        3.0221833115836887,
        -1.5016108035144697,
        2.7646484878048208,
        -2.8589964351740242,
        -0.5016555425818261,
        2.0733586813341685,
        0.5071355655896048,
        -2.4133419417808275,
        -2.4599761845258357,
        2.4611239750855427,
        -0.34992760330396155,
        0.24580324287761357,
        0.5581641695536286,
        0.24721344885994823,
        -2.6389742316536102,
        -0.9006083675731262,
        -1.1873121949029048,
        2.2458890663324613,
        2.055962515189252,
        -0.019834208791557284,
        1.9019236771753105,
        -0.12214653947925536,
        -1.9160646725362525,
        2.1694379634766676,
        -1.2133649235615256,
        -1.4492425834009157,
        2.2046696769441416,
        -0.22458344705123823,
        0.5066684200980132,
        2.926807060814026,
        -1.3461152645169567,
        2.3256045348177192
    ],
    "oo": false,
    "mo": [
        [
            [
                -7.12805724581387e-05,
                0.019854459814749172,
                -4.835940839583549e-17,
                2.6706740480537026e-16,
                -0.20375367027259125,
                -0.28719866126360105,
                -1.2922008616660507,
                -1.4930046025105281e-15,
                -4.494774677791733e-16,
                0.14536276643722454,
                0.06624743839327095
            ],
            [
                0.0006210055351705476,
                0.01559553643622422,
                -4.62997122444069e-17,
                4.92088529458591e-16,
                -0.3423422293600286,
                -0.7061757908032588,
                1.2096395171726493,
                1.3776582191450352e-15,
                2.9058374648610607e-16,
                0.0689661523646007,
                -0.3335784788114935
            ],
            [
                0.9955901897200417,
                -0.2393793950342689,
                -2.4707536903835552e-17,
                9.553202739902901e-17,
                -0.019758928353444078,
                -0.024561743022224556,
                0.01812679289988283,
                7.203715321774682e-17,
                -1.338188497379119e-16,
                0.032503055904089154,
                0.11496943613451188
            ],
            [
                0.020414912221549605,
                0.5241097025167213,
                -1.0561547312431174e-17,
                -2.2926332288228107e-17,
                0.056973511446498655,
                0.04504277820203641,
                -0.045531989065758914,
                -7.857701701559182e-16,
                1.1042401934253732e-15,
                -0.37476448741799623,
                -1.457512574046409
            ],
            [
                -0.0042599924133181885,
                0.5622657218736996,
                7.091478376591414e-17,
                -7.464354755473549e-17,
                0.06350696938676349,
                0.14171834006614548,
                -0.15427858736140157,
                5.733489271491303e-16,
                -1.0917829594447427e-15,
                0.3480970605211409,
                1.4855113921971834
            ],
            [
                -1.1822527889161142e-16,
                4.011407865888912e-17,
                0.35388843232948375,
                0.566780787322527,
                8.265956334687301e-16,
                -2.797866558615654e-17,
                -6.570062653254967e-16,
                0.6395497080109669,
                0.6906331854219105,
                9.099499047686722e-16,
                -5.859856138241459e-17
            ],
            [
                1.422208599360115e-16,
                6.8277430485132725e-18,
                0.5667807873225271,
                -0.35388843232948486,
                -7.999354645212553e-16,
                9.723947889747233e-17,
                5.11147132346397e-16,
                -0.6906331854219099,
                0.639549708010967,
                9.824063921369693e-16,
                8.185673992421917e-16
            ],
            [
                -0.0005555369299928314,
                -0.004402822417488139,
                2.048246644749689e-16,
                -1.0748970680723556e-15,
                0.4991386602275565,
                -0.37877435827026834,
                -0.077183849635051,
                6.088489992037289e-17,
                1.1580685524477579e-15,
                -0.9376956803422045,
                0.27430963498722993
            ],
            [
                -1.239186046875273e-16,
                2.0980879070637325e-17,
                0.2550970438318752,
                0.4085584329359084,
                6.796166017822884e-16,
                -1.7597724645276023e-16,
                7.659798226326706e-16,
                -0.7127696600388823,
                -0.769701517518798,
                -1.0096378123724627e-15,
                9.211677889377648e-17
            ],
            [
                7.150389100596169e-17,
                -1.2832002438783274e-17,
                0.40855843293590777,
                -0.2550970438318747,
                -6.135543159091141e-16,
                1.4261805159637094e-16,
                -5.542250934355257e-16,
                0.7697015175187979,
                -0.7127696600388826,
                -9.887291684478392e-16,
                -6.742842251163991e-16
            ],
            [
                0.00038231388868504104,
                -0.012838443099086116,
                2.396788957144287e-16,
                -6.068220777730767e-16,
                0.4026396384096782,
                -0.3855602318538293,
                0.20151413744827726,
                2.1737158898242764e-16,
                -1.140893182306533e-15,
                1.0265294036385628,
                -0.35141982066477717
            ]
        ],
        [
            [
                -7.128079794230026e-05,
                0.01985432625731978,
                1.9250475108743093e-16,
                2.278055806581573e-17,
                -0.203751454224113,
                -0.2871992335903965,
                -1.2922010559975055,
                -1.4587628135355856e-15,
                1.4738119760155494e-16,
                0.14536291016763075,
                0.06624770704062531
            ],
            [
                0.0006210061322749703,
                0.015595360689304331,
                2.475630780126507e-16,
                -1.4035292580396996e-17,
                -0.34233855171209904,
                -0.7061783451287391,
                1.2096390429612771,
                1.326217193871358e-15,
                -1.0175532749438504e-16,
                0.06896668077020074,
                -0.33357846419512033
            ],
            [
                0.9955901857748171,
                -0.239379458269439,
                2.9959434401832186e-17,
                -5.776585442813419e-18,
                -0.019758826302903685,
                -0.024561757262933474,
                0.018126782309223936,
                -4.345293764866268e-18,
                7.046449081295684e-17,
                0.03250286329210186,
                0.1149694092550927
            ],
            [
                0.020414930193427775,
                0.5241102463403547,
                -6.067815053895668e-17,
                -5.9583092628270825e-19,
                0.05697320224749664,
                0.0450430356610123,
                -0.045532042206055584,
                2.971098118705345e-16,
                -9.277140315918127e-16,
                -0.3747619566534245,
                -1.4575130314331426
            ],
