{
    "dist": 1.5,
    "thetas": [
        1.704757879308132,
        -3.011204310279467,
        0.8397366260192594,
        1.563280899135842,
        -0.009380718364163876,
        -1.7291536732871136,
        -1.8971269718342263,
        1.6369627429575306,
        -2.0790379300152217,
        -2.586537231132677,
        1.1646500873100205,
        2.8487544111850127,
        -3.1167849646094092,
        0.07660625016677525,
        1.9642554329689128,
        0.70702212977712,
        1.3933297522764283,
        -1.3076812305427234,
        2.6249522282931705,
        1.3482194095209188,
        0.2673141479915979,
        -2.2483118993788564,
        -0.7958234754631421,
        1.0941137716709264,
        -0.3654729438307087,
        -0.4146023075677032,
        0.7399517487893483,
        0.08255001257991035,
        0.94497336375301,
        0.6348464674842362,
        1.917773905749895,
        0.1360130698619595,
        2.567616643692406,
        -1.1357731497354906,
        -2.5732197993538017,
        -1.2522384758651308,
        -2.425407785880496,
        2.0651656802006935,
        -2.846934388642458,
        0.7934855547557511
    ],
    "oo": false,
    "mo": [
        [
            [
                9.514252264536055e-05,
                0.03214371011279279,
                -1.7243369995387313e-17,
                -6.499834102534149e-17,
                -0.2196198292227542,
                0.2628265533111636,
                1.2623030589979989,
                1.6255148104063203e-17,
                -1.841355985145341e-16,
                0.2823925022637791,
                -0.158133150885581
            ],
            [
                0.0007305359632196744,
                0.014996273334847432,
                6.094968829683145e-17,
                -1.4653014027959482e-16,
                -0.29509079694502593,
                0.8081438932455757,
                -1.2308617212030766,
                -5.970993680760571e-17,
                1.1401647869409862e-16,
                -0.07348598613494947,
                -0.29371513366257873
            ],
            [
                0.9955858678630285,
                -0.23847766256662423,
                4.620072968572811e-18,
                2.874571904983243e-17,
                -0.02749934723501119,
                0.03448925262091072,
                -0.008640475060954379,
                2.1882087317093166e-18,
                -3.3507030538109214e-17,
                0.0556139642806714,
                0.10457419772915169
            ],
            [
                0.02051371468359942,
                0.5200371323876235,
                -4.429450739289377e-18,
                5.377385260640151e-17,
                0.07484791243635808,
                -0.05740783520877357,
                -0.03185547817150156,
                3.8308293928382195e-17,
                7.272845036844147e-16,
                -0.6555589313967426,
                -1.37152797285165
            ],
            [
                -0.004432720760012569,
                0.5618528854015963,
                2.64350946720214e-17,
                -9.7971082788599e-18,
                0.09535400067202335,
                -0.2382623117058998,
                0.27699099234512836,
                -6.310655399327761e-17,
                -7.185390055145698e-16,
                0.638165200719432,
                1.435340974566504
            ],
            [
                8.897397258103417e-19,
                -1.2066465215367107e-17,
                0.5815330204154925,
                -0.32628083165768496,
                6.967516878307e-17,
                -1.2287301197795762e-18,
                1.279082413005316e-18,
                -0.9326136351339858,
                -0.13441533342170975,
                -1.2335108930770834e-16,
                -2.949055564307616e-17
            ],
            [
                7.610530538593999e-17,
                2.1469985229387634e-17,
                0.3262808316576848,
                0.5815330204154923,
                -1.9757893740832474e-16,
                2.262567462930801e-18,
                -4.4095141115710665e-19,
                0.1344153334217097,
                -0.9326136351339853,
                -8.059614491613457e-16,
                -3.092465454474163e-16
            ],
            [
                -0.000757376052521937,
                -0.011873207297914612,
                -4.5160455289682033e-17,
                1.5523254152179588e-16,
                0.5040719737746684,
                0.37519673193488856,
                0.18916875264876148,
                2.3371783222479056e-17,
                5.18406968348003e-16,
                -0.8544210876785061,
                0.4527399937553135
            ],
            [
                -1.0184175506759366e-17,
                7.101751450245807e-19,
                0.42139454517266267,
                -0.23643190984531287,
                8.51837238301547e-17,
                1.0524376367345371e-17,
                -3.0899926226334328e-18,
                1.03761137898241,
                0.14954840269737568,
                1.3514881815684533e-16,
                6.544688033288374e-17
            ],
            [
                -5.96851314971535e-17,
                6.685829827630452e-18,
                0.23643190984531304,
                0.4213945451726626,
                -1.4179283373046314e-16,
                -1.442000596665461e-18,
                1.9771769446297203e-17,
                -0.1495484026973757,
                1.0376113789824093,
                7.491803732207572e-16,
                2.1155379436445082e-16
            ],
            [
                0.0005706059303828902,
                -0.021414683788844563,
                1.250878097160084e-16,
                5.897212950413906e-17,
                0.39822838048613235,
                0.4215544469098955,
                -0.23129093576483956,
                -1.1221017481516863e-16,
                -5.70823826684817e-16,
                0.9516046699359213,
                -0.5894484020444017
            ]
        ],
        [
            [
                9.514246929301414e-05,
                0.032143525139971076,
                -1.2243397210490653e-17,
                8.936534124096664e-17,
                -0.21961799988419645,
                0.26282693437537435,
                1.2623031746721016,
                5.4170482575323046e-17,
                -1.96452736583903e-17,
                0.28239319456815914,
                -0.15813293607656645
            ],
            [
                0.0007305364387638181,
                0.014996085180586961,
                4.7863378481140634e-17,
                2.456055184094148e-16,
                -0.2950881229895344,
                0.8081455497467704,
                -1.230861277560961,
                -7.528764019862836e-17,
                1.7586869370289994e-17,
                -0.07348570875446088,
                -0.29371520049662203
            ],
            [
                0.9955858647829927,
                -0.23847771388586006,
                -2.7741227234637918e-17,
                5.4403407079148485e-18,
                -0.027499252599892325,
                0.03448924913174652,
                -0.00864046977646449,
                3.9347453315597445e-17,
                -2.2639643351205358e-17,
                0.05561380093378336,
                0.10457422336358349
            ],
            [
                0.020513728641294818,
                0.5200375337907114,
                7.075094613158089e-17,
                6.108851101942346e-17,
                0.07484758278112873,
                -0.05740806153744042,
                -0.031855534645384306,
                -8.551204813951159e-17,
                1.8473086199070064e-16,
                -0.6555566917914071,
                -1.3715288981272094
            ],
            [
