{
    "dist": 1.5,
    "thetas": [
        0.10303561663791783,
        0.4440175435037328,
        -2.9626838121493106,
        -2.0638903033331175,
        1.1641296091591355,
        2.0979358614283568,
        -1.2128670123447274,
        2.47314391898043,
        1.392001137158437,
        -1.9481710072691576,
        0.34072200379900464,
        -0.9290823338613339,
        -1.9987289817083937,
        1.7944887938507428,
        2.924717343797493,
        -1.6816715396059143,
        -2.6165606813494104,
        0.6506139255218115,
        1.4388039280401017,
        -1.40593290510329,
        1.1643140023190055,
        0.11226465135129837,
        -2.836955320406834,
        -2.275334685827516,
        -1.966841668758823,
        3.1058909736072735,
        0.129844516818022,
        0.495049251658644,
        1.475411656763927,
        0.2636535907361983,
        2.5959203631973624,
        1.934719368471801,
        -0.609482604949342,
        -0.8970859114113354,
        2.84550831983512,
        -0.9824917722923239,
        2.293989801545284,
        2.0751960685763695,
        0.2397754572129318,
        2.6544533544477575
    ],
    "oo": false,
    "mo": [
        [
            [
                9.514252264541172e-05,
                0.03214371011279361,
                5.461862383794489e-16,
                -1.8824544581227662e-17,
                -0.21961982922275453,
                0.2628265533111604,
                1.2623030589980002,
                -1.0145420870168146e-16,
                -3.6505741888543956e-16,
                0.2823925022637788,
                -0.15813315088557614
            ],
            [
                0.0007305359632197021,
                0.014996273334845864,
                7.489553963334476e-16,
                2.2118668657434404e-17,
                -0.2950907969450253,
                0.8081438932455794,
                -1.230861721203074,
                1.4024533099885214e-16,
                8.675515853991234e-17,
                -0.07348598613494486,
                -0.29371513366258045
            ],
            [
                0.995585867863028,
                -0.23847766256662423,
                1.2136620822881045e-16,
                -1.927227805021008e-17,
                -0.027499347235011854,
                0.03448925262091044,
                -0.008640475060954254,
                -5.921984689506672e-17,
                -7.577658205789557e-17,
                0.055613964280670704,
                0.10457419772915308
            ],
            [
                0.020513714683600054,
                0.5200371323876215,
                -3.2021031520699e-16,
                1.0346805923331459e-16,
                0.07484791243635928,
                -0.057407835208772524,
                -0.03185547817150086,
                7.452679631738386e-16,
                9.605607652162493e-16,
                -0.6555589313967282,
                -1.3715279728516585
            ],
            [
                -0.004432720760012953,
                0.5618528854015983,
                5.802161493088681e-17,
                -4.4287033393748053e-17,
                0.09535400067202557,
                -0.23826231170589987,
                0.2769909923451262,
                -7.619441210609217e-16,
                -9.78990160826723e-16,
                0.6381652007194155,
                1.4353409745665104
            ],
            [
                5.994049321216166e-17,
                -5.4931780797627904e-17,
                0.662002013936669,
                0.07995729162864734,
                1.84349017829259e-15,
                1.9655587623690327e-16,
                -3.890510148222614e-17,
                0.28054962203216827,
                -0.8995151937984738,
                -1.1375704005592882e-15,
                -9.187973045916633e-17
            ],
            [
                -6.996299118909327e-18,
                -4.013614106650587e-17,
                -0.07995729162864759,
                0.6620020139366701,
                -3.0020063000940664e-16,
                -4.597083246221054e-17,
                1.5944005863033362e-18,
                -0.8995151937984736,
                -0.28054962203216777,
                -9.544080474010394e-16,
                -4.46949944525959e-16
            ],
            [
                -0.0007573760525220675,
                -0.011873207297916818,
                -1.613025696112274e-15,
                9.702983261142443e-17,
                0.5040719737746674,
                0.375196731934887,
                0.18916875264876118,
                3.2053489780402824e-16,
                1.0189673305452222e-15,
                -0.8544210876785122,
                0.45273999375530455
            ],
            [
                3.887552171951524e-17,
                -3.7292542497792646e-17,
                0.4797045529193116,
                0.05793921472424495,
                1.3158484543660842e-15,
                9.015106692822385e-17,
                5.914971158840306e-17,
                -0.3121351320881878,
                1.0007865695838465,
                1.0650606963713068e-15,
                4.2947741675310123e-17
            ],
            [
                -7.710528928785608e-18,
                -5.167405370080539e-18,
                -0.05793921472424472,
                0.4797045529193111,
                -2.209154960419535e-16,
                -4.718097745983686e-17,
                1.2417385305406348e-17,
                1.0007865695838474,
                0.31213513208818755,
                9.71929143192665e-16,
                3.735537513581862e-16
            ],
            [
                0.000570605930383028,
                -0.021414683788846804,
                -8.468880141546918e-16,
                5.8422036226127e-17,
                0.3982283804861332,
                0.42155444690989774,
                -0.23129093576483578,
                -3.0167701658896387e-16,
                -1.2478990076291647e-15,
                0.9516046699359273,
                -0.5894484020443911
            ]
        ],
        [
            [
                9.514246929313248e-05,
                0.03214352513997083,
                -2.2412604062226296e-17,
                -4.395755006122204e-16,
                -0.21961799988419786,
                0.2628269343753736,
                1.2623031746721023,
                -2.5597153318558577e-16,
                -1.1070710472636036e-17,
                0.2823931945681553,
                -0.1581329360765639
            ],
            [
                0.0007305364387637167,
                0.014996085180588863,
                -1.8906869173469447e-17,
                -5.009539872360202e-16,
                -0.2950881229895397,
                0.8081455497467677,
                -1.2308612775609613,
                1.2112733916919005e-16,
                -1.2149549963919644e-17,
                -0.07348570875445529,
                -0.29371520049662314
            ],
            [
                0.9955858647829925,
                -0.23847771388585973,
                -2.4557279895198527e-17,
                -2.117666023908853e-16,
                -0.027499252599892693,
                0.03448924913174663,
                -0.008640469776464573,
                -7.08479742394899e-17,
                1.2549703094928802e-17,
                0.05561380093378333,
                0.10457422336358418
            ],
            [
                0.02051372864129535,
                0.5200375337907088,
                2.8938940284886995e-16,
                1.1882928627172058e-16,
                0.07484758278112856,
                -0.0574080615374401,
                -0.031855534645385125,
                6.400884820104406e-16,
                -2.0019381288339782e-16,
                -0.6555566917914019,
                -1.371528898127213
            ],
            [
