{
    "dist": 1.075,
    "thetas": [
        0.10303561663791783,
        0.4440175435037328,
        -2.9626838121493106,
        -2.0638903033331175,
        1.1641296091591355,
        2.0979358614283568,
        -1.2128670123447274,
        2.47314391898043,
        1.392001137158437,
        -1.9481710072691576,
        0.34072200379900464,
        -0.9290823338613339,
        -1.9987289817083937,
        1.7944887938507428,
        2.924717343797493,
        -1.6816715396059143,
        -2.6165606813494104,
        0.6506139255218115,
        1.4388039280401017,
        -1.40593290510329,
        1.1643140023190055,
        0.11226465135129837,
        -2.836955320406834,
        -2.275334685827516,
        -1.966841668758823,
        3.1058909736072735,
        0.129844516818022,
        0.495049251658644,
        1.475411656763927,
        0.2636535907361983,
        2.5959203631973624,
        1.934719368471801,
        -0.609482604949342,
        -0.8970859114113354,
        2.84550831983512,
        -0.9824917722923239,
        2.293989801545284,
        2.0751960685763695,
        0.2397754572129318,
        2.6544533544477575
    ],
    "oo": false,
    "mo": [
        [
            [
                0.00037069711904765424,
                0.08705380891645162,
                -0.26745947821709487,
                5.130048065924008e-17,
                -3.876707089812115e-18,
                -0.4358810913601982,
                9.715117881402424e-17,
                -2.9919949743165875e-17,
                0.045718808321200885,
                -1.2154753574752954,
                0.5897132338840553
            ],
            [
                0.0012926331876852147,
                -0.0009566180559810376,
                -0.16447389329080775,
                2.448213480737864e-17,
                8.561325542571148e-18,
                -0.26790080705132735,
                6.580040594951691e-16,
                -1.554247689216789e-16,
                0.211512345060779,
                0.12542831795515347,
                -1.590976330693397
            ],
            [
                0.9955501955999527,
                -0.23404218464549195,
                -0.04951795570023317,
                -8.151595242719304e-18,
                6.0163028729930354e-18,
                -0.05869784737898817,
                -4.954641023413731e-16,
                8.52972625943385e-17,
                -0.11148455337422986,
                -0.0012944957215056195,
                -0.005387709327643562
            ],
            [
                0.02101414556485465,
                0.5048219879604736,
                0.11781317753045785,
                1.369653149770937e-16,
                -1.0977280925668575e-16,
                0.34791644918340725,
                6.304148412958258e-15,
                -1.1203696754159081e-15,
                1.4447414901329134,
                -0.43269576307753543,
                -0.34781667724168347
            ],
            [
                -0.005256536711326876,
                0.5521406252842583,
                0.18286114675431703,
                -1.6255264011303545e-16,
                1.084435277975245e-16,
                -0.05376557785301847,
                -6.485218898220223e-15,
                1.1752370940380012e-15,
                -1.5189698373613851,
                0.7157996616721116,
                0.9382549376754462
            ],
            [
                2.5415995300885704e-18,
                -8.617276779046179e-18,
                3.855397554381033e-17,
                -0.193906158970039,
                0.6329387812667226,
                1.186858572155586e-17,
                0.04890409774597479,
                0.9443901731504969,
                5.737143275893819e-16,
                -1.8941981605071782e-17,
                -1.8726946381578418e-17
            ],
            [
                4.909356375123827e-19,
                -1.3855510481189392e-18,
                1.366063772478281e-17,
                0.632938781266724,
                0.19390615897003916,
                -4.522800817969827e-16,
                -0.9443901731504958,
                0.04890409774597451,
                5.175295009201583e-15,
                2.502881200648501e-16,
                2.4195853200388065e-16
            ],
            [
                -0.001263335038019509,
                -0.05085474701352581,
                0.5313282958746016,
                -6.433621630032196e-17,
                1.603603119217442e-17,
                -0.828654592474057,
                2.2773910562652843e-15,
                -2.963796034609451e-16,
                0.302755329978956,
                0.4762997113904729,
                0.31359111239194826
            ],
            [
                8.693302413915532e-20,
                -4.803634725408658e-18,
                1.6698933243310194e-17,
                -0.14310855801785685,
                0.46712779409268884,
                3.353333674665213e-17,
                -0.05408522872462662,
                -1.0444433263128472,
                -7.017457642457415e-16,
                -1.0446073578347442e-17,
                8.901495402057039e-18
            ],
            [
                5.578232471244411e-20,
                -7.456863377629049e-19,
                1.0287013083682185e-17,
                0.4671277940926885,
                0.14310855801785669,
                6.078787779430968e-16,
                1.0444433263128472,
                -0.05408522872462651,
                -5.707894102046109e-15,
                -4.67759076728826e-16,
                -3.51513559863641e-16
            ],
            [
                0.0011763354413568744,
                -0.04456727692423852,
                0.37771858241753253,
                8.62962526182075e-17,
                -6.321647605798004e-17,
                0.2632681108021613,
                -2.248246542593014e-15,
                2.6638897379791764e-16,
                -0.26539743160501467,
                -1.195554080922761,
                -0.6981727791946585
            ]
        ],
        [
            [
                0.00037069711904765424,
                0.08705380891645162,
                -0.26745947821709487,
                5.130048065924008e-17,
                -3.876707089812115e-18,
                -0.4358810913601987,
                2.3242469084161783e-18,
                -1.0013617636228198e-16,
                0.04571880832120229,
                -1.215475357475287,
                0.5897132338840719
            ],
            [
                0.0012926331876852147,
                -0.0009566180559810376,
                -0.16447389329080775,
                2.448213480737864e-17,
                8.561325542571148e-18,
                -0.26790080705132613,
                -1.8093037794888606e-16,
                -8.525284081094582e-17,
                0.21151234506078007,
                0.12542831795512993,
                -1.5909763306933973
            ],
            [
                0.9955501955999527,
                -0.23404218464549195,
                -0.04951795570023317,
                -8.151595242719304e-18,
                6.0163028729930354e-18,
                -0.05869784737898822,
                1.1629565838024852e-16,
                -4.496187055878842e-17,
                -0.11148455337422986,
                -0.0012944957215058098,
                -0.00538770932764356
            ],
            [
                0.02101414556485465,
                0.5048219879604736,
                0.11781317753045785,
                1.369653149770937e-16,
                -1.0977280925668575e-16,
                0.34791644918340736,
                -1.4991572491293084e-15,
                4.931799883637563e-16,
                1.4447414901329152,
                -0.4326957630775392,
                -0.3478166772416768
            ],
            [
