{
    "dist": 0.95,
    "thetas": [
        -3.0764099223207433,
        0.01177840984590972,
        -0.026557182477288332,
        -2.3007169235661014,
        -2.248682369474494,
        -1.7683479941393894,
        -0.512028202872056,
        -1.5827270375196305,
        -2.613430288461024,
        -0.9707606747745907,
        -2.0937059634728197,
        2.3785568841181437,
        2.833490577583455,
        -2.8981294278830885,
        1.2510286361875504,
        0.4571634041388086,
        2.5007524773851486,
        1.0486571744320248,
        0.3005736555656977,
        1.2718890166746162,
        -0.7132849799065748,
        1.2216942432770699,
        2.0412213292864516,
        -0.21571133114546903,
        2.767896497391848,
        1.9084532601475015,
        3.0370357265324968,
        -2.075736612374536,
        0.13247914925031923,
        2.7992684884377166,
        0.9395904409587343,
        2.2671738383730498,
        2.9584127451094044,
        -1.975799852373875,
        -1.614051814515542,
        2.346146691061457,
        2.5527154170067154,
        1.622808451808627,
        -0.961943394595556,
        -0.229118149317471
    ],
    "oo": false,
    "mo": [
        [
            [
                0.0003330487089415538,
                0.12115255882389588,
                -0.28742954289027417,
                4.0644840645091964e-16,
                1.2689342118424253e-16,
                0.10955331874196816,
                1.3615691994211059,
                7.257481195112346e-16,
                2.3428578884846333e-16,
                0.4022265903559423,
                -0.49839983802750093
            ],
            [
                0.001657540450973704,
                -0.011188816313284585,
                -0.11911005842159518,
                7.882048364318603e-17,
                -3.072665102872823e-17,
                1.3194980757446468,
                -0.8836221607232944,
                -5.962319682792682e-16,
                -6.406837498026369e-16,
                0.009575354971951059,
                -0.6082325698376778
            ],
            [
                0.9955228064995069,
                -0.23136826460739124,
                -0.05898654705352892,
                1.2019655875664952e-16,
                1.031977063229902e-17,
                0.06179422532322399,
                0.032181309826232414,
                3.1397502420705177e-17,
                -1.4744119725672108e-16,
                0.06531472199379317,
                0.08525807421438705
            ],
            [
                0.02128487270991094,
                0.4987810634724496,
                0.13284852059555372,
                1.6273278422832645e-16,
                -2.0760242435054213e-16,
                -0.07972585987447144,
                -0.1243266232974159,
                1.0335871411686322e-16,
                -2.6313655465206693e-16,
                -0.622612396257138,
                -1.4850517684671827
            ],
            [
                -0.005698076316178798,
                0.5363668302622482,
                0.22902674978827983,
                -4.2845920522271157e-16,
                2.105075196012407e-16,
                -0.6943836798742831,
                0.06329351051642464,
                -6.539144776524689e-17,
                5.213269589592474e-16,
                0.4531927862160869,
                1.9527025798912394
            ],
            [
                -4.7057041228097977e-17,
                -5.740900718776169e-17,
                3.997110617170827e-16,
                0.6606496937742585,
                0.007598379790098293,
                9.043291529019381e-18,
                -1.787097222213679e-16,
                -0.2634963365069235,
                0.9091366435390588,
                1.2045041680825213e-16,
                -3.495944494956541e-16
            ],
            [
                6.599383765100565e-18,
                -2.183571756195248e-17,
                -3.6249266246157354e-17,
                -0.007598379790098335,
                0.6606496937742581,
                -1.580716109452491e-16,
                4.575060394682507e-16,
                -0.909136643539059,
                -0.2634963365069236,
                -9.857425793179029e-17,
                -1.793945218959831e-17
            ],
            [
                -0.0014379476992430252,
                -0.07600705558596044,
                0.5446260273341144,
                -3.827548383163995e-16,
                -2.177053859295648e-16,
                0.27950142204820305,
                0.39986301122109935,
                2.0581094419965376e-16,
                2.318330035112659e-16,
                -0.8191896121281225,
                0.41573178338537325
            ],
            [
                6.301241218093733e-17,
                -3.275958666299494e-17,
                2.479987488535792e-16,
                0.48994153815159236,
                0.005635001297817626,
                -2.523754032732539e-16,
                2.1358259107831413e-16,
                0.29095202455144287,
                -1.0038665073608806,
                -1.359221165257502e-16,
                3.1001217806068623e-16
            ],
            [
                -6.280558406338253e-18,
                -9.77586524712059e-18,
                -2.939869506269352e-17,
                -0.005635001297817582,
                0.4899415381515931,
                1.7234789415634286e-16,
                -5.177894139532907e-16,
                1.0038665073608803,
                0.2909520245514429,
                -4.6744947455155845e-18,
                1.1714177294447415e-17
            ],
            [
                0.0013631137395100047,
                -0.04757791776958629,
                0.3571079095168746,
                -6.771199544831803e-17,
                3.53284893128222e-16,
                0.45627085198778194,
                0.2208193801151182,
                7.854727701215132e-17,
                -4.2459322367650723e-16,
                1.1271904191308566,
                -0.9263059498022009
            ]
        ],
        [
            [
                0.0003330488706259712,
                0.1211525488778535,
                -0.2874296088682247,
                5.417540533648537e-18,
                -5.731206531601506e-17,
                0.10955348351490853,
                1.3615690366863453,
                -3.7627849410795485e-16,
                1.940454317357194e-16,
                0.40222670049166775,
                -0.49840012186496163
            ],
            [
                0.0016575415342967466,
                -0.011188958292607368,
                -0.11910983866297277,
                6.254746089180208e-17,
                -2.0953883660031477e-16,
                1.3194979642872637,
                -0.8836224068351388,
                -6.236027026442588e-17,
                1.1970961407443038e-16,
                0.00957515805741034,
                -0.6082324976094556
            ],
            [
                0.9955228037927206,
                -0.2313683247213797,
                -0.05898652548715892,
                1.1880083624770125e-17,
                8.905171948458997e-17,
                0.061794191918733615,
                0.032181307067593506,
                -1.696499534280792e-16,
                9.534068204075093e-17,
                0.06531469785513226,
                0.0852580013521873
            ],
            [
                0.021284886261470643,
                0.49878155824918163,
                0.132848635821354,
                -1.0590613181447463e-16,
                2.7344188631161826e-17,
                -0.07972582697733628,
                -0.1243267582448745,
                1.054511910948592e-15,
                -1.5913501797679265e-16,
                -0.6226125601987151,
                -1.485051513520961
            ],
            [
