{
    "dist": 0.95,
    "thetas": [
        0.294613256958542,
        1.8717547535460444,
        2.0131443841702277,
        -2.3747307235790482,
        0.6408975103747956,
        0.1603128553151607,
        -0.2267701743268664,
        -0.1794116790893332,
        0.8338593844408817,
        2.6745250395828872,
        1.982363284615495,
        2.792509888472135,
        2.6363311996993595,
        -0.5351338889914508,
        2.0471369344465034,
        2.803935021872041,
        0.8045370803309129,
        -1.556534800769932,
        0.5802578357350745,
        2.2644839303848023,
        -2.8371570470623593,
        2.2292650194782846,
        1.3836454793888402,
        -1.2819367038142457,
        -0.09169383958187582,
        2.1631467507044597,
        0.6439708501900405,
        -2.1542163484495758,
        0.16400525666869292,
        -1.962884432298467,
        1.0709501151623249,
        0.30630008724336744,
        -2.1587397116031073,
        2.717454011962359,
        0.2698832560893676,
        0.9585453434528839,
        1.076608259682457,
        2.003991946138771,
        -3.0564006241564026,
        2.1855732178661036
    ],
    "oo": false,
    "mo": [
        [
            [
                0.00033304870894093733,
                0.1211525588239782,
                -0.28742954289026507,
                3.748635976786431e-18,
                4.957021585705895e-17,
                0.10955331874202265,
                1.3615691994211205,
                1.1636154489430997e-15,
                -1.2151125342817675e-15,
                0.40222659035594704,
                -0.4983998380274293
            ],
            [
                0.0016575404509741925,
                -0.011188816313283893,
                -0.11911005842142365,
                -6.026860626352005e-17,
                2.9247206263911955e-17,
                1.3194980757446666,
                -0.8836221607233098,
                -9.973650286113955e-16,
                1.010198241219971e-15,
                0.009575354972127068,
                -0.608232569837646
            ],
            [
                0.9955228064995053,
                -0.23136826460738322,
                -0.058986547053557215,
                -3.883133057964446e-17,
                1.1129391956641132e-17,
                0.06179422532322921,
                0.032181309826240095,
                8.751760830026514e-17,
                -5.540627540847843e-17,
                0.06531472199378201,
                0.08525807421439928
            ],
            [
                0.021284872709914256,
                0.4987810634724287,
                0.13284852059559557,
                1.9264692388762322e-16,
                -1.82669814208195e-16,
                -0.07972585987443657,
                -0.1243266232974536,
                1.6614289326322997e-16,
                5.736193663939742e-16,
                -0.6226123962569182,
                -1.485051768467277
            ],
            [
                -0.005698076316179189,
                0.5363668302622073,
                0.22902674978831172,
                -8.586988693265358e-17,
                1.7274619951627157e-16,
                -0.694383679874375,
                0.06329351051644075,
                -9.958765327940615e-17,
                -6.368684336756894e-16,
                0.4531927862157761,
                1.9527025798912867
            ],
            [
                2.727420117671557e-16,
                -3.472420199883561e-17,
                -1.7407906630710582e-16,
                0.6248035644564305,
                0.21479352667635368,
                -1.259115336756105e-16,
                5.07117795742301e-16,
                -0.9041017248661565,
                -0.28028526017613653,
                -3.1041892920493926e-16,
                -1.2319996970824057e-16
            ],
            [
                -3.23924661281632e-18,
                -7.08929056745241e-18,
                4.596446831682363e-17,
                -0.21479352667635349,
                0.6248035644564316,
                -2.1399440669027855e-16,
                7.236477086954035e-16,
                -0.28028526017613625,
                0.9041017248661568,
                8.443336611488773e-16,
                8.874034382328096e-18
            ],
            [
                -0.0014379476992436634,
                -0.07600705558604083,
                0.5446260273341508,
                1.015992037029474e-16,
                -1.1657805543797463e-16,
                0.279501422048152,
                0.39986301122106,
                3.1543778047234527e-16,
                3.8470808595687294e-16,
                -0.8191896121281905,
                0.4157317833852493
            ],
            [
                -7.428131176660301e-17,
                -1.428360937792406e-17,
                -1.5384502684810976e-16,
                0.4633578465214855,
                0.15929209055344737,
                8.647251243076934e-17,
                -5.095606536864199e-16,
                0.9983069622046358,
                0.3094903139119639,
                3.073762159581845e-16,
                1.8121349140721547e-16
            ],
            [
                -7.212185805250567e-17,
                -1.0761153667305816e-18,
                3.234504145091214e-17,
                -0.15929209055344706,
                0.46335784652148543,
                2.2131058422103324e-16,
                -8.061952478300921e-16,
                0.30949031391196385,
                -0.9983069622046369,
                -8.036606233565248e-16,
                -5.005166281304328e-18
            ],
            [
                0.0013631137395100268,
                -0.04757791776963182,
                0.3571079095169,
                1.6837727855955587e-16,
                2.1900135077465526e-16,
                0.45627085198772144,
                0.22081938011517627,
                1.167003080232533e-16,
                -8.206472912076343e-16,
                1.127190419130997,
                -0.9263059498020337
            ]
        ],
        [
            [
                0.0003330488706255169,
                0.12115254887788472,
                -0.28742960886810187,
                1.1295378987072072e-17,
                -4.289572114611727e-16,
                0.10955348351491655,
                1.361569036686404,
                -2.1855961793353923e-16,
                4.1077662619112283e-16,
                0.40222670049171155,
                -0.4984001218648296
            ],
            [
                0.001657541534297152,
                -0.011188958292560438,
                -0.11910983866289998,
                -2.680427206993029e-17,
                -4.801125641719333e-16,
                1.3194979642873144,
                -0.8836224068350857,
                2.9794333445443406e-17,
                -4.73965833027395e-17,
                0.009575158057609142,
                -0.6082324976094374
            ],
            [
                0.9955228037927204,
                -0.23136832472135896,
                -0.05898652548718619,
                -5.563376649789846e-18,
                2.833790645047487e-17,
                0.061794191918744426,
                0.03218130706759633,
                2.295792365126521e-17,
                -8.089082386168071e-17,
                0.06531469785512752,
                0.0852580013522186
            ],
            [
                0.0212848862614705,
                0.49878155824904324,
                0.13284863582135467,
                1.8304632710490496e-17,
                1.9936561301128407e-16,
                -0.07972582697730365,
                -0.12432675824485502,
                2.6931636601694137e-16,
                3.2597047095164636e-17,
                -0.6226125601984505,
                -1.4850515135211224
            ],
            [
