{
    "OVOS": [
        -0.8715615624446051,
        -1.40583
    ],
    "UHF": [
        -1.349714172623538,
        -1.404523
    ],
    "UMP2": [
        -1.347862495602017,
        -1.404523
    ]
}