{
    "dist": -0.2,
    "thetas": [
        0.10303561663791783,
        0.4440175435037328,
        -2.9626838121493106,
        -2.0638903033331175,
        1.1641296091591355,
        2.0979358614283568,
        -1.2128670123447274,
        2.47314391898043,
        1.392001137158437,
        -1.9481710072691576,
        0.34072200379900464,
        -0.9290823338613339,
        -1.9987289817083937,
        1.7944887938507428,
        2.924717343797493,
        -1.6816715396059143,
        -2.6165606813494104,
        0.6506139255218115,
        1.4388039280401017,
        -1.40593290510329,
        1.1643140023190055,
        0.11226465135129837,
        -2.836955320406834,
        -2.275334685827516,
        -1.966841668758823,
        3.1058909736072735,
        0.129844516818022,
        0.495049251658644,
        1.475411656763927,
        0.2636535907361983,
        2.5959203631973624,
        1.934719368471801,
        -0.609482604949342,
        -0.8970859114113354,
        2.84550831983512,
        -0.9824917722923239,
        2.293989801545284,
        2.0751960685763695,
        0.2397754572129318,
        2.6544533544477575
    ],
    "oo": false,
    "mo": [
        [
            [
                -0.0021792748330709856,
                0.49468264843366283,
                0.39622041858216595,
                -3.0097264672478955e-16,
                -8.800835432886736e-17,
                -0.0517143616542895,
                0.9005064610950217,
                -5.761907090188851e-16,
                1.8025964650383437e-16,
                -1.193025340204759,
                9.243593320191229
            ],
            [
                0.005498959763591571,
                0.08653753307758495,
                0.059184548172258246,
                3.208528916293561e-17,
                -4.3347126655298465e-16,
                -1.9900161129959684,
                0.8527678566240485,
                -7.631971094051505e-16,
                4.2534058281741117e-16,
                -1.6780609481626967,
                1.111983870150639
            ],
            [
                0.9956109905617098,
                -0.27877377494605216,
                0.05203792993285059,
                -3.2796687008424035e-17,
                -2.0166944291693785e-17,
                -0.0780521317426738,
                -0.06940304482739833,
                5.4028302270379554e-17,
                4.792067740841315e-18,
                0.1844468549717352,
                -0.8699053965958593
            ],
            [
                0.024395308211864402,
                0.39298525180679833,
                -0.3021405237083108,
                2.1937900578164178e-16,
                9.946962690635304e-17,
                0.0987113773758096,
                -0.17878533540109431,
                -3.3632504531414794e-17,
                -1.5956522982719506e-16,
                -1.1612420226413374,
                -4.729393088763888
            ],
            [
                -0.00974386143894425,
                0.029596955878675224,
                -0.6237359231411077,
                4.052556471444129e-16,
                3.7309857322026925e-16,
                1.4828126564739992,
                -1.439128135243505,
                1.1927901407783905e-15,
                -3.6014631402667533e-16,
                3.6398344766851407,
                -5.115842020198407
            ],
            [
                2.2549859018096387e-19,
                -1.4030044814961222e-19,
                5.687675912413156e-16,
                0.6952497934734415,
                0.2339632092579355,
                -2.227691306510694e-17,
                -2.791101870201782e-16,
                -0.8253488304881688,
                -0.3363982143801726,
                2.7985378055904675e-16,
                7.172443255962109e-19
            ],
            [
                -1.3768943120178726e-19,
                3.740856738619558e-17,
                -5.973693073744831e-17,
                -0.2339632092579356,
                0.6952497934734418,
                -2.1892482781449733e-16,
                2.614080465213262e-16,
                0.33639821438017226,
                -0.8253488304881685,
                5.1993618648684576e-17,
                9.391388500301568e-19
            ],
            [
                0.015623757624623315,
                0.32386499464596935,
                0.6481991450926833,
                -4.659723990174516e-16,
                -1.3451200177353282e-16,
                0.04495506820840254,
                0.5514907754696504,
                -2.0382194445728729e-16,
                1.913098881488733e-16,
                0.4504585905115358,
                -2.150539389459105
            ],
            [
                -5.316257697425505e-20,
                1.3191450107532407e-18,
                2.3661433291675637e-16,
                0.3844988039399716,
                0.1293902924820786,
                -7.320053221657972e-17,
                3.9433959770444877e-16,
                1.00075879440277,
                0.4078923468798346,
                -1.5804665505153237e-16,
                2.6421702253133466e-19
            ],
            [
                2.869239368504077e-20,
                4.549476961318153e-19,
                -1.5623436015874033e-17,
                -0.12939029248207853,
                0.3844988039399709,
                1.3339630323498862e-16,
                -3.063091854391408e-16,
                -0.40789234687983456,
                1.0007587944027703,
                -2.1390868004896887e-17,
                -6.27415836198881e-19
            ],
            [
                -0.006167192128585673,
                -0.05128499108891605,
                0.17741364765390155,
                -9.15666483544068e-17,
                -7.644745905974015e-18,
                0.02485445173952566,
                -1.3324947962438163,
                7.46490557633344e-16,
                -3.4927138080767697e-16,
                0.22838629308221495,
                -1.4626704449480457
            ]
        ],
        [
            [
                -0.0021792706367362007,
                0.49468254198147155,
                0.3962203580838518,
                1.0201405050908595e-16,
                3.023963261232239e-17,
                -0.0517142374708538,
                -0.9005063697916543,
                1.857649183840252e-16,
                -2.2820410325869027e-16,
                -1.1930255494494166,
                9.243593311065663
            ],
            [
                0.005498959398651384,
                0.0865375507633307,
                0.05918471010906914,
                -6.683951013194194e-16,
                -8.792314451970408e-17,
                -1.9900160972237366,
                -0.8527677479882105,
                1.6563166296983472e-15,
                -2.9550182348170573e-16,
                -1.6780610199805712,
                1.1119838633166608
            ],
            [
                0.9956109909562882,
                -0.27877375871338916,
                0.05203792890117057,
                -9.68253139609374e-18,
                -1.0925727255193509e-17,
                -0.07805215546884887,
                0.06940305556091567,
                5.183100514949653e-17,
                6.228054511347474e-18,
                0.18444688237040907,
                -0.8699053926134304
            ],
            [
                0.024395301750783614,
                0.39298516226206887,
                -0.30214054968454923,
                -5.453651338172411e-17,
                2.444495816160442e-17,
                0.09871137102215746,
                0.17878531309088316,
                -1.1137595509909936e-16,
                1.2573814966142656e-16,
                -1.1612419665148601,
                -4.7293931093355
            ],
            [
                -0.00974386139096243,
