{
    "dist": -0.0125,
    "thetas": [
        1.2344523002620233,
        -1.3437261884234306,
        -1.71624293364286,
        0.3224202031429355,
        1.3789642063384902,
        -0.4831363599630145,
        3.0207305475081876,
        1.1613194978062573,
        -0.1198083964293164,
        -0.6778456245845823,
        -0.9853415847636118,
        1.4391617560491943,
        -0.3859619696820067,
        -2.766625370449171,
        -0.6406068368903868,
        1.4953692364717712,
        -1.9949632941225846,
        -2.0391967572450125,
        0.1982431285443691,
        0.1999786276100073,
        0.844466128040513,
        2.1955447144109703,
        1.4102943992825638,
        0.6975812910408847,
        1.3976529930445434,
        -1.112381951244826,
        -0.8684074882794137,
        -1.7073724751617976,
        -1.296132872807237,
        0.8229472569938512,
        -2.5628802482082387,
        -0.4165678177032248,
        -0.4344020696261799,
        -0.039677701659869946,
        -0.46602203025102895,
        -1.1795975254072706,
        -0.46274838598426316,
        2.471737009701255,
        2.7907397004152337,
        0.011540174930514624
    ],
    "oo": false,
    "mo": [
        [
            [
                -1.001526626904929,
                0.6650728835465516,
                0.0005640540906994407,
                -1.2173323400518303e-18,
                -6.159472204667415e-17,
                0.04979709971261338,
                -0.01664712117777995,
                -8.370767777972192e-17,
                -1.6553821808157844e-15,
                -1.5833485176509554,
                14.421088593279922
            ],
            [
                -0.15976120878559308,
                0.11664220144484522,
                -0.0014321151828362983,
                1.2856316171102627e-17,
                2.4078134218490686e-16,
                -2.0262394252090687,
                -0.03160967158320917,
                -1.0813386074464524e-16,
                -3.3551448714074945e-15,
                -1.9579935986034098,
                1.765965842249035
            ],
            [
                1.170125334786911,
                -0.3191314241205534,
                -3.875949678381238e-06,
                4.119532091127019e-19,
                1.957490238116321e-18,
                -0.07732082543584196,
                0.004191950049402255,
                2.2535297069615222e-17,
                4.1242925099828333e-16,
                0.27276631352753244,
                -2.299816806150341
            ],
            [
                0.4982726570521527,
                0.37031192809504826,
                -0.006272564831388608,
                3.7496897034970866e-18,
                5.738428034582975e-16,
                0.06801515710055901,
                0.005092232276790865,
                2.1944520311402465e-17,
                5.205205934507848e-16,
                -0.862544780302553,
                -8.243572632075477
            ],
            [
                0.6071757765714056,
                -0.045532352220175945,
                -0.010236244677031419,
                -4.7188800557163454e-21,
                9.065916301048458e-16,
                1.4296815645827328,
                0.03850210469068885,
                1.5752636308685343e-16,
                3.970772185111382e-15,
                4.108794784443199,
                -7.666206059963358
            ],
            [
                -1.163161734136586e-19,
                -2.209090391906921e-17,
                7.27332937298401e-14,
                -0.00896009857251504,
                0.784443589796491,
                5.565265922037863e-17,
                8.477175668495674e-14,
                -0.07909592899230256,
                -0.8430820329689752,
                -1.536572689826162e-17,
                1.5663959725153571e-19
            ],
            [
                6.241695459039188e-20,
                -1.2693564861544363e-18,
                1.2972943893045757e-15,
                0.7844435897964916,
                0.008960098572515042,
                1.9036760282699298e-17,
                3.721877572804669e-15,
                0.8430820329689749,
                -0.07909592899230257,
                -9.266382436252044e-19,
                -1.5994719835961666e-20
            ],
            [
                0.021502068619280293,
                0.0024579091403968373,
                0.7857036064591684,
                -5.418028225617237e-16,
                -7.270170424699983e-14,
                0.0019560753642555782,
                -0.8452577955537568,
                -4.107275477277044e-15,
                -8.476564319000988e-14,
                0.02878509647102801,
                -0.24680443838685015
            ],
            [
                5.06837123066381e-20,
                -1.779580953272686e-19,
                3.16293492912891e-14,
                -0.0039027712396562724,
                0.34168194206943203,
                -1.0331503199566684e-17,
                -1.1034582432246852e-13,
                0.10299047141281037,
                1.0977735152917334,
                2.6602045501539575e-18,
                -8.284191411121379e-20
            ],
            [
                -1.991130163780576e-20,
                -7.198669171116459e-20,
                5.951242865621885e-16,
                0.341681942069432,
                0.0039027712396562573,
                -1.0374887558721001e-17,
                -4.976107379378076e-15,
                -1.0977735152917334,
                0.10299047141281042,
                2.0661222833929983e-18,
                1.5206964258294226e-20
            ],
            [
                0.007811110550537005,
                -0.0034923399683006013,
                0.3399414349190001,
                -1.7688781125172053e-16,
                -3.156851581609848e-14,
                0.004173588584074784,
                1.1034676875495537,
                5.391199030938863e-15,
                1.1064482387415224e-13,
                0.02724933726370364,
                -0.13464052626462988
            ]
        ],
        [
            [
                -1.0015266266494962,
                0.6650728755731519,
                0.0005640301827229208,
                7.257658811904023e-17,
                -6.9984172376756705e-19,
                0.0497971003770139,
                0.016647091430593258,
                -2.936169999022623e-16,
                -1.8871074881211543e-15,
                -1.5833485193682235,
                14.421088593509813
            ],
            [
                -0.15976120877294958,
                0.11664219758733059,
                -0.001432035587310838,
                -2.632729962300607e-16,
                3.279590454871344e-17,
                -2.0262394259083902,
                0.03160961248851529,
                -6.197192851944514e-16,
                -3.165064891773319e-15,
                -1.9579935989711537,
                1.765965842417149
            ],
            [
                1.1701253347622935,
                -0.3191314225051021,
                -3.87625048680816e-06,
                -1.6022566439992075e-18,
                -4.913335977802775e-20,
                -0.0773208260125303,
                -0.004191949489970522,
                7.195161987508643e-17,
                4.850424061860386e-16,
                0.2727663147021288,
                -2.299816806229353
            ],
            [
                0.4982726568048686,
                0.3703119253586779,
                -0.00627257511037689,
                -6.919987638205906e-16,
                5.618248825924011e-19,
                0.06801515752453301,
                -0.0050922427576467815,
                9.035433851417506e-17,
                5.487104993244381e-16,
                -0.8625447823578859,
                -8.243572631980497
            ],
