{
    "dist": 1.275,
    "thetas": [
        0.294613256958542,
        1.8717547535460444,
        2.0131443841702277,
        -2.3747307235790482,
        0.6408975103747956,
        0.1603128553151607,
        -0.2267701743268664,
        -0.1794116790893332,
        0.8338593844408817,
        2.6745250395828872,
        1.982363284615495,
        2.792509888472135,
        2.6363311996993595,
        -0.5351338889914508,
        2.0471369344465034,
        2.803935021872041,
        0.8045370803309129,
        -1.556534800769932,
        0.5802578357350745,
        2.2644839303848023,
        -2.8371570470623593,
        2.2292650194782846,
        1.3836454793888402,
        -1.2819367038142457,
        -0.09169383958187582,
        2.1631467507044597,
        0.6439708501900405,
        -2.1542163484495758,
        0.16400525666869292,
        -1.962884432298467,
        1.0709501151623249,
        0.30630008724336744,
        -2.1587397116031073,
        2.717454011962359,
        0.2698832560893676,
        0.9585453434528839,
        1.076608259682457,
        2.003991946138771,
        -3.0564006241564026,
        2.1855732178661036
    ],
    "oo": false,
    "mo": [
        [
            [
                0.00027127084705769563,
                0.05301594778517657,
                -0.24227633747201174,
                4.960802168479569e-16,
                1.2125514365153096e-15,
                -0.2222870351909295,
                1.2421078173013964,
                3.0235055617881356e-16,
                -2.137112989440959e-16,
                0.31512917633972054,
                -0.359669750642877
            ],
            [
                0.0009251975291726351,
                0.010325613315601613,
                -0.235918064648429,
                4.1068790101801066e-16,
                1.180819434550975e-15,
                -0.9631067589930914,
                -1.1831403174673358,
                -1.4588329175693007e-16,
                9.471722069525708e-17,
                -0.11999862417094652,
                -0.30905934891832826
            ],
            [
                0.9955758284702467,
                -0.23679070924653925,
                -0.037555897921557,
                5.823567987841526e-17,
                1.338245472921805e-16,
                -0.04570931858177817,
                0.004278041351257154,
                4.680026025085819e-17,
                -7.077010928726256e-17,
                0.06970701877333163,
                0.09227749022584754
            ],
            [
                0.0206986633253951,
                0.513307463439843,
                0.09604962535978949,
                -3.112051734162912e-16,
                -5.241111218466772e-16,
                0.06886085379598667,
                -0.08465900482747758,
                -3.946574557328346e-16,
                7.284967160093573e-16,
                -0.8040432647129429,
                -1.3178635805748524
            ],
            [
                -0.004745132846720389,
                0.5602070215590247,
                0.13425630939200847,
                -1.528826409073661e-16,
                -6.674726982840123e-16,
                0.37879888107427007,
                0.31965173617090276,
                3.749937479300033e-16,
                -7.021117577327681e-16,
                0.7790317722454244,
                1.462284928968207
            ],
            [
                1.3319975811964065e-16,
                4.2486052499660546e-17,
                3.491228686552927e-15,
                0.2946254127199158,
                0.5955812865747199,
                3.3749373901705547e-17,
                -3.1272537056410635e-16,
                0.9284862199043414,
                -0.16990481437222288,
                -6.819304000667967e-16,
                8.629777854447666e-17
            ],
            [
                -2.1014338496979e-17,
                -8.200941549473074e-18,
                -2.482499989128299e-16,
                0.5955812865747199,
                -0.2946254127199157,
                -1.2400999595328648e-17,
                1.0376896216647003e-16,
                0.16990481437222255,
                0.9284862199043411,
                6.768004750471033e-16,
                1.0868545850846546e-16
            ],
            [
                -0.001003490459296235,
                -0.025958384058169474,
                0.5132776588805366,
                -9.861757831860806e-16,
                -2.3994119944616246e-15,
                -0.35964100656644765,
                0.27303090780860434,
                -5.314063445748301e-16,
                5.557873421539673e-16,
                -0.787880665539996,
                0.5410124499048813
            ],
            [
                4.3053569034390325e-17,
                -3.7093950688508685e-19,
                2.4996799149711877e-15,
                0.21540016369432788,
                0.43542851730658316,
                1.690791450234252e-16,
                3.6255948270369864e-16,
                -1.0300259364756374,
                0.18848568969984114,
                7.824615373012045e-16,
                -6.68046280607594e-17
            ],
            [
                1.2819396141222764e-17,
                -2.049194152968381e-18,
                -1.7636101716763425e-16,
                0.4354285173065833,
                -0.21540016369432807,
                -2.118451436239906e-17,
                -1.215301538467544e-16,
                -0.18848568969984114,
                -1.0300259364756372,
                -6.781404645411258e-16,
                -1.0296836743111574e-16
            ],
            [
                0.0008474874111896524,
                -0.03319078835465819,
                0.3919117751656674,
                -8.510099013992019e-16,
                -1.9453421582428133e-15,
                -0.45675287390432023,
                -0.14444478937959312,
                5.840034163378667e-16,
                -6.394056741676759e-16,
                0.9176468828521015,
                -0.7918147107775614
            ]
        ],
        [
            [
                0.0002715862438723673,
                0.052703530181714836,
                -0.2395467852102527,
                -1.1919677743856244e-16,
                1.9800605535710893e-15,
                -0.22282165521621508,
                1.2421753511814912,
                -4.628369097699229e-16,
                -3.177312286472158e-17,
                0.3165673109934741,
                -0.3597169963547651
            ],
            [
                0.0009256637760752938,
                0.010096559167421285,
                -0.23208523349469204,
                -1.2452946611116699e-16,
                1.9727235951580668e-15,
                -0.9649075281698654,
                -1.1824309675212867,
                5.502239381038685e-16,
                -1.709210794724537e-17,
                -0.11996503070882736,
                -0.3090797729842371
            ],
            [
                0.9955722430462154,
                -0.23684188623288494,
                -0.03728198028572803,
                -9.688894831122664e-18,
                8.862201089550269e-17,
                -0.04580549979660046,
                0.004294722310074146,
                3.9773289542214196e-17,
                -3.407129154510703e-17,
                0.06957598959123353,
                0.09234630349216258
            ],
            [
                0.020714576097692134,
                0.5135629584836457,
                0.0954221687981644,
                7.238522203485667e-17,
                -8.9219600251154e-16,
                0.06928051087942635,
                -0.08472500131074331,
                -4.4134386180216904e-16,
                4.596208248919253e-16,
                -0.8020356399821781,
                -1.3190059859280379
            ],
            [
