{
    "dist": 1.275,
    "thetas": [
        -2.8354451983958078,
        -1.325063087034727,
        1.3883725037911319,
        -3.0057737497215755,
        -1.8477417604476294,
        -2.822574873123744,
        -1.2423623306579668,
        1.0298787548813921,
        -1.2056528250732828,
        0.5252194785450901,
        -2.7044654537614434,
        2.30847045561727,
        -2.304417780706233,
        -2.022402397232817,
        -0.02557539272590459,
        2.285192262914668,
        1.6269921026744445,
        2.9561452268403734,
        1.6292459897763445,
        -0.7272784976778075,
        -0.573539651253947,
        1.3405831056173065,
        -1.4409243148323205,
        2.2248939625261066,
        2.5959857833208897,
        1.6383787056745502,
        0.10473151153364979,
        -2.0870494395307757,
        -1.2648536355851678,
        -1.357525884977483,
        -1.0856553998608915,
        -0.2504456690610555,
        0.278774624247891,
        -1.7756227029474454,
        1.8841282659115013,
        1.4243004011860876,
        2.194670844684585,
        -1.460703581689548,
        0.7214649379889844,
        0.9597947146749215
    ],
    "oo": false,
    "mo": [
        [
            [
                0.000271270847057752,
                0.053015947785176556,
                -0.24227633747200986,
                -4.606341539246218e-16,
                3.7591155836810664e-18,
                -0.22228703519092777,
                -1.2421078173013953,
                -2.2355036356117763e-18,
                -2.7387997214318483e-16,
                0.31512917633972004,
                -0.3596697506428828
            ],
            [
                0.000925197529172589,
                0.010325613315599974,
                -0.23591806464841777,
                -3.747973631251329e-16,
                9.832701822999626e-18,
                -0.9631067589930972,
                1.1831403174673332,
                9.070827326904912e-17,
                3.216972115589027e-16,
                -0.1199986241709495,
                -0.3090593489183251
            ],
            [
                0.9955758284702477,
                -0.23679070924653925,
                -0.037555897921555156,
                -1.444621544338145e-16,
                -3.3808668205826538e-18,
                -0.04570931858177875,
                -0.004278041351257808,
                1.426648075201634e-16,
                7.07553087972922e-18,
                0.06970701877333177,
                0.0922774902258472
            ],
            [
                0.020698663325395314,
                0.513307463439844,
                0.09604962535978709,
                2.8605590811538956e-16,
                9.462412567979502e-17,
                0.06886085379598748,
                0.08465900482748044,
                -1.1488690753943049e-15,
                -1.3769663307277895e-16,
                -0.8040432647129518,
                -1.3178635805748473
            ],
            [
                -0.004745132846720506,
                0.5602070215590241,
                0.13425630939199926,
                1.8120051481420538e-16,
                -1.1318973142346237e-16,
                0.37879888107427323,
                -0.319651736170903,
                1.0795198698046643e-15,
                7.23255812293134e-17,
                0.7790317722454365,
                1.4622849289682012
            ],
            [
                9.391787440913415e-17,
                -4.950347727551383e-18,
                -1.2450120808943538e-15,
                0.6458449605032873,
                -0.15622256473022442,
                3.077404109633514e-17,
                -1.3685165656786573e-16,
                -0.26431837273951475,
                0.9061402233271878,
                2.255820936411894e-16,
                1.1103280054842506e-17
            ],
            [
                4.0803564358554035e-17,
                1.6107072654276533e-18,
                -2.8393116501074226e-16,
                0.15622256473022458,
                0.6458449605032878,
                -3.5783118774197314e-17,
                3.0842701338640475e-16,
                -0.9061402233271868,
                -0.2643183727395149,
                9.918544015065302e-16,
                2.1681942094203124e-16
            ],
            [
                -0.0010034904592962253,
                -0.025958384058164974,
                0.5132776588805429,
                9.185724032275077e-16,
                3.7283629428395725e-17,
                -0.3596410065664431,
                -0.2730309078086081,
                -8.164376059985186e-16,
                -6.600580771392953e-17,
                -0.7878806655399894,
                0.5410124499048857
            ],
            [
                5.331917811320707e-17,
                -8.45166741068462e-19,
                -9.136281442457231e-16,
                0.4721762081868105,
                -0.11421406492055562,
                -7.189911430909805e-17,
                1.4888437421907717e-16,
                0.29322436194775725,
                -1.005236170556189,
                -2.1299483938350962e-16,
                4.504303314004801e-17
            ],
            [
                -1.0573970017952929e-17,
                7.095633284106778e-19,
                -2.0446503985768706e-16,
                0.11421406492055527,
                0.4721762081868103,
                3.243441819579621e-17,
                -3.4073781106990043e-16,
                1.0052361705561887,
                0.29322436194775786,
                -1.1040293415994887e-15,
                -2.0504637024383544e-16
            ],
            [
                0.0008474874111896619,
                -0.033190788354657004,
                0.39191177516567033,
                9.967462227089103e-16,
                -8.840999157205746e-17,
                -0.4567528739043132,
                0.14444478937959562,
                8.921302087883411e-16,
                1.1884266855602222e-16,
                0.9176468828520974,
                -0.7918147107775687
            ]
        ],
        [
            [
                0.00027158624387245753,
                0.052703530181715696,
                -0.2395467852102555,
                -9.28977969335752e-16,
                -3.3768927243609783e-16,
                -0.22282165521620756,
                1.2421753511814917,
                -1.3361885038477696e-16,
                4.3899487440223396e-16,
                0.3165673109934764,
                -0.35971699635476456
            ],
            [
                0.0009256637760751925,
                0.010096559167419127,
                -0.23208523349469293,
                -1.0433632438379387e-15,
                -3.1227603980470436e-16,
                -0.9649075281698706,
                -1.1824309675212827,
                1.4002778298778416e-16,
                -3.4508527245713455e-16,
                -0.11996503070882455,
                -0.3090797729842379
            ],
            [
                0.9955722430462155,
                -0.2368418862328852,
                -0.03728198028572759,
                -2.575312698398794e-16,
                -1.0510138562792403e-16,
                -0.045805499796600375,
                0.004294722310074654,
                2.0997404586228183e-17,
                2.805842375856473e-17,
                0.06957598959123253,
                0.09234630349216319
            ],
            [
                0.020714576097692085,
                0.5135629584836475,
                0.0954221687981655,
                1.7306328779244106e-16,
                2.1270712754148968e-16,
                0.06928051087942512,
                -0.08472500131074502,
                -2.1508784759758266e-16,
                -1.6959435428341566e-16,
                -0.80203563998217,
                -1.3190059859280443
            ],
