{
    "dist": 0.2,
    "thetas": [
        1.704757879308132,
        -3.011204310279467,
        0.8397366260192594,
        1.563280899135842,
        -0.009380718364163876,
        -1.7291536732871136,
        -1.8971269718342263,
        1.6369627429575306,
        -2.0790379300152217,
        -2.586537231132677,
        1.1646500873100205,
        2.8487544111850127,
        -3.1167849646094092,
        0.07660625016677525,
        1.9642554329689128,
        0.70702212977712,
        1.3933297522764283,
        -1.3076812305427234,
        2.6249522282931705,
        1.3482194095209188,
        0.2673141479915979,
        -2.2483118993788564,
        -0.7958234754631421,
        1.0941137716709264,
        -0.3654729438307087,
        -0.4146023075677032,
        0.7399517487893483,
        0.08255001257991035,
        0.94497336375301,
        0.6348464674842362,
        1.917773905749895,
        0.1360130698619595,
        2.567616643692406,
        -1.1357731497354906,
        -2.5732197993538017,
        -1.2522384758651308,
        -2.425407785880496,
        2.0651656802006935,
        -2.846934388642458,
        0.7934855547557511
    ],
    "oo": false,
    "mo": [
        [
            [
                -0.0021792636086161847,
                0.4946825756347173,
                -0.3962203387170006,
                7.150111607498009e-17,
                -6.076391256415162e-17,
                -0.26398100332747476,
                4.2765709235537196e-15,
                -1.0551412193047467e-15,
                0.7877356396184385,
                1.7588220167189934,
                9.159543931547768
            ],
            [
                0.005498961139114908,
                0.08653749623397129,
                -0.059184025444114545,
                -2.518797541188307e-16,
                4.714651658699397e-16,
                -0.403877194229403,
                2.4482477200988203e-16,
                -7.2442083012313e-16,
                0.2392918738869469,
                2.7865853149751154,
                0.8685267884026436
            ],
            [
                0.9956109894202121,
                -0.27877377435453504,
                -0.05203789318044974,
                5.486892868059053e-18,
                1.2473555736838935e-17,
                0.04198908576743782,
                -4.776700451127161e-16,
                3.984866541476063e-16,
                -0.17854255385872606,
                -0.132269292852082,
                -0.8663309257845366
            ],
            [
                0.02439530305340319,
                0.3929852610790838,
                0.30214037680962236,
                -1.0153723001986524e-16,
                1.4626911849096148e-17,
                -0.3825824434988395,
                -1.5007722680595108e-15,
                -3.9605845433007945e-15,
                1.0479905927390891,
                0.02021952272755216,
                -4.744711561250402
            ],
            [
                -0.009743867838878987,
                0.029597096978630857,
                0.6237354873083282,
                1.153798665301292e-16,
                -2.3965488071325023e-16,
                1.0353580075396578,
                -2.7027336373997647e-15,
                5.744083522438498e-15,
                -1.9994102073859645,
                -3.9038680533585124,
                -4.835314377901997
            ],
            [
                3.231155581569434e-19,
                -9.43037770235002e-18,
                1.4843589643085112e-16,
                0.7071755882904356,
                -0.194970845318539,
                -1.7426757979247528e-15,
                0.0833716692502623,
                0.88736335894929,
                2.1986822634980176e-15,
                -1.0066936442772158e-16,
                -1.5287213396084082e-16
            ],
            [
                4.646774557685768e-19,
                -4.714254038417069e-18,
                -6.226394637896029e-17,
                0.1949708453185388,
                0.7071755882904356,
                1.2842327343048702e-15,
                -0.8873633589492905,
                0.08337166925026236,
                1.470994917334601e-15,
                -1.6927109767173668e-17,
                3.7322659719851203e-16
            ],
            [
                -0.01562375191400864,
                -0.32386490495052417,
                0.6481990930816037,
                -2.0024358828625275e-16,
                1.0758684588321043e-16,
                0.6486013465912022,
                2.5684979974621017e-15,
                5.624270022922165e-16,
                0.5035606696790953,
                0.3970655933638693,
                2.074120928583837
            ],
            [
                -1.0392802647317884e-19,
                -2.524056903545097e-18,
                1.1030033677860851e-16,
                0.39109434266083515,
                -0.10782611256734279,
                2.219449058569124e-15,
                -0.10109049567718101,
                -1.0759530498625562,
                -2.754514219403719e-15,
                3.2895252045104423e-16,
                1.5707646968568298e-16
            ],
            [
                -1.5214310559221562e-19,
                6.508214323372991e-20,
                -3.085045500403559e-17,
                0.10782611256734323,
                0.39109434266083604,
                -1.6377177419405964e-15,
                1.0759530498625562,
                -0.10109049567718116,
                -1.6335071284008262e-15,
                -1.9983742061743182e-16,
                -4.237008041671763e-16
            ],
            [
                0.0061671928587645084,
                0.05128494131698458,
                0.17741384147933292,
                -1.3187523943221794e-17,
                3.145856854222353e-17,
                -1.1739297190407811,
                -1.5628919769202792e-15,
                -1.9461419022462307e-15,
                -0.14890116048529933,
                0.5166363084139907,
                1.5167496746297027
            ]
        ],
        [
            [
                -0.0021792636086161847,
                0.4946825756347173,
                -0.3962203387170006,
                7.150111607498009e-17,
                -6.076391256415162e-17,
                -0.26398100332735314,
                -2.952491209459694e-15,
                1.5923896332386453e-15,
                0.7877356396185176,
                1.7588220167191564,
                9.159543931547734
            ],
            [
                0.005498961139114908,
                0.08653749623397129,
                -0.059184025444114545,
                -2.518797541188307e-16,
                4.714651658699397e-16,
                -0.4038771942293802,
                2.5350064688114967e-16,
                4.611236507053024e-16,
                0.23929187388696221,
                2.7865853149751327,
                0.8685267884025957
            ],
            [
                0.9956109894202121,
                -0.27877377435453504,
                -0.05203789318044974,
                5.486892868059053e-18,
                1.2473555736838935e-17,
                0.04198908576742879,
                1.408345050624859e-16,
                -2.2265231987268717e-16,
                -0.17854255385873305,
                -0.13226929285209693,
                -0.8663309257845335
            ],
            [
                0.02439530305340319,
                0.3929852610790838,
                0.30214037680962236,
                -1.0153723001986524e-16,
                1.4626911849096148e-17,
                -0.3825824434989292,
                3.8275874555762795e-15,
                3.750958736544282e-16,
                1.0479905927390425,
                0.020219522727459912,
                -4.744711561250405
            ],
            [
