{
    "dist": 1.25,
    "thetas": [
        2.3958260018131945,
        3.014066632168233,
        2.2907393097350255,
        2.1241702033721,
        2.5747887549532216,
        2.268116710897859,
        -0.18376821356508133,
        -0.3692349045573353,
        0.629297096919271,
        -2.7029951476934766,
        -0.5128175110076243,
        2.526099388339662,
        -2.444670949557147,
        2.5849416676918597,
        -1.9205334501648765,
        -2.087178956919396,
        2.848765104935585,
        2.9566681728718356,
        1.6185124242490563,
        2.4544011478498726,
        0.49182240310951597,
        2.2599906647832615,
        -2.3640072365335265,
        2.4583209737112917,
        0.5766613396536329,
        0.6203078226772614,
        -1.8494256733064371,
        -1.4660429783803186,
        2.746915186860476,
        1.350848660669861,
        1.3521078595549678,
        -1.211486638960258,
        -2.58831365501823,
        0.41537375491575945,
        1.26971338175455,
        -1.252168102670213,
        1.4253982794412483,
        -0.25740982863374917,
        -2.920740281290886,
        2.2378824751019755
    ],
    "oo": false,
    "mo": [
        [
            [
                0.00028924237947871445,
                0.05610935361467153,
                -0.24381999148649552,
                1.0952845530610837e-15,
                1.5705678903394614e-16,
                0.21633062259645824,
                1.2429674002593878,
                2.078103116440336e-16,
                2.2719473331875837e-16,
                0.31907025495814945,
                -0.37736728939943753
            ],
            [
                0.000958741726802182,
                0.00922968146640485,
                -0.2259682341990714,
                9.919296565943867e-16,
                3.5935358075769855e-17,
                0.9862382692551368,
                -1.1714819956250133,
                -4.78050313051976e-17,
                -1.6312483429104214e-16,
                -0.11902067564286035,
                -0.3191956528357637
            ],
            [
                0.9955719496688462,
                -0.23655149371212214,
                -0.03874315764242383,
                2.1295766158355025e-16,
                1.5826381304919462e-16,
                0.047095616249605274,
                0.006019680793225658,
                2.2002355549015356e-17,
                7.957132710813917e-17,
                0.07017528460211367,
                0.09132297484704285
            ],
            [
                0.020737166820134316,
                0.512490252843619,
                0.09833717801108585,
                -4.2995500452797694e-16,
                -2.675865489011277e-16,
                -0.07029565719650187,
                -0.08911917159519375,
                1.5871467888585751e-18,
                -8.701613860908741e-16,
                -0.8045355077271593,
                -1.3218425914430691
            ],
            [
                -0.004796711643448795,
                0.5597124714149195,
                0.13855850012895704,
                -4.632414189281076e-16,
                1.3026502032149193e-16,
                -0.39867012633802534,
                0.31672422496580965,
                -3.90429705190082e-17,
                8.798878089448259e-16,
                0.7759960355634846,
                1.4809562832520065
            ],
            [
                1.4079908760377253e-17,
                -8.445882324740045e-17,
                2.450600184628523e-15,
                0.6541291939672284,
                -0.11534071559104958,
                -2.7493944160392914e-16,
                -1.5173620798833743e-17,
                -0.9321084529488304,
                0.1498694702251155,
                1.0953063605716905e-16,
                -1.627343990568787e-16
            ],
            [
                -2.2386759302781648e-17,
                7.033370280717815e-18,
                7.972276912075159e-16,
                0.1153407155910493,
                0.6541291939672272,
                -2.373113780690804e-17,
                1.432868515567061e-17,
                -0.1498694702251146,
                -0.9321084529488314,
                1.0137691161564362e-15,
                1.5246675661455198e-16
            ],
            [
                -0.0010347628556246413,
                -0.028426082339098054,
                0.5165034101710484,
                -1.6397445497039863e-15,
                -3.4521150949594625e-16,
                0.3551257366661765,
                0.28225482315511397,
                -1.8985944125091384e-16,
                -5.882785467932171e-16,
                -0.7858206967650119,
                0.5404754823750768
            ],
            [
                -4.0697248012425743e-17,
                -3.0941036296165837e-17,
                1.6806879609786363e-15,
                0.47868662618077956,
                -0.08440543323361031,
                -2.1285514855592423e-16,
                -1.2979271676305227e-16,
                1.0337240069295937,
                -0.16620777205421014,
                -6.999563059613786e-17,
                1.2567882304035406e-16
            ],
            [
                -5.898850311269712e-17,
                -1.4156827016189308e-18,
                5.676809360948365e-16,
                0.08440543323361072,
                0.47868662618078034,
                -2.434978218474359e-17,
                -2.7077717776011604e-17,
                0.16620777205420909,
                1.0337240069295934,
                -9.242429329546782e-16,
                -1.3421366422147455e-16
            ],
            [
                0.0008859797918181017,
                -0.034722820183055454,
                0.3916527350751993,
                -1.4687803745995217e-15,
                -1.633860341994961e-16,
                0.4583296242454124,
                -0.12777540782574381,
                3.279905517501747e-16,
                6.620051099756097e-16,
                0.9232413449042348,
                -0.808442695590102
            ]
        ],
        [
            [
                0.0002892413087032001,
                0.05611028328629503,
                -0.24382827713772198,
                -9.279975364899846e-16,
                -9.418072611641072e-17,
                0.21632900352988055,
                1.2429671904779063,
                5.304024868223648e-17,
                4.678474854308062e-16,
                0.3190657572621388,
                -0.37736721962564246
            ],
            [
                0.000958740905675957,
                0.009230330310145758,
                -0.22598000847883218,
                -8.198857389031637e-16,
                -1.9728993967899416e-17,
                0.9862329820987271,
                -1.1714841759531935,
                -4.712690808384549e-18,
                -3.519243452116496e-16,
                -0.1190208684884706,
                -0.31919556054509335
            ],
            [
                0.9955719585115755,
                -0.23655138869491182,
                -0.03874399901151668,
                -2.3183414794790793e-16,
                -1.0360979227615105e-16,
                0.047095281884758325,
                0.006019630426129071,
                -4.148097026070211e-17,
                1.247042613875311e-16,
                0.0701756269851059,
                0.09132270617518744
            ],
            [
                0.020737128616754766,
                0.5124899748522078,
                0.09833923257324846,
                3.785454970985924e-16,
                2.7129114474212774e-16,
                -0.07029429768189562,
                -0.08911899766675427,
                5.242320305441262e-16,
                -1.7265895446746191e-15,
                -0.8045415744565543,
                -1.3218389384825693
            ],
            [
