{
    "dist": 0.3,
    "thetas": [
        0.10303561663791783,
        0.4440175435037328,
        -2.9626838121493106,
        -2.0638903033331175,
        1.1641296091591355,
        2.0979358614283568,
        -1.2128670123447274,
        2.47314391898043,
        1.392001137158437,
        -1.9481710072691576,
        0.34072200379900464,
        -0.9290823338613339,
        -1.9987289817083937,
        1.7944887938507428,
        2.924717343797493,
        -1.6816715396059143,
        -2.6165606813494104,
        0.6506139255218115,
        1.4388039280401017,
        -1.40593290510329,
        1.1643140023190055,
        0.11226465135129837,
        -2.836955320406834,
        -2.275334685827516,
        -1.966841668758823,
        3.1058909736072735,
        0.129844516818022,
        0.495049251658644,
        1.475411656763927,
        0.2636535907361983,
        2.5959203631973624,
        1.934719368471801,
        -0.609482604949342,
        -0.8970859114113354,
        2.84550831983512,
        -0.9824917722923239,
        2.293989801545284,
        2.0751960685763695,
        0.2397754572129318,
        2.6544533544477575
    ],
    "oo": false,
    "mo": [
        [
            [
                -0.00417464331629813,
                0.5198149514222995,
                -0.4024013776981773,
                8.466263554569904e-17,
                5.10177975870261e-16,
                -0.00407565168614621,
                -1.0093452871456932,
                1.8748055401123897e-16,
                -1.5179209718202544e-16,
                -0.9117414136101221,
                5.102149037096914
            ],
            [
                0.004990302737666265,
                0.08487548169779291,
                -0.05412549125265432,
                -2.930790551894477e-16,
                2.3716655903970744e-16,
                1.9024084253607572,
                -0.9454013008923408,
                3.3355718931364383e-16,
                -1.1206220736754203e-16,
                -1.5275358590488888,
                0.4603436044139667
            ],
            [
                0.9951774985926052,
                -0.25195570751763335,
                -0.0819807722645072,
                -8.093487909696452e-18,
                1.0631473608917307e-16,
                0.08020676192171368,
                0.024936621793301902,
                1.824816065338036e-17,
                1.8256053798741947e-18,
                0.12184820557882559,
                -0.23446758479203478
            ],
            [
                0.027289338915751207,
                0.4100227877582088,
                0.2842625806356511,
                -1.241387290396196e-17,
                -4.3487134271258575e-16,
                -0.07818760482216176,
                0.15709080921141408,
                -5.748212706811143e-17,
                5.996362551386919e-17,
                -1.3525974479206544,
                -2.3308202727930203
            ],
            [
                -0.00878447451630341,
                -0.0018710108379304039,
                0.6565213462708605,
                9.857343484808232e-17,
                -8.266065093615763e-16,
                -1.348441128833657,
                1.5778823630642849,
                -4.645399828205378e-16,
                1.7529707793396266e-16,
                3.3619808087234517,
                -2.739575104266305
            ],
            [
                -1.2152957548976192e-18,
                -3.491955876463635e-17,
                7.762864470469002e-16,
                0.10901420811257018,
                0.6967051548889486,
                6.311895423019088e-17,
                1.0959199921850855e-16,
                0.23539048082430092,
                -0.883054166150385,
                -1.3672021525549032e-16,
                -9.376120561057674e-18
            ],
            [
                -1.7639870252668835e-19,
                -4.065878573514476e-17,
                1.2032367765763576e-16,
                0.6967051548889487,
                -0.10901420811257037,
                -5.038064863459813e-17,
                -2.898861463149863e-17,
                -0.8830541661503852,
                -0.23539048082430092,
                -7.691412124268778e-17,
                -2.9862389589564455e-18
            ],
            [
                -0.009490411730676487,
                -0.31297736770967244,
                0.5907384809502902,
                -1.094366888764711e-16,
                -7.590319853828661e-16,
                0.04991886612190841,
                0.49775662597960313,
                -1.3948137411572553e-16,
                7.131683091195064e-17,
                -0.42430860881363264,
                1.5457171965150296
            ],
            [
                5.757847484563414e-19,
                -3.2482067319906953e-18,
                4.224251746670357e-16,
                0.06793544997817946,
                0.4341725635489899,
                3.643265727553188e-17,
                -1.3939909030791605e-16,
                -0.27493169851454285,
                1.0313908231543274,
                -6.3037119239522e-18,
                5.587306419945337e-18
            ],
            [
                5.286901886076735e-20,
                -3.151277361141322e-18,
                1.0969075627341753e-16,
                0.4341725635489904,
                -0.06793544997817945,
                1.1162255126783885e-17,
                7.178141910688522e-17,
                1.0313908231543272,
                0.27493169851454263,
                3.4590988401746056e-17,
                2.0078612365075746e-18
            ],
            [
                0.00287422642714877,
                0.08773013660973038,
                0.16322044504164965,
                -8.238790121435011e-17,
                -1.3447914529173666e-16,
                0.06843973671609668,
                -1.4847653225769735,
                1.7490685857104884e-16,
                -1.647882927111765e-16,
                -0.34524391109682984,
                1.1818124219130737
            ]
        ],
        [
            [
                -0.0041746409066029996,
                0.5198149552333254,
                -0.40240135944613464,
                4.4340502573449034e-16,
                2.059994884320874e-17,
                -0.004075749334933932,
                -1.009345306053911,
                -1.407249501473867e-16,
                3.986166374105439e-18,
                -0.9117415687658912,
                5.102149006605609
            ],
            [
                0.00499030219460158,
                0.08487551144648281,
                -0.05412556420626572,
                -2.7051699260647286e-16,
                -3.629563423037194e-16,
                1.902408409979956,
                -0.9454013024343415,
                -1.9197027644411361e-16,
                -1.123343529462153e-16,
                -1.5275358801055507,
                0.4603435808816988
            ],
            [
                0.9951774993056676,
                -0.25195569936108625,
                -0.08198076846939321,
                8.199660124941528e-17,
                3.5405126917341703e-17,
                0.08020677788677286,
                0.024936630447707393,
                -5.027540287092258e-19,
                -1.2890352099189721e-17,
                0.12184822264829755,
                -0.23446757660493134
            ],
            [
                0.02728933344110203,
                0.410022673187122,
                0.2842625750713388,
                -2.8040806044426044e-16,
                -3.5389106987478926e-16,
                -0.07818760790608653,
                0.15709079443329432,
                2.0417606611320355e-17,
                1.2169035703788954e-16,
                -1.3525974120596314,
                -2.330820315393383
            ],
            [
