{
    "dist": 0.1,
    "thetas": [
        2.3463261368903874,
        2.9439278084526643,
        2.319717710563025,
        0.1938720278250048,
        -1.6793174426784083,
        -3.0699718540344296,
        -0.4368772992954577,
        -0.6135444998792989,
        0.1424691618875915,
        -0.1357683511288812,
        0.34781498297773794,
        0.2726023879603252,
        1.639255247336484,
        1.3343888034911187,
        0.7519847877695871,
        -0.4643791018236456,
        -1.3252806848740173,
        2.9773202892406827,
        -1.0444284749192585,
        -1.766825043051343,
        -2.7281063583560097,
        3.033965123374311,
        -2.3382515167002618,
        -1.1175851867391877,
        -2.695845613805822,
        -1.7293214755701178,
        -0.6683115396232484,
        2.4890524741785924,
        -0.9709933288902195,
        3.045770542014389,
        -2.961063865698451,
        -0.931892285898047,
        -0.7479573583046881,
        1.6597670561412299,
        2.7570863008471456,
        -1.1329224215729323,
        -0.4242662269722661,
        -1.444216899225165,
        1.891589921605929,
        0.8685800355148432
    ],
    "oo": false,
    "mo": [
        [
            [
                -0.09342635889560501,
                0.29601220254424765,
                -0.18601664110151792,
                2.80226000802463e-17,
                -7.643026121226943e-17,
                0.07360366479673768,
                -0.36302956424073324,
                -2.578938782322874e-16,
                -6.018539054490358e-16,
                -1.2775431316916932,
                13.947412033568188
            ],
            [
                -0.016049491883633363,
                0.04234403273456808,
                -0.022176278482613238,
                -2.4825237362413705e-16,
                8.207853709106984e-17,
                2.062886287393739,
                -0.42369500879645144,
                -2.9117886453482513e-16,
                -8.576509140147235e-16,
                -1.824041560280712,
                1.7565953646110124
            ],
            [
                1.0124718036474967,
                -0.27806390398644915,
                -0.00884269006776969,
                -2.4137590079721687e-17,
                1.714538181122063e-18,
                0.07116483689157314,
                0.050370982249156884,
                3.779281788278986e-17,
                7.767125213188143e-17,
                0.23572377638784608,
                -1.9766131802046742
            ],
            [
                0.0490585599405849,
                0.4876295980329537,
                0.16223061341958592,
                1.3122493403980601e-16,
                7.161768970557783e-17,
                -0.10990922265955268,
                0.06975305265719445,
                4.3165877542583424e-17,
                4.6328177827995595e-17,
                -1.0864032431881239,
                -7.7051073120428795
            ],
            [
                0.06049611285066214,
                0.2443203739177709,
                0.2959795538821054,
                5.976023991862615e-17,
                3.692607872354475e-17,
                -1.5668981400552238,
                0.6648123096392718,
                4.63241216900888e-16,
                1.3053603481386866e-15,
                3.84037149630882,
                -7.5894665718864704
            ],
            [
                -2.4903733539719956e-19,
                4.228645080951289e-17,
                -3.8678548782491834e-16,
                0.7399034341875829,
                0.21144712418893508,
                1.2613663177068622e-16,
                1.013893698446734e-15,
                0.13450208484549714,
                -0.849833936813162,
                -7.586973122780084e-20,
                -5.296107578182527e-19
            ],
            [
                7.847910061544375e-20,
                3.782851868062103e-18,
                -1.5322352656304777e-16,
                -0.21144712418893533,
                0.7399034341875822,
                1.1209651590276655e-16,
                7.842845213997709e-16,
                -0.8498339368131621,
                -0.13450208484549717,
                -8.733788660095995e-18,
                4.2391381571803374e-20
            ],
            [
                -0.032794619219473235,
                -0.18029367902481722,
                0.7787472767304693,
                2.4437462386214735e-16,
                3.6614336944728323e-16,
                0.02912893364071887,
                0.7490295746244996,
                5.20017511639979e-16,
                1.0501697369886114e-15,
                -0.24970927301607432,
                1.8301547171957733
            ],
            [
                6.128581893261552e-20,
                1.3973120968030262e-18,
                -1.627530996799557e-16,
                0.34709300952445193,
                0.09919107723917053,
                3.315827950701971e-17,
                -1.287173177321518e-15,
                -0.1713974406263965,
                1.0829524456408983,
                -2.6597689629342444e-17,
                9.095220095964322e-20
            ],
            [
                -3.444438959637954e-20,
                1.0034391476356416e-18,
                -9.010497752781328e-17,
                -0.0991910772391704,
                0.34709300952445193,
                -9.690303537202424e-17,
                -9.510803594828e-16,
                1.0829524456408988,
                0.1713974406263967,
                4.39958417041625e-19,
                1.4877989040274186e-20
            ],
            [
                0.0009983876817845625,
                -0.0033717928146747766,
                0.26181000626925366,
                5.599224797068615e-17,
                1.0521474113168407e-16,
                0.016041889513827023,
                -1.1638005350022764,
                -8.519271206778149e-16,
                -1.6254506477892584e-15,
                -0.1311635327113389,
                1.0666466867987867
            ]
        ],
        [
            [
                -0.09342635520440526,
                0.29601204875333026,
                -0.1860165537792943,
                2.462767511878516e-16,
                -9.977123611528764e-17,
                -0.07360361213761428,
                0.36302944544979593,
                -4.9441921197138155e-17,
                -2.76265712367532e-16,
                -1.2775432011839079,
                13.947412035026051
            ],
            [
                -0.016049491794345866,
                0.04234404474053545,
                -0.022176530405880638,
                -1.606553641130144e-16,
                -2.3965049787232437e-16,
                -2.0628862955200105,
                0.42369478508441555,
                2.243887556488657e-16,
                -4.593859591857209e-16,
                -1.8240415983525358,
                1.756595366024985
            ],
            [
                1.0124718034517552,
                -0.27806387949275996,
                -0.008842669529753185,
                -1.4497898312617187e-17,
                8.172001303240961e-18,
                -0.07116485617897594,
                -0.05037098941048426,
                1.6250979103367307e-17,
                3.81263369639726e-17,
                0.235723795926182,
                -1.9766131806355354
            ],
            [
                0.0490585560332546,
                0.4876295692796724,
                0.16223062325133136,
                -9.678848054767846e-17,
                -4.932079448239548e-17,
                0.1099092285678302,
                -0.06975306459295184,
                1.2706373565841025e-17,
                -3.1841957396535754e-17,
                -1.08640324849271,
                -7.70510731274018
            ],
            [
