{
    "dist": 0.5,
    "thetas": [
        1.704757879308132,
        -3.011204310279467,
        0.8397366260192594,
        1.563280899135842,
        -0.009380718364163876,
        -1.7291536732871136,
        -1.8971269718342263,
        1.6369627429575306,
        -2.0790379300152217,
        -2.586537231132677,
        1.1646500873100205,
        2.8487544111850127,
        -3.1167849646094092,
        0.07660625016677525,
        1.9642554329689128,
        0.70702212977712,
        1.3933297522764283,
        -1.3076812305427234,
        2.6249522282931705,
        1.3482194095209188,
        0.2673141479915979,
        -2.2483118993788564,
        -0.7958234754631421,
        1.0941137716709264,
        -0.3654729438307087,
        -0.4146023075677032,
        0.7399517487893483,
        0.08255001257991035,
        0.94497336375301,
        0.6348464674842362,
        1.917773905749895,
        0.1360130698619595,
        2.567616643692406,
        -1.1357731497354906,
        -2.5732197993538017,
        -1.2522384758651308,
        -2.425407785880496,
        2.0651656802006935,
        -2.846934388642458,
        0.7934855547557511
    ],
    "oo": false,
    "mo": [
        [
            [
                -0.0011851172752678615,
                0.372384728243933,
                -0.3625446085678202,
                -1.9722266505289137e-17,
                -6.296371819198085e-17,
                -0.01753320296538208,
                0.8979277825215063,
                -4.0144103616582137e-16,
                2.621700850562334e-16,
                -1.0002029711237541,
                2.2452220203137965
            ],
            [
                0.003523097553735546,
                0.014413889651474656,
                -0.04097509311820292,
                1.5261170454234515e-17,
                -9.573446408480974e-17,
                1.7639003882230513,
                0.7104981552198655,
                -3.693526550708727e-16,
                2.528452894217274e-16,
                -1.2097373933531572,
                -0.3337623168988423
            ],
            [
                0.9952305084331515,
                -0.22312329626173966,
                -0.09483183515991053,
                2.203220580619271e-18,
                2.082095195876009e-17,
                0.07430138915315819,
                0.03684770574824677,
                -1.142568959500699e-17,
                -1.4506127418174116e-17,
                0.07483341885645295,
                0.054030408695538254
            ],
            [
                0.02362479707338634,
                0.4705061275605959,
                0.21455767050799643,
                -5.2969298333026594e-17,
                -1.4963659917385104e-16,
                -0.07287475723427028,
                -0.10790421685643167,
                -5.684864169566476e-17,
                2.742655719047465e-16,
                -1.4365981187805485,
                -1.0052271487703208
            ],
            [
                -0.007602817726070019,
                0.22916130307644747,
                0.5372353660736624,
                7.046157736227681e-17,
                1.9635713344863529e-16,
                -1.1588478249198177,
                -1.1396676134918844,
                6.570131185751879e-16,
                -6.500246624585966e-16,
                3.058453565928673,
                -0.5235531351093222
            ],
            [
                1.6431577012130573e-19,
                1.1295774444656102e-17,
                5.2234250065139437e-17,
                -0.27520318629646073,
                0.6145007457608775,
                -3.548353187234786e-17,
                -3.396747011579626e-16,
                -0.8321429644764613,
                -0.4320481866891922,
                -2.1536050530343868e-17,
                8.5427549765691e-18
            ],
            [
                5.501512947594247e-19,
                2.2025977965023027e-18,
                3.067894004521889e-17,
                0.6145007457608775,
                0.27520318629646057,
                8.717821010260015e-18,
                1.962769742730075e-16,
                0.4320481866891921,
                -0.8321429644764615,
                -1.9581962599979138e-16,
                8.099339688164101e-18
            ],
            [
                -0.003420125970366873,
                -0.2395678384338068,
                0.5750989210442295,
                -2.2190056620730334e-17,
                -1.1082809633906305e-16,
                0.09693503395028517,
                -0.6209638474490117,
                2.3037868746630267e-16,
                5.930021146957902e-17,
                -0.334538222855802,
                0.8703818652438596
            ],
            [
                -8.469828658944381e-20,
                -1.5272049245191234e-18,
                5.5216468405393954e-17,
                -0.19452819066996208,
                0.434361679626175,
                2.1530704350940332e-17,
                3.6400640776412796e-16,
                0.9333457195170387,
                0.48459260353797345,
                1.5162406088822745e-17,
                -1.0351927830280941e-17
            ],
            [
                -1.680592282996467e-19,
                -3.435963830824692e-18,
                1.1788322249787012e-17,
                0.4343616796261753,
                0.19452819066996221,
                -3.225494059760975e-17,
                -2.5498144273331946e-16,
                -0.48459260353797334,
                0.933345719517039,
                1.5035187081232064e-16,
                -6.46750649390392e-18
            ],
            [
                0.0014968945861049741,
                0.044312936542720456,
                0.20692916930871005,
                3.2732644356653963e-17,
                -9.213715927708567e-17,
                0.22051370143113788,
                1.6094154228650317,
                -6.692005902940122e-16,
                1.9841254644126343e-16,
                -0.691457975595492,
                0.62132540646798
            ]
        ],
        [
            [
                -0.001185105559881968,
                0.3723852072776029,
                -0.36254420486196737,
                6.581725035816226e-17,
                8.97510019447732e-18,
                -0.017533342275694478,
                0.8979300641949849,
                6.154439593253265e-16,
                -4.04838654577486e-16,
                -1.000202471354631,
                2.2452213150994664
            ],
            [
                0.003523091772022414,
                0.014414148666925478,
                -0.040973149147163136,
                1.2382783487420326e-16,
                1.1662734079447138e-16,
                1.763900347180563,
                0.7105000890708103,
                6.310387657440774e-16,
                -5.203239768246856e-16,
                -1.2097362584894538,
                -0.3337627579947616
            ],
            [
                0.995230517032674,
                -0.22312307263545894,
                -0.09483181865974905,
                -1.7282445910706177e-17,
                -1.3669253774425415e-17,
                0.07430160276367737,
                0.03684781290620043,
                -2.9411404132804375e-18,
                2.426865221877938e-18,
                0.07483367882679863,
                0.054030475839646465
            ],
            [
                0.02362475103135534,
                0.4705047757362942,
                0.21455619014336566,
                1.468435606643421e-16,
                5.279816499680913e-17,
                -0.07287510617787957,
                -0.10790298745950877,
                3.5353950395015803e-16,
                -2.1445161727919156e-16,
                -1.4365983947252434,
                -1.005227810865605
            ],
            [
