{
    "dist": 1.475,
    "thetas": [
        -1.2505772065726115,
        -1.5892573810424488,
        2.678742656538237,
        2.4605169696278546,
        1.151561845422318,
        0.42024870984405016,
        0.2950953286817728,
        -1.819460699037379,
        1.6949173110487727,
        2.489587148595139,
        1.3926708920249595,
        -0.007663287536284535,
        -0.3630877934619958,
        1.900227048743333,
        2.166638993680615,
        -1.7018748543102284,
        2.9038843056064927,
        -2.77139783336574,
        -1.3204875036640336,
        -1.1802075024498442,
        1.268614493515388,
        1.3044449462369565,
        2.7836318370578113,
        0.6684251508296,
        -0.9096337654423947,
        -0.4976330838188763,
        2.554112145376455,
        -1.5586760466297462,
        -1.2382874039468406,
        -2.6637713125372455,
        -1.5614152906569299,
        2.5800995086330216,
        2.1591747296674244,
        0.8620180788284371,
        3.0794339883431086,
        2.7640959639582094,
        2.2301402312698464,
        2.6461352571082326,
        1.04148016903377,
        -0.6719528336182714
    ],
    "oo": false,
    "mo": [
        [
            [
                0.0001146482385234602,
                0.03385365933081128,
                -2.892963167339743e-17,
                -4.413653178147267e-16,
                -0.22159214735141847,
                -0.2594740931277973,
                -1.2586552179713812,
                -9.672112459731155e-16,
                -6.072168663088275e-17,
                0.2887046478351446,
                -0.18344612071676913
            ],
            [
                0.000745357283399108,
                0.014743429586514511,
                -5.103071920290037e-17,
                -4.96859233048396e-16,
                -0.2892750616217027,
                -0.8219179846884256,
                1.2293966665229654,
                1.0370703646243944e-15,
                1.493838111799602e-17,
                -0.08377215455245222,
                -0.2903729394554946
            ],
            [
                0.9955850285147094,
                -0.23834424137411103,
                -1.8078489537352856e-17,
                -1.7332202849477646e-16,
                -0.028442722642586748,
                -0.03564310424149608,
                0.007415733571551523,
                2.1096465802428282e-17,
                -2.9725051839070216e-17,
                0.05799757335565706,
                0.10304015401674733
            ],
            [
                0.020528994864642686,
                0.519461932738518,
                8.290458678462993e-17,
                1.06236053010806e-16,
                0.07693622520322879,
                0.058707874842586105,
                0.038867420841594835,
                -1.7021572409980295e-16,
                4.542261281584005e-16,
                -0.6835001671325457,
                -1.359993201265315
            ],
            [
                -0.004457844785992888,
                0.5617768794359213,
                -7.492186821963088e-17,
                8.488635156936536e-17,
                0.09905822747001,
                0.25095825195403126,
                -0.2863620070220347,
                -4.377738616968221e-17,
                -4.4292006639209746e-16,
                0.6666264900291597,
                1.4293965076589246
            ],
            [
                8.401340139150285e-17,
                7.639239304561892e-17,
                0.14307642328932424,
                0.6510733674629546,
                -1.1667812679802484e-15,
                -1.6551939946414423e-16,
                5.105486226657922e-16,
                -0.8968641619237571,
                0.2893834680376042,
                2.6369933652665623e-16,
                8.909341936891463e-17
            ],
            [
                -2.883608970758708e-17,
                -4.716180313935138e-18,
                0.6510733674629556,
                -0.14307642328932352,
                1.9200579772141724e-16,
                -3.5638224492812266e-18,
                -1.2874012762548378e-16,
                0.28938346803760495,
                0.8968641619237561,
                5.31878349989105e-16,
                1.5528099647694665e-16
            ],
            [
                -0.0007816925070952939,
                -0.013002715017624114,
                7.256113699182173e-17,
                8.783279890914407e-16,
                0.504916230259212,
                -0.3741972537382734,
                -0.1991038428311304,
                -2.0264501285308947e-16,
                3.2732465161107397e-16,
                -0.8437711069775915,
                0.4698350049789764
            ],
            [
                7.421968239283949e-17,
                3.436388990528561e-17,
                0.10375760548440065,
                0.4721519594183353,
                -8.480513840898884e-16,
                8.826710763152214e-18,
                -5.652053574836465e-16,
                0.9975842803572906,
                -0.32188196492361637,
                -2.874723762448806e-16,
                -1.1345205698111744e-16
            ],
            [
                9.228774403436172e-18,
                -1.5897591844521758e-18,
                0.47215195941833454,
                -0.1037576054844014,
                1.4135023020849767e-16,
                -2.2131811040461388e-17,
                1.6007603105884865e-16,
                -0.3218819649236165,
                -0.9975842803572906,
                -4.004472579329268e-16,
                -9.682768705885193e-17
            ],
            [
                0.0005955898987853036,
                -0.02253590296224031,
                -2.0214078395246618e-17,
                7.103963997716501e-16,
                0.39780895251908616,
                -0.42544305895308127,
                0.22763096792651993,
                3.0502011060219463e-16,
                -3.7140428410422113e-16,
                0.942735571852396,
                -0.6160941192093412
            ]
        ],
        [
            [
                0.00011464819364213975,
                0.03385345592864806,
                -1.0703418309753107e-18,
                -2.6635421079580107e-16,
                -0.22159020634548957,
                -0.2594744784393258,
                1.2586553360827646,
                -3.2951694801993653e-16,
                1.2718554337518373e-16,
                0.28870542329276316,
                -0.18344592707512986
            ],
            [
                0.0007453577560547016,
                0.014743233951444487,
                -7.032805983022148e-17,
                -2.583313090413733e-16,
                -0.2892722864480121,
                -0.8219196883703305,
                -1.2293961840825847,
                1.5848213560524086e-16,
                -8.222036532881897e-17,
                -0.08377189864854288,
                -0.29037300808608524
            ],
            [
                0.9955850254383323,
                -0.2383442923171612,
                1.6186879932931054e-17,
                5.666967108907669e-17,
                -0.02844261774812875,
                -0.03564310434073564,
                -0.0074157284602242145,
                -3.551651462591589e-18,
                -2.6681140753640442e-17,
                0.05799741187317655,
                0.10304018608420516
            ],
            [
                0.0205290087391092,
                0.5194623200589293,
                -2.923198451533489e-17,
                2.0249299029983643e-16,
                0.07693586811457742,
                0.058708116768746536,
                -0.03886748553097799,
                2.5311493744845843e-16,
                2.7846433251950266e-16,
                -0.6834979235139114,
                -1.359994188610891
            ],
            [
