{
    "dist": 0.975,
    "thetas": [
        2.1855667552925073,
        -0.013626910764637845,
        -1.859523032357932,
        1.585069256382293,
        0.8220384850650033,
        -2.7839212907039954,
        -2.872867837764958,
        -0.5027397606753228,
        3.060297672971223,
        -2.5741139851023065,
        -2.3744251662846403,
        0.2496673797027653,
        1.8406245937279886,
        -0.716805742586871,
        -1.0835715142998037,
        -2.8692551741767,
        -1.0142829333960175,
        0.27121062892473846,
        0.33197733616490144,
        1.363914835828135,
        0.40354106223186115,
        0.6218572486113025,
        1.8077324953950757,
        2.288024164747765,
        1.9156297680911916,
        -1.4815332252829163,
        0.49399948671315874,
        -2.2878061385722064,
        0.47215045733477545,
        -2.8732461523736585,
        1.9721328625056227,
        -1.3432578969727325,
        2.807964494593704,
        2.0480359071919585,
        -2.8761355781010147,
        -0.6624231992419629,
        -1.2241454708515218,
        1.6813635975262828,
        -2.651227798597092,
        -0.001082322442041761
    ],
    "oo": false,
    "mo": [
        [
            [
                0.0003504626717340811,
                0.11332682694856652,
                -0.2832684859256505,
                1.3353754974791042e-16,
                -1.0404157927177365e-16,
                0.12006529172551117,
                1.3405197477893969,
                -3.0232292514486066e-16,
                -8.818511137658976e-17,
                0.3927977644448274,
                -0.49670071945956584
            ],
            [
                0.0015761128550630453,
                -0.009060398369842036,
                -0.12794173330993203,
                6.742198115640144e-17,
                -2.996835508445399e-17,
                1.28908985467024,
                -0.9209278880614009,
                5.961032027618384e-16,
                -1.1118428958985318e-16,
                -0.01269935651528839,
                -0.5724169624793475
            ],
            [
                0.9955293844668806,
                -0.23197006430889805,
                -0.056970395958370466,
                3.3419324668963384e-17,
                -3.072181670374819e-17,
                0.06078528151597573,
                0.02967585202193579,
                -4.922089644635938e-17,
                -1.3403487226056389e-17,
                0.06643036485656549,
                0.08536622442069686
            ],
            [
                0.021225607122426455,
                0.4999799161585534,
                0.12976212618179978,
                -1.233351341752956e-16,
                1.2030312433959608e-16,
                -0.07947524658646024,
                -0.12244910836819385,
                4.657862578571333e-16,
                1.756490293090345e-16,
                -0.6515444899050875,
                -1.4657974082939498
            ],
            [
                -0.00560404884001078,
                0.5406861399868993,
                0.2184822632962176,
                -6.86346091101318e-17,
                3.3383670829843935e-17,
                -0.6667893846209051,
                0.10562006125574205,
                -6.683652300064905e-16,
                -8.890692390990599e-17,
                0.5044983702245085,
                1.8981402830769112
            ],
            [
                -2.1136797683274375e-17,
                2.0005514106239158e-17,
                3.5058352693546725e-16,
                0.6296510310899793,
                -0.2008039648917369,
                -1.0612109302314079e-16,
                8.747254003204e-17,
                0.9193391691769706,
                -0.22474062379902307,
                7.375527144543695e-17,
                2.993274094007907e-16
            ],
            [
                7.728682062376237e-18,
                -2.1819735817451536e-17,
                -1.2172409968557408e-16,
                0.2008039648917364,
                0.6296510310899782,
                -5.7025585203783605e-18,
                -3.8830849298118746e-18,
                -0.22474062379902268,
                -0.9193391691769706,
                -5.523067312880528e-16,
                -2.2278262208306287e-17
            ],
            [
                -0.0014017680036962192,
                -0.070229849700635,
                0.5418581276559942,
                -9.56080483607463e-17,
                1.3282340048537545e-16,
                0.288563389964197,
                0.3900661401532333,
                -5.384541496381865e-17,
                3.263587762403871e-16,
                -0.8139175901506382,
                0.4349936970033936
            ],
            [
                -1.625904575317312e-17,
                1.7386787972659126e-17,
                2.302974126378333e-16,
                0.4665975843234373,
                -0.1488040840318474,
                5.569289857809883e-17,
                -1.8539477608799013e-16,
                -1.0153848796729281,
                0.24821985063258217,
                -5.4140707006613115e-17,
                -2.379004961040918e-16
            ],
            [
                3.668502723004425e-18,
                -4.550373152303741e-18,
                -7.66238316970993e-17,
                0.14880408403184797,
                0.46659758432343834,
                -5.647157303111018e-18,
                6.961724109670572e-18,
                0.24821985063258153,
                1.015384879672927,
                4.746354237786084e-16,
                1.9921857482479094e-17
            ],
            [
                0.0013308331416720688,
                -0.04751387713233434,
                0.3621489585355743,
                -1.8062996300125824e-16,
                9.63062787368882e-17,
                0.4606297515203069,
                0.18014847643266926,
                8.26797050225125e-17,
                -4.489364583372426e-16,
                1.100691278493664,
                -0.9259695203558783
            ]
        ],
        [
            [
                0.00035046294068930033,
                0.11332681233951375,
                -0.28326849967354445,
                -8.195872458839908e-18,
                -4.0173229922406665e-16,
                0.12006550907879368,
                1.3405195673691885,
                9.537816157785432e-16,
                6.148928334043216e-17,
                0.39279792010636955,
                -0.4967010262395131
            ],
            [
                0.0015761140432940521,
                -0.009060573698496216,
                -0.1279413397372484,
                -4.8747492080223075e-17,
                -3.501896181842466e-16,
                1.2890897380333486,
                -0.9209281555069222,
                -1.843576719504317e-15,
                7.197590102926516e-16,
                -0.012699547316362735,
                -0.5724168758259702
            ],
            [
                0.995529381254208,
                -0.2319701337272793,
                -0.05697036396285047,
                3.4333935892852454e-18,
                -4.5398320060534883e-17,
                0.06078524699091962,
                0.029675849486895577,
                -3.459903215780402e-17,
                9.738205489202705e-17,
                0.06643033430966518,
                0.08536614384081741
            ],
            [
                0.021225623149250094,
                0.4999804874523441,
                0.12976222535065204,
                -7.71317085045561e-17,
                1.22321037315076e-16,
                -0.0794752272901989,
                -0.12244926180053059,
                -7.829517361580116e-16,
                -5.950668800324597e-16,
                -0.6515446042731867,
                -1.465797141808169
            ],
            [
