{
    "dist": 0.975,
    "thetas": [
        2.3463261368903874,
        2.9439278084526643,
        2.319717710563025,
        0.1938720278250048,
        -1.6793174426784083,
        -3.0699718540344296,
        -0.4368772992954577,
        -0.6135444998792989,
        0.1424691618875915,
        -0.1357683511288812,
        0.34781498297773794,
        0.2726023879603252,
        1.639255247336484,
        1.3343888034911187,
        0.7519847877695871,
        -0.4643791018236456,
        -1.3252806848740173,
        2.9773202892406827,
        -1.0444284749192585,
        -1.766825043051343,
        -2.7281063583560097,
        3.033965123374311,
        -2.3382515167002618,
        -1.1175851867391877,
        -2.695845613805822,
        -1.7293214755701178,
        -0.6683115396232484,
        2.4890524741785924,
        -0.9709933288902195,
        3.045770542014389,
        -2.961063865698451,
        -0.931892285898047,
        -0.7479573583046881,
        1.6597670561412299,
        2.7570863008471456,
        -1.1329224215729323,
        -0.4242662269722661,
        -1.444216899225165,
        1.891589921605929,
        0.8685800355148432
    ],
    "oo": false,
    "mo": [
        [
            [
                0.00035046267173472254,
                0.11332682694849243,
                -0.283268485925828,
                1.1336824420006926e-16,
                -1.6880266880136052e-17,
                0.12006529172539279,
                -1.3405197477893944,
                -1.6740644131478714e-16,
                -1.0547983010618398e-16,
                0.3927977644446586,
                -0.49670071945965016
            ],
            [
                0.0015761128550621235,
                -0.009060398369816184,
                -0.12794173331042105,
                -1.4527977109936628e-16,
                -7.228141849474429e-17,
                1.2890898546701757,
                0.9209278880613931,
                3.7184645412536227e-16,
                3.4636874375484447e-16,
                -0.012699356515514654,
                -0.5724169624793892
            ],
            [
                0.9955293844668811,
                -0.2319700643089035,
                -0.056970395958352384,
                6.510019636016967e-17,
                -2.7365195112008274e-18,
                0.06078528151596395,
                -0.029675852021927893,
                -2.4908647558807575e-16,
                -7.074944651532044e-17,
                0.06643036485658298,
                0.0853662244206779
            ],
            [
                0.021225607122421393,
                0.4999799161585603,
                0.12976212618179356,
                8.046350340244173e-17,
                -1.158221167517293e-16,
                -0.07947524658648336,
                0.12244910836814984,
                2.664113232614325e-16,
                -2.279489930792893e-16,
                -0.6515444899054809,
                -1.4657974082937728
            ],
            [
                -0.005604048840009562,
                0.5406861399869438,
                0.21848226329632062,
                -1.0033144406349175e-16,
                1.9631244993077768e-16,
                -0.6667893846207716,
                -0.10562006125571909,
                -3.832717747118072e-16,
                9.014937816566786e-17,
                0.5044983702250717,
                1.898140283076782
            ],
            [
                1.795564925908914e-16,
                -2.6244851544351343e-17,
                1.0683564734787978e-16,
                0.4950920390778938,
                0.4377973573589949,
                -2.7122741003611095e-17,
                -1.6870437452936298e-16,
                0.8906190613809796,
                0.320141442917859,
                -8.388547124714267e-17,
                2.9467916929496004e-16
            ],
            [
                5.451732997177815e-17,
                -2.1295676446653293e-17,
                -7.702742852626112e-17,
                -0.4377973573589947,
                0.4950920390778937,
                -2.919364666275867e-17,
                -8.126282018723675e-17,
                -0.32014144291785845,
                0.8906190613809798,
                -4.2280469902734134e-16,
                -3.38068159436244e-17
            ],
            [
                -0.0014017680036954375,
                -0.07022984970048553,
                0.5418581276557572,
                -1.2561709664547573e-16,
                -4.6258887913537855e-17,
                0.28856338996439945,
                -0.3900661401532548,
                -3.131236849633224e-17,
                -3.956729167066818e-16,
                -0.8139175901505831,
                0.4349936970036621
            ],
            [
                -2.9456987448559425e-16,
                3.690377170060367e-18,
                1.1040888817206941e-16,
                0.3668837785458293,
                0.324426038044163,
                1.6522406279762434e-16,
                2.1819074785884976e-16,
                -0.9836643088798785,
                -0.3535874369265191,
                9.092889493661008e-17,
                -1.9428106429086459e-16
            ],
            [
                2.0563197079272125e-17,
                -7.925069540156725e-18,
                -4.905415071488611e-17,
                -0.3244260380441629,
                0.36688377854583015,
                3.1012584200704906e-17,
                9.123541025653522e-17,
                0.35358743692651856,
                -0.9836643088798783,
                4.2357894137034957e-16,
                3.193431229243212e-17
            ],
            [
                0.0013308331416719604,
                -0.04751387713225814,
                0.3621489585354586,
                -1.2141503049340623e-16,
                -1.7909173279937596e-17,
                0.4606297515205656,
                -0.18014847643277196,
                1.0598204033707866e-16,
                5.020565678110639e-16,
                1.1006912784933467,
                -0.9259695203561544
            ]
        ],
        [
            [
                0.00035046294068925285,
                0.1133268123394282,
                -0.28326849967353,
                4.202349794461962e-17,
                4.4672904202236415e-18,
                0.12006550907882221,
                -1.3405195673691024,
                1.4449097600506887e-15,
                8.590272305928199e-16,
                0.3927979201064453,
                -0.49670102623970525
            ],
            [
                0.0015761140432946513,
                -0.009060573698577183,
                -0.1279413397371624,
                -2.447030414467348e-16,
                -1.3034598114488862e-17,
                1.289089738033303,
                0.9209281555069865,
                -9.33943200763637e-16,
                7.509837872546495e-17,
                -0.012699547316625518,
                -0.5724168758259808
            ],
            [
                0.9955293812542076,
                -0.2319701337273116,
                -0.05697036396279599,
                -5.825737576559941e-17,
                5.575244277629699e-19,
                0.060785246990908495,
                -0.02967584948688831,
                1.7041373339663583e-16,
                1.0418129784113637e-16,
                0.06643033430967163,
                0.08536614384077645
            ],
            [
                0.02122562314925295,
                0.4999804874525493,
                0.12976222535059495,
                3.386416987085274e-16,
                -2.025779097670154e-17,
                -0.079475227290268,
                0.12244926180055406,
                -1.798853451611347e-15,
                -9.439340925332706e-16,
                -0.6515446042734567,
                -1.465797141807978
            ],
            [
