{
    "dist": 0.975,
    "thetas": [
        1.2344523002620233,
        -1.3437261884234306,
        -1.71624293364286,
        0.3224202031429355,
        1.3789642063384902,
        -0.4831363599630145,
        3.0207305475081876,
        1.1613194978062573,
        -0.1198083964293164,
        -0.6778456245845823,
        -0.9853415847636118,
        1.4391617560491943,
        -0.3859619696820067,
        -2.766625370449171,
        -0.6406068368903868,
        1.4953692364717712,
        -1.9949632941225846,
        -2.0391967572450125,
        0.1982431285443691,
        0.1999786276100073,
        0.844466128040513,
        2.1955447144109703,
        1.4102943992825638,
        0.6975812910408847,
        1.3976529930445434,
        -1.112381951244826,
        -0.8684074882794137,
        -1.7073724751617976,
        -1.296132872807237,
        0.8229472569938512,
        -2.5628802482082387,
        -0.4165678177032248,
        -0.4344020696261799,
        -0.039677701659869946,
        -0.46602203025102895,
        -1.1795975254072706,
        -0.46274838598426316,
        2.471737009701255,
        2.7907397004152337,
        0.011540174930514624
    ],
    "oo": false,
    "mo": [
        [
            [
                0.00035046267173484505,
                0.11332682694856282,
                -0.2832684859257445,
                2.05387885926548e-17,
                2.265574769758619e-18,
                0.12006529172547196,
                -1.3405197477894026,
                -7.344052868845242e-16,
                2.996373237664676e-16,
                0.39279776444473796,
                -0.4967007194595779
            ],
            [
                0.0015761128550624646,
                -0.009060398369826,
                -0.12794173331012745,
                1.8362704374777648e-16,
                -4.9763541141338925e-17,
                1.289089854670213,
                0.9209278880614036,
                8.712912795875976e-16,
                3.138528662417939e-16,
                -0.012699356515336359,
                -0.5724169624793575
            ],
            [
                0.9955293844668814,
                -0.2319700643088969,
                -0.05697039595837406,
                -8.071454401168974e-17,
                9.53038254674433e-18,
                0.060785281515971616,
                -0.029675852021934894,
                3.8511573785357945e-18,
                9.39250754777705e-17,
                0.0664303648565703,
                0.08536622442069335
            ],
            [
                0.021225607122425622,
                0.4999799161585415,
                0.12976212618181635,
                -3.0948346082315296e-16,
                6.037400064106238e-17,
                -0.07947524658645543,
                0.12244910836818458,
                9.93536084840656e-17,
                -1.1084435134784467e-15,
                -0.6515444899052063,
                -1.4657974082938994
            ],
            [
                -0.005604048840011157,
                0.5406861399869108,
                0.21848226329629372,
                2.1335335749991512e-16,
                1.2529079487467412e-17,
                -0.6667893846208758,
                -0.10562006125573364,
                -2.466668413606964e-16,
                8.15888999075289e-16,
                0.5044983702246806,
                1.8981402830768632
            ],
            [
                7.780000031679899e-17,
                -5.812950659801898e-17,
                1.879272704480639e-16,
                0.6204366799053769,
                0.2276861425227335,
                -1.5716915937007006e-16,
                -5.932521902379143e-16,
                0.9421044884336325,
                -0.09017754067286615,
                4.505778234359714e-18,
                1.572965097225203e-16
            ],
            [
                2.2148611300533022e-17,
                -6.626706799575621e-18,
                -1.620787759858341e-16,
                -0.22768614252273317,
                0.6204366799053763,
                -6.372317596833717e-17,
                -3.58260393492573e-16,
                0.09017754067286589,
                0.9421044884336325,
                -1.7355266929334647e-15,
                -2.108798799168038e-17
            ],
            [
                -0.0014017680036957929,
                -0.07022984970059011,
                0.5418581276558784,
                -7.50538491479088e-17,
                3.392946360666249e-17,
                0.2885633899642855,
                -0.39006614015322677,
                -3.464016283373326e-16,
                -1.441327014508003e-15,
                -0.813917590150641,
                0.43499369700348656
            ],
            [
                -9.917992502529201e-17,
                -9.696272816315905e-18,
                1.3337708497212273e-16,
                0.4597693671181411,
                0.16872489496464532,
                1.388377578678833e-16,
                7.121609808721523e-16,
                -1.0405285499625467,
                0.09959861861133251,
                -1.4991754938612563e-17,
                -1.2981542232648622e-16
            ],
            [
                -1.6827474670283e-17,
                -3.403384273137335e-18,
                -1.0356281884704791e-16,
                -0.16872489496464557,
                0.45976936711814215,
                1.1325164879724857e-16,
                3.878815531103727e-16,
                -0.09959861861133226,
                -1.0405285499625458,
                1.7129597047510256e-15,
                1.718608477424085e-17
            ],
            [
                0.0013308331416723078,
                -0.04751387713231593,
                0.3621489585355221,
                -1.5427963597566586e-16,
                6.47806092134664e-17,
                0.4606297515204258,
                -0.18014847643275303,
                1.9708677428808913e-16,
                1.8304232825981722e-15,
                1.1006912784935536,
                -0.9259695203559546
            ]
        ],
        [
            [
                0.00035046294068928234,
                0.11332681233948169,
                -0.2832684996734777,
                -2.2921114548331967e-16,
                -7.829796916207874e-17,
                0.1200655090788114,
                1.3405195673691654,
                -1.6134729910271366e-16,
                3.362994954562302e-16,
                0.3927979201064401,
                -0.4967010262395597
            ],
            [
                0.0015761140432945223,
                -0.009060573698520457,
                -0.1279413397371726,
                -4.897627322882858e-17,
                5.662785939616249e-17,
                1.289089738033348,
                -0.9209281555069322,
                9.605294240313458e-17,
                -7.590619187870164e-17,
                -0.012699547316419155,
                -0.5724168758259692
            ],
            [
                0.995529381254208,
                -0.23197013372728817,
                -0.056970363962833954,
                8.387958013281226e-17,
                -1.1157668223994109e-18,
                0.06078524699091753,
                0.02967584948689302,
                3.8698153620530175e-17,
                2.6540313553024496e-17,
                0.06643033430966527,
                0.08536614384080923
            ],
            [
                0.021225623149251336,
                0.4999804874523975,
                0.12976222535062565,
                4.661027926731756e-17,
                -1.9179748461269468e-16,
                -0.07947522729022022,
                -0.12244926180053664,
                -9.826715871933453e-17,
                -3.686560426395702e-16,
                -0.6515446042732043,
                -1.4657971418081432
            ],
            [
