{
    "dist": 0.975,
    "thetas": [
        -2.5287709601213337,
        1.6414803813162866,
        -1.59003560880642,
        -2.2736856643826595,
        -1.0590524771307073,
        -2.620091006236187,
        1.0805638702730578,
        1.9263856478817107,
        3.033156904623949,
        0.8523815356367708,
        -1.784906823715774,
        0.30804844092069095,
        0.2862616587592881,
        -1.6708493100302584,
        -2.4270321077610992,
        -0.0021408882716800193,
        -2.1858672487309487,
        0.2053727011067248,
        -0.709957412307384,
        1.1832958484577194,
        -0.7984222237963152,
        2.803306239164572,
        1.7426911958779803,
        0.6787995457048162,
        0.7240242391939691,
        0.8984175954042657,
        -1.4546610263684288,
        1.5717774374044264,
        -1.339383536813956,
        1.3155485702089766,
        -2.734525337846053,
        1.1929160071994263,
        0.3277801647640688,
        0.33820175022450627,
        -0.9642890583724819,
        -2.057033438959986,
        0.26347053222829064,
        -2.816318163146331,
        2.0455388131817855,
        1.3261728861889042
    ],
    "oo": false,
    "mo": [
        [
            [
                0.00035046267173473186,
                0.11332682694854034,
                -0.28326848592598075,
                -9.027652556664555e-17,
                1.2026806325541182e-17,
                0.12006529172536083,
                1.3405197477894208,
                1.1135964131301718e-16,
                1.0093150493590386e-16,
                0.39279776444451153,
                -0.4967007194596057
            ],
            [
                0.0015761128550618932,
                -0.009060398369786688,
                -0.1279417333106242,
                -1.3445338364081576e-16,
                1.4305760194471122e-17,
                1.2890898546701484,
                -0.9209278880614007,
                4.481256260067072e-16,
                8.557479578200117e-17,
                -0.01269935651546367,
                -0.5724169624793953
            ],
            [
                0.9955293844668817,
                -0.2319700643088959,
                -0.05697039595837703,
                -1.969474272215979e-16,
                6.934262311565468e-18,
                0.06078528151596151,
                0.02967585202193101,
                2.471123280005514e-17,
                9.287037202779467e-17,
                0.0664303648565831,
                0.08536622442068265
            ],
            [
                0.021225607122421403,
                0.4999799161585185,
                0.1297621261818467,
                2.1229409579888212e-16,
                -1.5757995002094485e-18,
                -0.07947524658645225,
                -0.12244910836815251,
                -7.33190091393998e-16,
                3.148217676948294e-16,
                -0.6515444899055127,
                -1.4657974082937724
            ],
            [
                -0.005604048840009801,
                0.540686139986944,
                0.2184822632964723,
                -1.5283750314899586e-16,
                -1.97447232713956e-17,
                -0.6667893846207877,
                0.10562006125570299,
                4.2024014655719227e-16,
                -4.080733843453657e-16,
                0.5044983702251254,
                1.8981402830767489
            ],
            [
                -1.4844445602873158e-16,
                9.905133180705528e-17,
                -3.712083108799177e-16,
                0.657893935379637,
                0.06291441058699616,
                -7.456224704037426e-17,
                5.254556079522691e-17,
                0.18610226327637414,
                0.9279325425762841,
                -1.3799665101917786e-16,
                1.4649498520876975e-16
            ],
            [
                -8.317865955490073e-17,
                -3.955496509558977e-18,
                4.921573345562013e-17,
                -0.06291441058699634,
                0.6578939353796369,
                3.184419161097107e-17,
                -2.1347328417709733e-16,
                -0.9279325425762838,
                0.1861022632763744,
                1.305495533317413e-15,
                2.7389947979410568e-17
            ],
            [
                -0.001401768003695005,
                -0.0702298497004646,
                0.541858127655592,
                1.9563321410368367e-16,
                -1.1589598150289439e-17,
                0.2885633899645082,
                0.39006614015320906,
                -1.036139568891628e-15,
                2.6833839831263375e-17,
                -0.8139175901506444,
                0.43499369700372487
            ],
            [
                2.5974851463630603e-16,
                2.6591253123525364e-17,
                -2.690926285769306e-16,
                0.4875267502665291,
                0.04662219316661262,
                5.933659107601595e-17,
                2.5705172730970017e-17,
                -0.20554484192476252,
                -1.024876024733971,
                1.3666181073762738e-16,
                -1.371638007857553e-16
            ],
            [
                8.141488100923787e-17,
                -9.562494505277143e-19,
                3.667803813453982e-17,
                -0.046622193166612556,
                0.48752675026652825,
                -5.2324887814892936e-17,
                2.273696865304823e-16,
                1.024876024733971,
                -0.20554484192476286,
                -1.272721457866909e-15,
                -2.477878227616004e-17
            ],
            [
                0.0013308331416715588,
                -0.04751387713226167,
                0.3621489585353905,
                3.1836407770352504e-16,
                3.733468707595218e-18,
                0.4606297515207197,
                0.18014847643296766,
                1.34594519095899e-15,
                6.417549654212906e-17,
                1.100691278493272,
                -0.9259695203561552
            ]
        ],
        [
            [
                0.00035046294068983636,
                0.11332681233939872,
                -0.2832684996733352,
                1.236732424824165e-16,
                1.222070486716164e-16,
                0.120065509078866,
                1.340519567369106,
                -1.8278433376162114e-15,
                -7.222525051087392e-17,
                0.39279792010659514,
                -0.4967010262396849
            ],
            [
                0.0015761140432940337,
                -0.009060573698585336,
                -0.12794133973697705,
                1.2362807019380128e-16,
                1.1698293961851596e-16,
                1.2890897380333348,
                -0.9209281555069719,
                1.4225976693181531e-15,
                2.4889810612889664e-16,
                -0.01269954731657981,
                -0.5724168758259732
            ],
            [
                0.9955293812542074,
                -0.23197013372731154,
                -0.05697036396278901,
                3.4651765099653217e-16,
                2.228063612579296e-16,
                0.06078524699091289,
                0.029675849486885817,
                3.838540538282689e-17,
                -1.949907745222521e-17,
                0.06643033430966802,
                0.08536614384078446
            ],
            [
                0.02122562314925384,
                0.4999804874525419,
                0.12976222535055762,
                -2.5339920490435612e-17,
                -1.1914190356710034e-17,
                -0.07947522729027982,
                -0.12244926180054586,
                9.35718376520867e-16,
                -3.5003394582964844e-17,
                -0.6515446042732963,
                -1.465797141808055
            ],
            [
