{
    "dist": 1.6,
    "thetas": [
        2.285571396673803,
        -1.3514756789437503,
        -2.681309192325017,
        1.6539681345510768,
        -0.297074922600983,
        0.265759097311558,
        1.4239946207429375,
        2.1922354457653626,
        1.6851501599552883,
        1.4648852168254765,
        -1.621147105353423,
        1.3842403401038794,
        -2.7747972234408573,
        -0.5675668759471639,
        0.6953744050146056,
        -1.5336320738538296,
        -1.3466629957570095,
        1.1590199036646274,
        2.142061872320946,
        1.9424682268417985,
        -3.1411936979972466,
        2.661620723129924,
        1.9287190028927457,
        2.865210417567324,
        -0.09595058622705643,
        1.0214825905762295,
        1.4690505556903348,
        -0.21292378582540206,
        1.9191876336743157,
        -0.38963584749314606,
        -2.330811864735062,
        0.8931583869241067,
        -0.13418557120045138,
        0.9935021116792697,
        -2.6178707404175032,
        1.0287028169829453,
        -0.056925124332792176,
        1.6041885760146908,
        -0.4531873031628644,
        -1.0693315257619167
    ],
    "oo": false,
    "mo": [
        [
            [
                2.1144233073267517e-05,
                0.026322124186097633,
                -6.621299401068974e-18,
                1.1915542282676348e-16,
                -0.2125155947680954,
                -0.27431173988442414,
                1.2769238220090655,
                -3.246514476453409e-16,
                6.631689028723485e-16,
                0.24304442569791773,
                -0.05772109784941955
            ],
            [
                0.0006807927473594613,
                0.01557185737625345,
                1.3730578054439351e-17,
                1.93060568567804e-16,
                -0.3162076309687002,
                -0.7602452176488197,
                -1.2293586077985617,
                3.524996027678593e-16,
                -6.062464295978154e-16,
                -0.021595501091358847,
                -0.3112400688737244
            ],
            [
                0.9955883826824456,
                -0.23892064927548443,
                -4.0181779013282394e-18,
                -3.3606085423985356e-17,
                -0.024059186583469675,
                -0.030167436610775186,
                -0.013053274860569989,
                6.285887217189858e-17,
                1.1292191250907276e-16,
                0.04518739201316934,
                0.1101224293038594
            ],
            [
                0.020463987680794157,
                0.5220024185600101,
                1.0606637276771536e-17,
                1.0355706727077831e-16,
                0.0670621795469679,
                0.05230422751424455,
                -0.0016827025243099545,
                -7.594833361207382e-16,
                -1.36978463366952e-15,
                -0.5305491240799056,
                -1.4173470830985704
            ],
            [
                -0.004349117074628034,
                0.562062370923629,
                4.6436352110010144e-17,
                -1.739764748460909e-16,
                0.08154612229022809,
                0.1935542845234658,
                0.23232499927166442,
                6.760870705182374e-16,
                1.4288879246065736e-15,
                0.5096586399214695,
                1.4635438865525936
            ],
            [
                7.451943611103331e-18,
                -5.585301663454361e-17,
                0.21668804572383735,
                0.6313541450817022,
                4.039372138626628e-16,
                -1.1945054061261037e-17,
                3.2385843231925243e-16,
                0.6668937234943783,
                -0.6649560174401253,
                4.452902648183077e-16,
                1.617852805483014e-16
            ],
            [
                -2.3286320617345832e-17,
                -2.6134963602105312e-17,
                0.6313541450817013,
                -0.21668804572383715,
                -1.79538744087148e-16,
                1.9497066228642877e-17,
                -9.360199833671977e-17,
                -0.6649560174401253,
                -0.6668937234943788,
                1.4650337219030553e-15,
                8.537887333609683e-16
            ],
            [
                -0.0006679569768908725,
                -0.008152984246251233,
                3.599912213700991e-17,
                -3.4359787125947357e-16,
                0.5014014091086417,
                -0.3778046970090273,
                0.1469074912083656,
                -4.435283545192057e-16,
                -8.96973988244572e-16,
                -0.8963126537933824,
                0.37499476815851746
            ],
            [
                9.354243103349158e-18,
                -8.383686631728904e-18,
                0.15660583006083711,
                0.4562953144119557,
                3.181589328179552e-16,
                -7.04592579758295e-17,
                -3.62840715237411e-16,
                -0.7426118555920276,
                0.7404541452435168,
                -4.4724364563434e-16,
                -8.074043583165476e-17
            ],
            [
                1.0523257322937923e-17,
                -8.33718810475961e-18,
                0.45629531441195575,
                -0.15660583006083784,
                -1.32137173516656e-16,
                2.882927976563635e-17,
                9.20228212299563e-17,
                0.7404541452435163,
                0.7426118555920279,
                -1.4023361975999904e-15,
                -6.700764342153817e-16
            ],
            [
                0.000483219090901896,
                -0.017434319319296284,
                5.3701827986109494e-17,
                -3.2589320130447013e-16,
                0.3998585473973875,
                -0.4063789546787796,
                -0.23263455348295944,
                5.340065406961399e-16,
                8.738020097235383e-16,
                0.988751341729327,
                -0.48055971152334903
            ]
        ],
        [
            [
                2.1144098462757278e-05,
                0.026321948427288223,
                -4.213133182754803e-17,
                1.1822714625913017e-17,
                -0.2125134123178885,
                -0.2743122527233796,
                1.2769239874025393,
                -1.3884178667225007e-17,
                1.1527343937897415e-16,
                0.2430449846026837,
                -0.05772076377741921
            ],
            [
                0.0006807933300579726,
                0.015571656719245026,
                -1.33085818689121e-16,
                -1.0826674577664634e-18,
                -0.3162041946742575,
                -0.7602474459558027,
                -1.2293581109638132,
                5.536569125622035e-17,
                -1.0571268251423867e-16,
                -0.021595051742000607,
                -0.3112401206998614
            ],
            [
                0.9955883788773433,
                -0.23892070992594086,
                -1.716925079462127e-17,
                6.516745437738005e-18,
                -0.024059074797912063,
                -0.030167444656503388,
                -0.013053265783623858,
                -2.343339247982347e-17,
                7.087463508446491e-17,
                0.04518717675038831,
                0.11012244374265798
            ],
            [
                0.02046400495721179,
                0.5220029109871861,
                2.8078651086416984e-17,
                -5.1401815620755066e-17,
                0.06706181079355086,
                0.0523045055537688,
                -0.0016827223890502829,
                2.7475497827804175e-16,
                -9.169882495375797e-16,
                -0.5305462414517554,
                -1.4173479876918633
            ],
            [
