{
    "dist": 1.6,
    "thetas": [
        1.704757879308132,
        -3.011204310279467,
        0.8397366260192594,
        1.563280899135842,
        -0.009380718364163876,
        -1.7291536732871136,
        -1.8971269718342263,
        1.6369627429575306,
        -2.0790379300152217,
        -2.586537231132677,
        1.1646500873100205,
        2.8487544111850127,
        -3.1167849646094092,
        0.07660625016677525,
        1.9642554329689128,
        0.70702212977712,
        1.3933297522764283,
        -1.3076812305427234,
        2.6249522282931705,
        1.3482194095209188,
        0.2673141479915979,
        -2.2483118993788564,
        -0.7958234754631421,
        1.0941137716709264,
        -0.3654729438307087,
        -0.4146023075677032,
        0.7399517487893483,
        0.08255001257991035,
        0.94497336375301,
        0.6348464674842362,
        1.917773905749895,
        0.1360130698619595,
        2.567616643692406,
        -1.1357731497354906,
        -2.5732197993538017,
        -1.2522384758651308,
        -2.425407785880496,
        2.0651656802006935,
        -2.846934388642458,
        0.7934855547557511
    ],
    "oo": false,
    "mo": [
        [
            [
                2.1144233073212222e-05,
                0.026322124186097834,
                -2.1707191954364744e-17,
                -3.552190903214165e-17,
                -0.21251559476809534,
                -0.2743117398844232,
                -1.2769238220090662,
                3.46452421044206e-16,
                -4.709482352883346e-16,
                0.24304442569791673,
                -0.057721097849416717
            ],
            [
                0.0006807927473594336,
                0.015571857376252596,
                -1.3805825915049132e-17,
                1.1895294332653515e-16,
                -0.316207630968699,
                -0.7602452176488209,
                1.2293586077985614,
                -3.8751146615983753e-16,
                5.804018726372018e-16,
                -0.02159550109135274,
                -0.31124006887372413
            ],
            [
                0.9955883826824449,
                -0.23892064927548426,
                5.0594414581616926e-17,
                -5.2269190772743886e-17,
                -0.024059186583469706,
                -0.03016743661077494,
                0.013053274860569836,
                -5.006804976560037e-17,
                1.7493645778053892e-16,
                0.0451873920131679,
                0.11012242930385968
            ],
            [
                0.02046398768079361,
                0.5220024185600098,
                -5.3222664444137205e-17,
                5.213581524827943e-16,
                0.0670621795469682,
                0.05230422751424355,
                0.001682702524311227,
                5.912434208646212e-16,
                -1.9736115583258355e-15,
                -0.5305491240798872,
                -1.4173470830985766
            ],
            [
                -0.004349117074627501,
                0.5620623709236285,
                1.762696688584715e-16,
                -5.044603492279041e-16,
                0.08154612229022833,
                0.19355428452346593,
                -0.23232499927166525,
                -5.169015251560033e-16,
                1.7993512995606957e-15,
                0.5096586399214503,
                1.4635438865525996
            ],
            [
                -2.0074961683297154e-17,
                -2.8990623225126185e-17,
                0.5646709652006714,
                0.355961327577593,
                -7.843698718477646e-17,
                6.329750621177586e-17,
                -2.960096308088674e-16,
                -0.9330737028933014,
                -0.1276213482729823,
                -3.094764362465916e-16,
                -1.5505848093900557e-16
            ],
            [
                6.383424655778936e-17,
                1.460775795342781e-17,
                -0.3559613275775927,
                0.5646709652006712,
                7.14416183166028e-17,
                1.5617849206774698e-17,
                -3.9074048694338066e-16,
                -0.1276213482729821,
                0.9330737028933019,
                -1.6792274832156001e-15,
                -9.70323774669502e-16
            ],
            [
                -0.0006679569768907771,
                -0.008152984246252142,
                -1.590318401992528e-17,
                2.1179247228571072e-17,
                0.5014014091086425,
                -0.3778046970090269,
                -0.1469074912083651,
                4.072069917856685e-16,
                -1.2690445814557724e-15,
                -0.8963126537933869,
                0.374994768158506
            ],
            [
                -2.7642492461606046e-17,
                -7.065280329800358e-18,
                0.40810172486030283,
                0.2572620884028517,
                -4.0052078168411244e-17,
                -3.1923532530067404e-17,
                2.674048946774251e-16,
                1.0390135181944897,
                0.14211128837375336,
                2.782213991654221e-16,
                1.3911829852594099e-16
            ],
            [
                -3.2156651822726484e-17,
                -9.936083813773813e-20,
                -0.2572620884028522,
                0.4081017248603031,
                5.108172225494308e-17,
                -4.413004320332951e-17,
                4.2998154484863835e-16,
                0.14211128837375292,
                -1.0390135181944897,
                1.82257139999415e-15,
                8.846114388766382e-16
            ],
            [
                0.0004832190909017561,
                -0.01743431931929672,
                2.179056600334796e-16,
                -7.816595733297952e-18,
                0.39985854739738785,
                -0.4063789546787788,
                0.2326345534829582,
                -5.058001089513531e-16,
                1.4308334734378335e-15,
                0.9887513417293338,
                -0.48055971152333665
            ]
        ],
        [
            [
                2.1144098462839244e-05,
                0.026321948427288428,
                3.1255560791110473e-18,
                -5.864936245940141e-17,
                -0.21251341231789034,
                -0.2743122527233793,
                -1.2769239874025389,
                -5.931386431958733e-16,
                -1.1222305106770861e-17,
                0.24304498460268187,
                -0.057720763777419706
            ],
            [
                0.0006807933300578343,
                0.0155716567192466,
                -1.2429754284720457e-16,
                -1.3856183838534458e-16,
                -0.3162041946742617,
                -0.7602474459558002,
                1.2293581109638128,
                5.958821520224253e-16,
                -3.844423585191088e-17,
                -0.02159505174200103,
                -0.31124012069986234
            ],
            [
                0.9955883788773442,
                -0.23892070992594105,
                2.2306479735368022e-17,
                6.541982778731537e-17,
                -0.024059074797912874,
                -0.03016744465650327,
                0.01305326578362414,
                -8.002216349082629e-17,
                -2.6651205118920194e-18,
                0.04518717675038885,
                0.11012244374265748
            ],
            [
                0.020464004957211665,
                0.5220029109871877,
                -1.4597310834844995e-16,
                3.3357123787937444e-17,
                0.06706181079355239,
                0.0523045055537688,
                0.001682722389049679,
                9.763659512301699e-16,
                2.695911946572732e-17,
                -0.5305462414517634,
                -1.417347987691861
            ],
            [
