{
    "dist": 2.3,
    "thetas": [
        -2.8354451983958078,
        -1.325063087034727,
        1.3883725037911319,
        -3.0057737497215755,
        -1.8477417604476294,
        -2.822574873123744,
        -1.2423623306579668,
        1.0298787548813921,
        -1.2056528250732828,
        0.5252194785450901,
        -2.7044654537614434,
        2.30847045561727,
        -2.304417780706233,
        -2.022402397232817,
        -0.02557539272590459,
        2.285192262914668,
        1.6269921026744445,
        2.9561452268403734,
        1.6292459897763445,
        -0.7272784976778075,
        -0.573539651253947,
        1.3405831056173065,
        -1.4409243148323205,
        2.2248939625261066,
        2.5959857833208897,
        1.6383787056745502,
        0.10473151153364979,
        -2.0870494395307757,
        -1.2648536355851678,
        -1.357525884977483,
        -1.0856553998608915,
        -0.2504456690610555,
        0.278774624247891,
        -1.7756227029474454,
        1.8841282659115013,
        1.4243004011860876,
        2.194670844684585,
        -1.460703581689548,
        0.7214649379889844,
        0.9597947146749215
    ],
    "oo": false,
    "mo": [
        [
            [
                -0.00016696970278613448,
                0.007273850481279372,
                2.3384822947240624e-16,
                -2.3644529222023337e-17,
                -0.1847997022562269,
                -0.3083172357049999,
                -1.2711399003353097,
                3.446771271725815e-16,
                6.323302936596604e-16,
                -0.1415007480711413,
                -0.20449018979832329
            ],
            [
                0.0003861188069958472,
                0.013227623834900094,
                5.554597398710075e-16,
                -2.913060744747363e-17,
                -0.3996858251293581,
                -0.6148429320018923,
                1.1096526630713686,
                -7.801023141046242e-16,
                -7.215027592206917e-16,
                0.22979115213100973,
                0.28873725569581266
            ],
            [
                0.9955874311749143,
                -0.2400445272806798,
                2.1255858128554726e-16,
                1.7228878034748143e-17,
                -0.00982870816409981,
                -0.011179566781113832,
                0.02012690131288016,
                5.568281464154447e-17,
                3.1645290743393697e-17,
                0.023741589498466557,
                -0.11862802933547936
            ],
            [
                0.020345398163211844,
                0.5268131796341533,
                -1.851226526540892e-16,
                -1.1853085782527814e-16,
                0.03272134862370209,
                0.02415850943933954,
                -0.12426972129701402,
                7.538250715268759e-16,
                2.8248370343683507e-16,
                -0.26859092670587775,
                1.4596579876926183
            ],
            [
                -0.004093949404928312,
                0.5633177272563628,
                -3.640515673658891e-16,
                3.907672460962683e-17,
                0.01952854773360623,
                0.04422900536741195,
                0.03532022617551854,
                -6.211010581655348e-16,
                -2.2624790231029045e-16,
                0.24591124375453347,
                -1.4429351751204325
            ],
            [
                -7.057918704007183e-17,
                3.1684435702039746e-16,
                0.6292988120819126,
                0.22481696925029196,
                2.7120288093537575e-15,
                -1.1669434213100029e-15,
                6.2125786581137e-17,
                -0.9315187650818189,
                0.13486524751522455,
                -3.696541777205497e-15,
                -2.945954578230152e-16
            ],
            [
                2.1468832147906268e-17,
                -5.1013144847418674e-17,
                -0.22481696925029146,
                0.6292988120819122,
                -1.0076794892665048e-15,
                4.0446184689165757e-16,
                8.344599897224006e-17,
                0.13486524751522486,
                0.9315187650818194,
                1.895513898432551e-15,
                9.174749054770419e-17
            ],
            [
                -0.00029050754908977697,
                -7.306132427753059e-05,
                -3.1631254696071558e-15,
                -3.6185625243379565e-17,
                0.5003489041870606,
                -0.3710198182199018,
                0.10589698348904063,
                3.915344561220541e-15,
                1.2815352607807648e-15,
                -0.953594473893582,
                -0.18086202557873582
            ],
            [
                -7.837355891148908e-17,
                1.229977707519365e-16,
                0.45351766185553677,
                0.1620191620933317,
                2.1916980314745085e-15,
                -1.039122324476181e-15,
                -2.7391250520631304e-17,
                1.0382445896204544,
                -0.15031700789001992,
                4.076346613762211e-15,
                1.8834415136194554e-16
            ],
            [
                4.4622903617546667e-17,
                -2.6769113025647965e-17,
                -0.16201916209333192,
                0.45351766185553755,
                -8.204144280986972e-16,
                3.6723481538317535e-16,
                -1.156983221868565e-16,
                -0.1503170078900202,
                -1.038244589620454,
                -2.1070243120698445e-15,
                -8.296118304824948e-17
            ],
            [
                0.00016376036960194344,
                -0.005123799260448921,
                -2.4525771079745324e-15,
                8.613940852449213e-17,
                0.41797073068893115,
                -0.33339379557777765,
                0.015747961288783356,
                -4.4291992851112984e-15,
                -1.4867174133720992e-15,
                1.0334885227580264,
                0.215734465608645
            ]
        ],
        [
            [
                -0.0001669696354870709,
                0.007273879271459524,
                -3.4087545030287147e-16,
                -5.499332163886253e-18,
                -0.18480058813358427,
                -0.3083169403429541,
                1.2711398693215707,
                5.264211687036855e-16,
                5.933363487003571e-17,
                -0.14150040341039333,
                -0.2044902648043145
            ],
            [
                0.00038611872623707646,
                0.013227685942928518,
                -8.056135116610971e-16,
                5.813648207510333e-18,
                -0.3996874602077338,
                -0.6148416616190134,
                -1.1096528206476681,
                -9.548357019404414e-16,
                -1.7292431788394227e-16,
                0.2297907041827372,
                0.2887374455711636
            ],
            [
                0.9955874322310384,
                -0.24004451201692942,
                -1.1314543899599609e-17,
                1.0871458040697451e-17,
                -0.009828683414066739,
                -0.01117960079348276,
                -0.020126905705050206,
                8.245531951680918e-18,
                -1.9287637991430932e-16,
                0.02374170363444763,
                -0.11862802661567264
            ],
            [
                0.020345393442116312,
                0.5268130451000462,
                2.898492757380785e-16,
                -1.3477438378332895e-16,
                0.03272143960868452,
                0.024158445764716867,
                0.12426966103295582,
                -1.8539107454316335e-16,
                1.6672317341942957e-15,
                -0.2685925911362851,
                1.4596577341867825
