{
    "OVOS": [
        -102.95586989401998,
        -103.080541
    ],
    "UHF": [
        -102.67157736320628,
        -103.085393
    ],
    "UMP2": [
        -102.87929600892768,
        -103.085395
    ]
}