{
    "dist": 1.3,
    "thetas": [
        0.7003270491300002,
        -0.053869488946690414,
        1.2521357632657004,
        -1.9190780120328719,
        1.7275848218570173,
        1.3062330150862813,
        -0.8477272751259246,
        2.9662757615906044,
        -2.557455115564175,
        -0.5417974658723006,
        -2.7579177865614644,
        -1.2611919830145855,
        3.116726685272372,
        2.6474127966978234,
        -0.2979985587264111,
        2.634381324251887,
        -1.3107404352401797,
        0.3796338484110535,
        -0.2565573770438969,
        -3.0272038179249767,
        2.8195056772726383,
        -1.1887936715863368,
        2.1463338267637173,
        -3.0008659805164486,
        0.5090497007790056,
        0.6544887072823364,
        2.188024353240066,
        -1.163240541119771,
        2.7880790271266633,
        1.5137781885772634,
        2.5272337397359106,
        2.304403660937262,
        2.5192370373805115,
        1.4045127989437134,
        0.1702470555831357,
        1.6657501249314342,
        -1.7526813500610607,
        1.5617571314008787,
        1.6891796897122564,
        -0.763262672723064
    ],
    "oo": false,
    "mo": [
        [
            [
                0.0002528593155321133,
                0.049841907940165235,
                -0.23811513135712,
                1.7054813460126027e-16,
                6.847921232986077e-16,
                -0.4000910026013047,
                -1.2976016516564822e-16,
                -7.400698670378437e-18,
                0.042893570044310006,
                1.283384640094728,
                0.019008247766087345
            ],
            [
                0.0008950449931445741,
                0.01108484946868594,
                -0.2417851345161955,
                2.7099095672298115e-16,
                6.667518890532103e-16,
                -0.3570634720082577,
                -4.2007796911681025e-16,
                9.455624445876474e-18,
                0.19439420251023679,
                -1.0692405161552192,
                1.052477932579628
            ],
            [
                0.9955759273406807,
                -0.2370617846777976,
                -0.036143294507024325,
                3.8044421187272224e-17,
                1.8663996415114666e-16,
                -0.045550864042904926,
                2.4289817079113055e-16,
                -1.3415582158168489e-17,
                -0.11538949792224483,
                -0.00791087423149381,
                0.00011042214276161542
            ],
            [
                0.020678147945566994,
                0.5143359104743588,
                0.09318763750448626,
                -4.249627120940906e-17,
                -3.805535400639796e-16,
                0.2358710986336064,
                -3.0942655739199702e-15,
                1.6760287754218885e-16,
                1.4723943250098606,
                0.0842212106953327,
                0.39096575456124155
            ],
            [
                -0.004700281380104085,
                0.560534469075702,
                0.12858738027791272,
                -1.0934556537166282e-16,
                -2.1812186239857827e-16,
                0.002256594507582095,
                3.18992902314312e-15,
                -1.6705379085498222e-16,
                -1.5139011368224282,
                0.1136977024651154,
                -0.7924166943562337
            ],
            [
                9.148438809430616e-18,
                -3.8779976177183496e-18,
                -2.1180496786951453e-16,
                0.6251493293369427,
                -0.22624090498163102,
                -2.6677358721571112e-17,
                -0.38728798089727356,
                -0.8605154839005906,
                -7.773158430798727e-16,
                -2.4313619516729603e-17,
                -5.0569071089856684e-17
            ],
            [
                -3.6982166228388795e-17,
                -1.3255920498494854e-17,
                1.902501683181306e-15,
                0.22624090498163107,
                0.6251493293369429,
                2.514119843551849e-17,
                -0.8605154839005896,
                0.3872879808972741,
                -1.9959703697758786e-15,
                -1.5112253576772056e-18,
                -3.5617726251582396e-17
            ],
            [
                -0.0009736285809724468,
                -0.02399042733858258,
                0.5132369076874815,
                -4.045300199688315e-16,
                -1.4763363419648037e-15,
                -0.7897344991823345,
                -4.727946824166792e-16,
                1.0262926341033026e-16,
                0.22104598400481387,
                -0.26049269985102874,
                -0.6127370004848847
            ],
            [
                1.0853595433623464e-18,
                -2.7336951162366076e-18,
                -1.3680718707528982e-16,
                0.45642662274430823,
                -0.16518032946928998,
                3.565037956111723e-17,
                0.42983219057207545,
                0.9550444984356187,
                8.437920834587818e-16,
                3.3221768669598726e-17,
                6.423040497317208e-17
            ],
            [
                -5.941891743621828e-17,
                -5.45399076200507e-18,
                1.3837838017415726e-15,
                0.16518032946928976,
                0.45642662274430823,
                -1.1822611831923192e-17,
                0.9550444984356179,
                -0.429832190572076,
                2.267827740151582e-15,
                -8.237512371772477e-18,
                -1.787314675440403e-20
            ],
            [
                0.000811132590725055,
                -0.03175082661237591,
                0.39367504597303216,
                -1.2874094742450998e-16,
                -1.025170326751087e-15,
                0.17588460584292467,
                3.660872049565538e-16,
                -1.0850721211816958e-16,
                -0.18696771195809414,
                0.3966762406399365,
                1.201135933356721
            ]
        ],
        [
            [
                0.0002528593155321133,
                0.049841907940165235,
                -0.23811513135712,
                1.7054813460126027e-16,
                6.847921232986077e-16,
                -0.4000910026013047,
                7.599207251977757e-17,
                -2.26328411888266e-16,
                -0.0428935700443094,
                1.2833846400947273,
                0.019008247766132125
            ],
            [
                0.0008950449931445741,
                0.01108484946868594,
                -0.2417851345161955,
                2.7099095672298115e-16,
                6.667518890532103e-16,
                -0.3570634720082577,
                2.6913220028313327e-16,
                -6.952783366153887e-16,
                -0.19439420251023704,
                -1.0692405161552558,
                1.0524779325795908
            ],
            [
                0.9955759273406807,
                -0.2370617846777976,
                -0.036143294507024325,
                3.8044421187272224e-17,
                1.8663996415114666e-16,
                -0.045550864042904836,
                -2.350200326538216e-16,
                5.051311008636189e-16,
                0.11538949792224498,
                -0.007910874231493795,
                0.00011042214276139401
            ],
            [
                0.020678147945566994,
                0.5143359104743588,
                0.09318763750448626,
                -4.249627120940906e-17,
                -3.805535400639796e-16,
                0.23587109863360534,
                2.9566122149645168e-15,
                -6.382412357270269e-15,
                -1.4723943250098614,
                0.08422121069531906,
                0.39096575456124355
            ],
