{
    "dist": 2.6,
    "thetas": [
        0.08760861272552134,
        1.7163466416595838,
        2.32746579231868,
        -3.091032184819611,
        -1.1954644373498238,
        2.8752090916942024,
        0.08241473380009046,
        -1.141752631729318,
        0.24630047087519147,
        -1.751406850186827
    ],
    "oo": false,
    "mo": [
        [
            [
                0.2170390088685829,
                -0.23760805467059182,
                0.8960447509176144,
                -0.9360011562260493
            ],
            [
                0.5125493318548959,
                -0.5655117820732917,
                -0.6937810746325502,
                0.8761988582213586
            ],
            [
                0.21703900886857433,
                0.23760805467059573,
                0.8960447509175972,
                0.9360011562260662
            ],
            [
                0.5125493318548808,
                0.5655117820733085,
                -0.6937810746325317,
                -0.8761988582213701
            ]
        ],
        [
            [
                0.2170390213132175,
                0.23760806306781485,
                0.8960447479032669,
                0.9360011540943971
            ],
            [
                0.5125493222193596,
                0.5655117742125984,
                -0.693781081751029,
                -0.8761988632947918
            ],
            [
                0.21703902131322605,
                -0.2376080630678108,
                0.896044747903288,
                -0.9360011540943759
            ],
            [
                0.5125493222193752,
                -0.5655117742125811,
                -0.6937810817510504,
                0.8761988632947761
            ]
        ]
    ],
    "iterations": 44,
    "final_energy": -1.195422,
    "iter_energies": [
        -1.0483050585098748,
        -1.0510101572863975,
        -1.0522031217786254,
        -1.0539700451576883,
        -1.0554636324990077,
        -1.0584410860411175,
        -1.0618234827803286,
        -1.0871767892311845,
        -1.0934879578145835,
        -1.1237038657483105,
        -1.140594637788844,
        -1.1668288627944665,
        -1.181860736100641,
        -1.1899929272710266,
        -1.1917808428271948,
        -1.1935885762080505,
        -1.1938031897325798,
        -1.1938735395320483,
        -1.1938887717695907,
        -1.1939142296975234,
        -1.1939595375379128,
        -1.1940427492551324,
        -1.1941952593708502,
        -1.194404499907813,
        -1.1946189085193852,
        -1.194909719404162,
        -1.1949867271647021,
        -1.1950298059697895,
        -1.1951013726347306,
        -1.1951944131109962,
        -1.1952562697546427,
        -1.1953003462851042,
        -1.1953610540106565,
        -1.19537606654766,
        -1.1953954209947093,
        -1.1954119635955163,
        -1.1954179766235729,
        -1.195421176702594,
        -1.19542185417904,
        -1.1954219523394334,
        -1.1954219627418055,
        -1.1954219653299614,
        -1.1954219653351414,
        -1.1954219653358364
    ],
    "function_evaluations": 53,
    "gradient_evaluations": 53
}