{
    "dist": 1.85,
    "thetas": [
        -2.5287709601213337,
        1.6414803813162866,
        -1.59003560880642,
        -2.2736856643826595,
        -1.0590524771307073,
        -2.620091006236187,
        1.0805638702730578,
        1.9263856478817107,
        3.033156904623949,
        0.8523815356367708,
        -1.784906823715774,
        0.30804844092069095,
        0.2862616587592881,
        -1.6708493100302584,
        -2.4270321077610992,
        -0.0021408882716800193,
        -2.1858672487309487,
        0.2053727011067248,
        -0.709957412307384,
        1.1832958484577194,
        -0.7984222237963152,
        2.803306239164572,
        1.7426911958779803,
        0.6787995457048162,
        0.7240242391939691,
        0.8984175954042657,
        -1.4546610263684288,
        1.5717774374044264,
        -1.339383536813956,
        1.3155485702089766,
        -2.734525337846053,
        1.1929160071994263,
        0.3277801647640688,
        0.33820175022450627,
        -0.9642890583724819,
        -2.057033438959986,
        0.26347053222829064,
        -2.816318163146331,
        2.0455388131817855,
        1.3261728861889042
    ],
    "oo": false,
    "mo": [
        [
            [
                -0.00011679790949493336,
                0.016569011744684673,
                -4.272641972718218e-17,
                -1.6423121882029945e-16,
                -0.19888999695378548,
                -0.2936681363119652,
                1.2949415229806607,
                8.858862447153715e-17,
                2.0591904379926632e-17,
                0.07123592574086406,
                0.1239306072086643
            ],
            [
                0.0005828811938713706,
                0.015321791613246698,
                4.013684611335472e-17,
                -3.386211466430879e-16,
                -0.35673879752228443,
                -0.6793091218100963,
                -1.1892071530577084,
                -3.62751264152866e-16,
                1.4871840078067642e-16,
                0.12244800862662365,
                -0.34083166972988255
            ],
            [
                0.9955904564035923,
                -0.23958995840060462,
                -3.657907080769757e-17,
                -1.0502451378684905e-17,
                -0.017362944085130685,
                -0.021367849754349418,
                -0.020357559206157273,
                5.001532767453128e-18,
                -2.1889674183698244e-17,
                0.028311067530334924,
                0.11625545009695121
            ],
            [
                0.020393287401884543,
                0.5250783760823453,
                1.7404655547781413e-16,
                -1.4969272376223464e-16,
                0.05120443687980413,
                0.0405194138339579,
                0.07375642168678495,
                -3.323184747933964e-16,
                3.3650039671450386e-16,
                -0.32189901142895144,
                -1.4648270360975575
            ],
            [
                -0.004215874001360235,
                0.5623996603300446,
                -5.1189975042689625e-17,
                2.9433207987267126e-16,
                0.05307116420062306,
                0.11511763315912167,
                0.10325153041452752,
                4.0236473472246644e-16,
                -3.3522516561904874e-16,
                0.2928228966580928,
                1.4832052020363222
            ],
            [
                -2.3356451581866567e-18,
                -1.1293655415870794e-17,
                0.6465725840855735,
                -0.16959493679729137,
                1.233631623342502e-16,
                -1.3746625226118904e-19,
                -3.353107008959883e-17,
                0.36061801369854996,
                0.8692592296635286,
                1.029019125351173e-18,
                2.0491517267190893e-16
            ],
            [
                2.000362137144574e-17,
                -6.367480887974455e-17,
                0.16959493679729185,
                0.6465725840855738,
                -9.87767609970447e-16,
                2.61321466850692e-16,
                1.4120007841917931e-16,
                0.8692592296635286,
                -0.36061801369855057,
                9.965589065108323e-16,
                -6.250045585447607e-16
            ],
            [
                -0.0004928079135154916,
                -0.0027711513694691045,
                1.2454655302022337e-16,
                1.0310271220242398e-15,
                0.4985113686897533,
                -0.37818418191622316,
                0.030206905657628052,
                9.030242149405704e-16,
                -5.038274160328213e-16,
                -0.9494059098042746,
                0.2369937689951707
            ],
            [
                3.9882327639516717e-19,
                -2.291066452715466e-17,
                0.4656225401604871,
                -0.1221320346911907,
                5.621532431446939e-17,
                9.639203841851007e-18,
                3.201152208225433e-17,
                -0.4020313920292229,
                -0.9690849731871941,
                7.750540585535688e-17,
                -1.4068074039814583e-16
            ],
            [
                -1.1245927739403695e-17,
                -1.3037678496694631e-17,
                0.12213203469119052,
                0.4656225401604867,
                -7.787273166533416e-16,
                2.247408829389309e-16,
                -1.5622286233822465e-16,
                -0.9690849731871938,
                0.40203139202922333,
                -9.864579292121514e-16,
                4.550005559042033e-16
            ],
            [
                0.00032919186482620484,
                -0.01053976143886951,
                2.5696091001150645e-16,
                6.091107457810249e-16,
                0.4048906431409671,
                -0.3732944028800761,
                -0.16665834101276872,
                -1.073629145464476e-15,
                5.972115877678578e-16,
                1.0369694832430385,
                -0.30334414249299296
            ]
        ],
        [
            [
                -0.00011679804690881485,
                0.016568976504259727,
                1.8439844761015684e-16,
                3.422583875607835e-17,
                -0.19888893305280891,
                -0.29366841825119316,
                -1.2949416143730372,
                2.2881681785016014e-16,
                -6.489321930194433e-16,
                0.07123600930109453,
                0.12393064824524459
            ],
            [
                0.0005828815127539764,
                0.015321748252405178,
                2.4048175292526904e-16,
                -1.366687936078216e-16,
                -0.3567370181419001,
                -0.6793104131855756,
                1.1892069332468833,
                -1.4786116946916745e-16,
                1.1660328814378457e-15,
                0.12244799872377772,
                -0.34083173077409584
            ],
            [
                0.9955904543995431,
                -0.23958998943851065,
                -6.202014459449029e-17,
                3.2202883891262595e-17,
                -0.017362853495584186,
                -0.02136790092055623,
                0.020357552776047984,
                3.6049036403221276e-17,
                -2.5685763647231925e-17,
                0.028311047900147265,
                0.11625541332514205
            ],
            [
                0.020393296604625327,
                0.5250786519304141,
                3.663096676316336e-17,
                -2.86122090020078e-16,
                0.05120433410659709,
                0.040519539367222586,
                -0.07375646356065997,
                -2.3997096398645155e-16,
                1.3226718660629064e-15,
                -0.32189899239535086,
                -1.4648269392839102
