{
    "dist": 1.85,
    "thetas": [
        2.285571396673803,
        -1.3514756789437503,
        -2.681309192325017,
        1.6539681345510768,
        -0.297074922600983,
        0.265759097311558,
        1.4239946207429375,
        2.1922354457653626,
        1.6851501599552883,
        1.4648852168254765,
        -1.621147105353423,
        1.3842403401038794,
        -2.7747972234408573,
        -0.5675668759471639,
        0.6953744050146056,
        -1.5336320738538296,
        -1.3466629957570095,
        1.1590199036646274,
        2.142061872320946,
        1.9424682268417985,
        -3.1411936979972466,
        2.661620723129924,
        1.9287190028927457,
        2.865210417567324,
        -0.09595058622705643,
        1.0214825905762295,
        1.4690505556903348,
        -0.21292378582540206,
        1.9191876336743157,
        -0.38963584749314606,
        -2.330811864735062,
        0.8931583869241067,
        -0.13418557120045138,
        0.9935021116792697,
        -2.6178707404175032,
        1.0287028169829453,
        -0.056925124332792176,
        1.6041885760146908,
        -0.4531873031628644,
        -1.0693315257619167
    ],
    "oo": false,
    "mo": [
        [
            [
                -0.00011679790949494968,
                0.016569011744683518,
                2.454497524428468e-17,
                1.859655198273019e-17,
                -0.19888999695378032,
                -0.29366813631196675,
                1.2949415229806607,
                -1.9704415506127547e-16,
                -2.611366197375203e-16,
                0.07123592574086646,
                0.1239306072086647
            ],
            [
                0.0005828811938713983,
                0.015321791613248413,
                2.1010152346291249e-16,
                -1.200310644883863e-16,
                -0.356738797522275,
                -0.6793091218101024,
                -1.1892071530577066,
                2.0513935331957622e-16,
                -7.741934648360521e-17,
                0.12244800862661837,
                -0.3408316697298864
            ],
            [
                0.9955904564035921,
                -0.2395899584006047,
                -7.442616238150913e-17,
                4.062476905716954e-17,
                -0.017362944085129662,
                -0.02136784975435024,
                -0.020357559206157606,
                -2.954633294118531e-17,
                -2.468421198422341e-18,
                0.02831106753033693,
                0.1162554500969501
            ],
            [
                0.02039328740188523,
                0.5250783760823469,
                -1.0564919495369788e-16,
                -4.4284699970351445e-16,
                0.05120443687980204,
                0.04051941383396069,
                0.0737564216867874,
                4.3423405814186616e-16,
                9.201360944611269e-17,
                -0.32189901142897637,
                -1.4648270360975504
            ],
            [
                -0.004215874001360767,
                0.5623996603300423,
                6.968443734537808e-17,
                4.997817948578706e-16,
                0.05307116420062007,
                0.11511763315912282,
                0.1032515304145255,
                -4.773342763127805e-16,
                -1.0727328518108836e-16,
                0.2928228966581182,
                1.4832052020363178
            ],
            [
                8.655269381493186e-17,
                5.887146871354072e-17,
                0.6684097227831229,
                0.006855039559638142,
                4.0726121359854266e-16,
                -1.224577857565222e-16,
                -2.392372705038217e-16,
                -0.16570332101296714,
                -0.9263905059770365,
                -1.2116423095884107e-15,
                2.805381338769886e-16
            ],
            [
                -1.315137537662486e-17,
                -4.2072331116741583e-17,
                -0.006855039559638093,
                0.6684097227831226,
                -7.503543860323954e-17,
                2.369715178363673e-17,
                -5.564980359637369e-17,
                -0.9263905059770359,
                0.16570332101296692,
                2.414476706333174e-17,
                -1.678145336109563e-16
            ],
            [
                -0.0004928079135154087,
                -0.0027711513694673937,
                -5.468481672339081e-16,
                1.9531373380597615e-16,
                0.49851136868975987,
                -0.3781841819162165,
                0.030206905657628017,
                1.4518822791121374e-16,
                1.2958374950812708e-15,
                -0.9494059098042704,
                0.2369937689951857
            ],
            [
                4.405518208706245e-17,
                1.8055568926553998e-17,
                0.48134832909811753,
                0.00493658563821333,
                3.366351463249932e-16,
                -1.0710818428580456e-16,
                2.756396809939295e-16,
                0.18473269298853173,
                1.032777206165678,
                1.3267247429590846e-15,
                -1.7731905577771845e-16
            ],
            [
                -9.302062635762732e-18,
                -3.603264575829872e-18,
                -0.00493658563821328,
                0.4813483290981167,
                -5.879785959043996e-17,
                3.114318318362932e-17,
                7.536149394949022e-17,
                1.0327772061656773,
                -0.18473269298853173,
                -5.948901115400321e-18,
                2.1181002692964331e-16
            ],
            [
                0.00032919186482602834,
                -0.010539761438867055,
                -2.871072485092669e-17,
                -9.705422105935828e-17,
                0.4048906431409717,
                -0.37329440288006854,
                -0.16665834101276825,
                -1.3361085851736093e-16,
                -1.4903342410124765e-15,
                1.0369694832430347,
                -0.3033441424930104
            ]
        ],
        [
            [
                -0.00011679804690876834,
                0.01656897650425961,
                -1.4292564313933013e-16,
                2.931852197011539e-17,
                -0.19888893305281255,
                -0.293668418251192,
                1.2949416143730368,
                -4.285189262373122e-17,
                -3.3617217213444413e-16,
                0.07123600930109912,
                0.12393064824524383
            ],
            [
                0.0005828815127539211,
                0.01532174825240581,
                -2.7849291959054193e-16,
                7.856232055012622e-17,
                -0.35673701814190695,
                -0.6793104131855705,
                -1.189206933246883,
                2.9446614806979476e-16,
                3.8944460031840806e-16,
                0.12244799872376709,
                -0.3408317307741006
            ],
            [
                0.9955904543995441,
                -0.23958998943851093,
                7.161922944820768e-17,
                -4.634310421065701e-17,
                -0.017362853495584182,
                -0.021367900920556366,
                -0.020357552776048206,
                -8.923301623553744e-17,
                7.049278065013513e-17,
                0.028311047900150522,
                0.11625541332514111
            ],
            [
                0.020393296604626025,
                0.5250786519304154,
                -1.473666206174724e-16,
                1.3545254657643697e-17,
                0.05120433410659787,
                0.04051953936722222,
                0.07375646356066169,
                1.0334384334892337e-15,
                -8.350402208235538e-16,
                -0.3218989923953927,
                -1.4648269392838997
            ],
