{
    "dist": 1.275,
    "thetas": [
        2.3958260018131945,
        3.014066632168233,
        2.2907393097350255,
        2.1241702033721,
        2.5747887549532216,
        2.268116710897859,
        -0.18376821356508133,
        -0.3692349045573353,
        0.629297096919271,
        -2.7029951476934766,
        -0.5128175110076243,
        2.526099388339662,
        -2.444670949557147,
        2.5849416676918597,
        -1.9205334501648765,
        -2.087178956919396,
        2.848765104935585,
        2.9566681728718356,
        1.6185124242490563,
        2.4544011478498726,
        0.49182240310951597,
        2.2599906647832615,
        -2.3640072365335265,
        2.4583209737112917,
        0.5766613396536329,
        0.6203078226772614,
        -1.8494256733064371,
        -1.4660429783803186,
        2.746915186860476,
        1.350848660669861,
        1.3521078595549678,
        -1.211486638960258,
        -2.58831365501823,
        0.41537375491575945,
        1.26971338175455,
        -1.252168102670213,
        1.4253982794412483,
        -0.25740982863374917,
        -2.920740281290886,
        2.2378824751019755
    ],
    "oo": false,
    "mo": [
        [
            [
                0.00027127084705781435,
                0.053015947785182385,
                -0.2422763374720363,
                9.470288610701004e-17,
                -8.998952691133087e-16,
                0.22228703519093013,
                1.2421078173013977,
                -1.3627314360691788e-16,
                -1.5126727303068578e-16,
                0.3151291763397011,
                -0.35966975064287204
            ],
            [
                0.0009251975291723769,
                0.010325613315605886,
                -0.23591806464845239,
                1.429304945313141e-16,
                -8.422791060322158e-16,
                0.9631067589930749,
                -1.1831403174673443,
                8.525322383776338e-17,
                4.6407983902301034e-17,
                -0.11999862417094116,
                -0.30905934891832987
            ],
            [
                0.9955758284702472,
                -0.23679070924653825,
                -0.03755589792156049,
                1.9306674907741688e-17,
                -1.9298268301052358e-16,
                0.045709318581778284,
                0.004278041351257097,
                -4.3685952448579534e-17,
                -6.491243719215055e-17,
                0.06970701877333277,
                0.09227749022584757
            ],
            [
                0.020698663325394964,
                0.5133074634398367,
                0.09604962535979736,
                -1.4808748432473441e-16,
                3.7677725062027643e-16,
                -0.06886085379598166,
                -0.08465900482747582,
                4.557331527513084e-16,
                7.836191774473841e-16,
                -0.8040432647129646,
                -1.3178635805748418
            ],
            [
                -0.00474513284672017,
                0.5602070215590274,
                0.13425630939202296,
                7.503155108450122e-17,
                5.53300334761227e-16,
                -0.37879888107427323,
                0.31965173617090203,
                -4.507589184912628e-16,
                -7.831505144813326e-16,
                0.7790317722454476,
                1.4622849289681916
            ],
            [
                -1.3278445048721689e-17,
                -3.352718870620325e-17,
                -2.0553853162610696e-15,
                0.34471774477174666,
                0.5680588694650006,
                -1.991502797157314e-17,
                -6.137322158690064e-17,
                -0.046619180451526854,
                -0.9427518011190148,
                -7.293033981128774e-16,
                -2.38196350528159e-16
            ],
            [
                -7.860212051977311e-18,
                1.0340346054784896e-17,
                1.4919340192335686e-15,
                0.5680588694650012,
                -0.3447177447717472,
                -1.5055923689253056e-17,
                -6.206304111898615e-18,
                -0.9427518011190145,
                0.04661918045152649,
                -3.4330842179923044e-16,
                -4.150871447471602e-17
            ],
            [
                -0.001003490459296484,
                -0.02595838405816712,
                0.5132776588805144,
                -2.3847972691708665e-16,
                1.8783784465148388e-15,
                0.3596410065664657,
                0.27303090780859596,
                3.373702314333072e-16,
                4.921580236295787e-16,
                -0.7878806655399923,
                0.5410124499049002
            ],
            [
                1.0193061049617899e-17,
                -1.2046047266892893e-17,
                -1.4895304110799751e-15,
                0.25202258680503803,
                0.41530692258070406,
                2.7735516445086102e-17,
                -1.899157600633932e-17,
                0.05171747730112516,
                1.0458516087742762,
                7.758153323748078e-16,
                1.8462966933911757e-16
            ],
            [
                1.5175973163240392e-17,
                2.518382174843928e-18,
                1.0815278539564662e-15,
                0.4153069225807035,
                -0.2520225868050373,
                -2.3856123553659484e-17,
                9.3751475308688e-18,
                1.0458516087742769,
                -0.05171747730112511,
                4.75783757593653e-16,
                7.425967220375333e-17
            ],
            [
                0.0008474874111897091,
                -0.033190788354661216,
                0.3919117751656537,
                4.972035860923511e-17,
                1.6689270218615301e-15,
                0.4567528739043427,
                -0.14444478937957472,
                -3.8034149972340196e-16,
                -6.317920485289707e-16,
                0.9176468828520877,
                -0.7918147107775747
            ]
        ],
        [
            [
                0.0002715862438728589,
                0.052703530181714704,
                -0.23954678521022207,
                -9.6527878152908e-16,
                -1.2878803041985968e-16,
                0.22282165521621794,
                1.2421753511814964,
                3.1321771874054575e-16,
                -1.9928761823659607e-16,
                0.3165673109934883,
                -0.3597169963547559
            ],
            [
                0.0009256637760745379,
                0.010096559167421,
                -0.23208523349465196,
                -9.904648556729578e-16,
                -1.6466820465918823e-16,
                0.964907528169888,
                -1.1824309675212765,
                -2.1075095468709512e-16,
                1.8721283515817704e-16,
                -0.11996503070881485,
                -0.30907977298424216
            ],
            [
                0.9955722430462163,
                -0.23684188623288482,
                -0.037281980285728,
                -4.093340878659737e-16,
                -3.9751470647146566e-17,
                0.04580549979660136,
                0.004294722310074319,
                1.699562452005646e-16,
                -6.667914253049843e-17,
                0.06957598959123114,
                0.0923463034921648
            ],
            [
                0.020714576097691735,
                0.5135629584836447,
                0.09542216879816467,
                5.124616513263973e-16,
                -2.0908663677829596e-16,
                -0.06928051087942669,
                -0.08472500131074287,
                -9.839917008892095e-16,
                1.538962315503567e-17,
                -0.8020356399821396,
                -1.3190059859280643
            ],
            [
