{
    "dist": 1.275,
    "thetas": [
        1.704757879308132,
        -3.011204310279467,
        0.8397366260192594,
        1.563280899135842,
        -0.009380718364163876,
        -1.7291536732871136,
        -1.8971269718342263,
        1.6369627429575306,
        -2.0790379300152217,
        -2.586537231132677,
        1.1646500873100205,
        2.8487544111850127,
        -3.1167849646094092,
        0.07660625016677525,
        1.9642554329689128,
        0.70702212977712,
        1.3933297522764283,
        -1.3076812305427234,
        2.6249522282931705,
        1.3482194095209188,
        0.2673141479915979,
        -2.2483118993788564,
        -0.7958234754631421,
        1.0941137716709264,
        -0.3654729438307087,
        -0.4146023075677032,
        0.7399517487893483,
        0.08255001257991035,
        0.94497336375301,
        0.6348464674842362,
        1.917773905749895,
        0.1360130698619595,
        2.567616643692406,
        -1.1357731497354906,
        -2.5732197993538017,
        -1.2522384758651308,
        -2.425407785880496,
        2.0651656802006935,
        -2.846934388642458,
        0.7934855547557511
    ],
    "oo": false,
    "mo": [
        [
            [
                0.0002712708470580649,
                0.053015947785228446,
                -0.24227633747223543,
                6.266818221931862e-17,
                -1.6172728527069736e-16,
                0.2222870351909249,
                1.2421078173014033,
                1.9332606554899766e-16,
                2.3634368916163964e-16,
                0.3151291763395972,
                -0.35966975064280565
            ],
            [
                0.0009251975291721742,
                0.01032561331563661,
                -0.23591806464867357,
                1.7390078112048266e-16,
                -1.82470953020129e-16,
                0.9631067589929427,
                -1.183140317467411,
                -1.2638246686688074e-16,
                -1.7214092895833738e-16,
                -0.11999862417086163,
                -0.3090593489183442
            ],
            [
                0.9955758284702468,
                -0.23679070924653053,
                -0.037555897921589844,
                1.4292492746632504e-17,
                -4.318804231569077e-17,
                0.0457093185817752,
                0.0042780413512577675,
                4.7762492164107223e-17,
                6.931407941356162e-17,
                0.06970701877333176,
                0.09227749022585514
            ],
            [
                0.02069866332539432,
                0.5133074634397926,
                0.0960496253598627,
                1.8260416970643295e-17,
                1.6047224489424468e-16,
                -0.0688608537959358,
                -0.08465900482747792,
                -6.438296081239425e-16,
                -9.592525309089954e-16,
                -0.8040432647129547,
                -1.3178635805748617
            ],
            [
                -0.004745132846720271,
                0.5602070215590431,
                0.13425630939214983,
                -1.3103921611990236e-16,
                2.1255207611750414e-17,
                -0.3787988810742904,
                0.31965173617091663,
                6.3486772862139e-16,
                9.779597761960909e-16,
                0.779031772245422,
                1.4622849289681792
            ],
            [
                -1.6755207689867933e-17,
                3.014533701621954e-17,
                2.0520814950684742e-16,
                0.6623698987295595,
                -0.05279507548371815,
                -8.737049833660837e-18,
                7.549296568242361e-18,
                0.2012350151649765,
                -0.9222032179355617,
                6.4678422070932505e-16,
                1.7910255495947146e-16
            ],
            [
                7.718884154414325e-19,
                -1.6367624858724377e-17,
                -4.576223219520435e-16,
                0.05279507548371845,
                0.6623698987295592,
                4.419162312573709e-18,
                5.009718178317912e-18,
                -0.9222032179355617,
                -0.2012350151649757,
                8.95426435016291e-16,
                1.9034162993372603e-16
            ],
            [
                -0.0010034904592970504,
                -0.025958384058156397,
                0.5132776588803131,
                -1.6623702407411534e-16,
                4.025427781460606e-16,
                0.3596410065666178,
                0.27303090780854306,
                -4.700051609068895e-16,
                -6.220785124849105e-16,
                -0.7878806655400441,
                0.5410124499049416
            ],
            [
                4.660892187362412e-18,
                3.0379923034209886e-18,
                1.5567955443211208e-16,
                0.4842575638517375,
                -0.038598394471353485,
                -3.1031812322866735e-19,
                -1.319400769864447e-17,
                -0.22324217689341816,
                1.0230558222746176,
                -7.391931766969113e-16,
                -1.390069407564562e-16
            ],
            [
                2.6632702377578726e-17,
                -1.6820168353340193e-18,
                -3.2837435197337816e-16,
                0.03859839447135366,
                0.4842575638517376,
                8.454118652364872e-18,
                -1.7321434323766588e-17,
                1.023055822274617,
                0.2232421768934173,
                -9.1890821231156e-16,
                -1.5548811274812445e-16
            ],
            [
                0.0008474874111900398,
                -0.033190788354677536,
                0.3919117751655457,
                9.772637798363025e-18,
                2.434313341326964e-16,
                0.45675287390455127,
                -0.14444478937943508,
                5.253284347614181e-16,
                7.104087386209137e-16,
                0.9176468828520759,
                -0.7918147107775466
            ]
        ],
        [
            [
                0.00027158624387246805,
                0.05270353018170182,
                -0.23954678520998565,
                1.4526608580735248e-15,
                3.9798586974200683e-16,
                0.22282165521626968,
                1.2421753511815201,
                2.3729293466885667e-16,
                -3.6332176646601884e-17,
                0.31656731099361185,
                -0.35971699635468896
            ],
            [
                0.0009256637760754966,
                0.010096559167420993,
                -0.23208523349435714,
                1.2338041390207403e-15,
                3.4560978702920145e-16,
                0.9649075281700348,
                -1.1824309675212163,
                -1.7769213494709205e-16,
                1.1725188592428373e-16,
                -0.1199650307087306,
                -0.3090797729842621
            ],
            [
                0.9955722430462144,
                -0.23684188623288407,
                -0.0372819802857177,
                2.901407161877252e-16,
                8.705140407577902e-17,
                0.0458054997966107,
                0.004294722310077027,
                7.222334746840709e-17,
                1.6113295827095847e-17,
                0.06957598959120943,
                0.09234630349218609
            ],
            [
                0.02071457609769355,
                0.5135629584836273,
                0.09542216879813566,
                -8.758167721297912e-16,
                -3.3428879835229713e-16,
                -0.0692805108794364,
                -0.08472500131074812,
                -8.739148902790866e-16,
                -2.504649326079663e-16,
                -0.8020356399818088,
                -1.3190059859282723
            ],
            [
