{
    "dist": 1.425,
    "thetas": [
        0.7003270491300002,
        -0.053869488946690414,
        1.2521357632657004,
        -1.9190780120328719,
        1.7275848218570173,
        1.3062330150862813,
        -0.8477272751259246,
        2.9662757615906044,
        -2.557455115564175,
        -0.5417974658723006,
        -2.7579177865614644,
        -1.2611919830145855,
        3.116726685272372,
        2.6474127966978234,
        -0.2979985587264111,
        2.634381324251887,
        -1.3107404352401797,
        0.3796338484110535,
        -0.2565573770438969,
        -3.0272038179249767,
        2.8195056772726383,
        -1.1887936715863368,
        2.1463338267637173,
        -3.0008659805164486,
        0.5090497007790056,
        0.6544887072823364,
        2.188024353240066,
        -1.163240541119771,
        2.7880790271266633,
        1.5137781885772634,
        2.5272337397359106,
        2.304403660937262,
        2.5192370373805115,
        1.4045127989437134,
        0.1702470555831357,
        1.6657501249314342,
        -1.7526813500610607,
        1.5617571314008787,
        1.6891796897122564,
        -0.763262672723064
    ],
    "oo": false,
    "mo": [
        [
            [
                0.00015433504391401776,
                0.03764464173450252,
                4.4499882442161025e-17,
                3.8852682038655053e-16,
                -0.22580565414280737,
                -0.2520641630769471,
                -1.251908954111408,
                -1.6878973017832497e-17,
                -3.099071722958083e-16,
                0.29815534403890565,
                -0.23263871827345536
            ],
            [
                0.0007789752450005596,
                0.014068123193451186,
                8.746394340189524e-18,
                4.753063844832043e-16,
                -0.276944078206471,
                -0.8518986279626594,
                1.2239337209400871,
                -1.2120224380176048e-16,
                3.373455566261729e-16,
                -0.10048088354560009,
                -0.28641999338581153
            ],
            [
                0.9955830499620731,
                -0.2380448080447757,
                7.080339397938634e-18,
                6.215028993480188e-17,
                -0.030439380993189994,
                -0.03803463769039265,
                0.004817688656421826,
                -1.818378847614364e-16,
                -2.0149294828028103e-17,
                0.06220706076059178,
                0.09999144838679339
            ],
            [
                0.020563601650012447,
                0.518200129419094,
                -1.8790205489497565e-17,
                7.153825252636381e-17,
                0.08128795015029265,
                0.061324713992461165,
                0.052083129760131845,
                5.093951364800037e-16,
                3.3898125109552896e-16,
                -0.7316575386697268,
                -1.3396026119944138
            ],
            [
                -0.004514296400770124,
                0.5615760544359093,
                -1.1980249056334886e-17,
                -4.514198393129698e-16,
                0.10680658778882209,
                0.2783816960170372,
                -0.3022680195477246,
                -4.428979246394504e-16,
                -3.988084019289085e-16,
                0.7150920097679306,
                1.4221582513965467
            ],
            [
                -6.468836946120582e-18,
                -1.2351984972850776e-17,
                -0.4396427170790206,
                0.5004854638781615,
                1.0440182724916683e-15,
                -9.200565496791235e-17,
                2.908829173089478e-16,
                0.6406068554453902,
                -0.6916118476138906,
                3.3326273584863143e-16,
                -1.0748389857099777e-16
            ],
            [
                8.538732665888687e-18,
                4.9845178429279833e-17,
                0.5004854638781622,
                0.4396427170790213,
                9.988511737423704e-16,
                -1.0242866328895802e-16,
                5.593292883630133e-17,
                -0.6916118476138893,
                -0.6406068554453899,
                -5.21594807130736e-16,
                8.541927615738625e-18
            ],
            [
                -0.0008327114098173961,
                -0.015548148987377455,
                -2.362391590234199e-17,
                -1.2060548782201147e-15,
                0.5068433051516726,
                -0.37167389539041773,
                -0.21832562659763025,
                6.706288544255423e-16,
                -2.90330364052425e-17,
                -0.8240338678276756,
                0.4989918565296104
            ],
            [
                7.116596747795755e-18,
                2.687243645727893e-17,
                -0.3193667274303975,
                0.36356431828830615,
                8.194662873622562e-16,
                -1.3386206648523314e-16,
                -3.5754400115285396e-16,
                -0.7121537388561111,
                0.7688552798470668,
                -3.8773739776283385e-16,
                1.567162790521266e-16
            ],
            [
                -8.308545308105762e-18,
                3.5867678244918965e-18,
                0.36356431828830554,
                0.31936672743039657,
                7.364898575356362e-16,
                -8.40115743864139e-17,
                -6.816205404461446e-17,
                0.7688552798470668,
                0.7121537388561119,
                7.067310988406615e-16,
                1.3051340335075072e-16
            ],
            [
                0.0006497420916664737,
                -0.024932269229586964,
                -5.952083970115357e-17,
                -9.30118048800511e-16,
                0.3969022328444811,
                -0.43324356047497703,
                0.21604202635361275,
                -7.03541142383932e-16,
                -2.868267944820367e-17,
                0.9276505964939545,
                -0.6666047557894674
            ]
        ],
        [
            [
                0.00015433502102835857,
                0.03764439265011958,
                -2.5485198815401063e-16,
                -5.1032295558932406e-17,
                -0.2258033683355935,
                -0.25206458069154075,
                1.2519090822701204,
                5.200603543083503e-17,
                4.806220669317677e-16,
                0.298156332971043,
                -0.23263856764305135
            ],
            [
                0.000778975697772986,
                0.014067911823100082,
                -3.923904653345024e-16,
                7.107158464131794e-19,
                -0.2769409140446964,
                -0.8519005172898498,
                -1.223933125983298,
                -1.341858385048348e-16,
                -5.492147820064515e-16,
                -0.10048066446988681,
                -0.286420063029825
            ],
            [
                0.9955830468903758,
                -0.23804485645465667,
                5.2622875700576306e-17,
                -1.6333553145524318e-18,
                -0.030439239777677096,
                -0.038034655908322994,
                -0.004817682763446677,
                -3.311272033864507e-17,
                1.975407130330706e-17,
                0.06220690035919471,
                0.09999149985593157
            ],
            [
                0.020563615288385427,
                0.5182004612069484,
                1.3807128315304742e-16,
                -4.5421049938683785e-17,
                0.08128750284656143,
                0.06132501345120592,
                -0.05208320853792072,
                4.296443789855136e-16,
                -3.777440117572107e-16,
                -0.7316552127962247,
                -1.339603764141715
            ],
            [
