{
    "dist": 0.025,
    "thetas": [
        0.10303561663791783,
        0.4440175435037328,
        -2.9626838121493106,
        -2.0638903033331175,
        1.1641296091591355,
        2.0979358614283568,
        -1.2128670123447274,
        2.47314391898043,
        1.392001137158437,
        -1.9481710072691576,
        0.34072200379900464,
        -0.9290823338613339,
        -1.9987289817083937,
        1.7944887938507428,
        2.924717343797493,
        -1.6816715396059143,
        -2.6165606813494104,
        0.6506139255218115,
        1.4388039280401017,
        -1.40593290510329,
        1.1643140023190055,
        0.11226465135129837,
        -2.836955320406834,
        -2.275334685827516,
        -1.966841668758823,
        3.1058909736072735,
        0.129844516818022,
        0.495049251658644,
        1.475411656763927,
        0.2636535907361983,
        2.5959203631973624,
        1.934719368471801,
        -0.609482604949342,
        -0.8970859114113354,
        2.84550831983512,
        -0.9824917722923239,
        2.293989801545284,
        2.0751960685763695,
        0.2397754572129318,
        2.6544533544477575
    ],
    "oo": false,
    "mo": [
        [
            [
                -0.8327144904393473,
                0.5779530427086956,
                -0.0071201791760304965,
                7.682925658939723e-17,
                -8.52009097709432e-17,
                -0.02581123212085413,
                0.04043337337355402,
                7.277743326432105e-17,
                -4.12201042801939e-17,
                -1.5171018689731026,
                14.43874660631941
            ],
            [
                -0.13468350875770108,
                0.10014415488803005,
                0.001962477880222477,
                2.858492360919742e-17,
                1.2647039609116228e-16,
                2.0359616415373414,
                0.06838349002566844,
                2.117040312823559e-16,
                -7.262764198046573e-17,
                -1.9399175282314511,
                1.776388894762563
            ],
            [
                1.1410462981194764,
                -0.30849404070704084,
                0.0002391441760808296,
                3.1656458881092613e-18,
                6.397776480460647e-18,
                0.07532040236310722,
                -0.009174131559035615,
                -1.3201907309331405e-17,
                8.723366330387358e-18,
                0.266137440138339,
                -2.2982650640654168
            ],
            [
                0.410935959081894,
                0.40509865806972617,
                0.016054085764020388,
                -2.0682094052117506e-16,
                1.9934318809679415e-16,
                -0.07718471355672563,
                -0.011276394670357745,
                -1.2950725171993103e-17,
                8.486443006998434e-18,
                -0.9081854035265132,
                -8.229439085741722
            ],
            [
                0.5088718085682383,
                0.021300565557512207,
                0.026381873281265476,
                -3.566366878202596e-16,
                2.4222260030612984e-16,
                -1.457336348474839,
                -0.08784292353784244,
                -2.309568797596685e-16,
                9.592753838393393e-17,
                4.063432986311263,
                -7.695942875732233
            ],
            [
                2.2036689783857904e-19,
                1.0970071752831308e-17,
                9.962993053196335e-15,
                0.7838517655002982,
                -0.031581966696452704,
                6.177541934096006e-17,
                1.3389158779363924e-15,
                -0.8462311591031401,
                0.03077862410987838,
                -5.383366129823076e-18,
                -7.341832080133203e-20
            ],
            [
                4.7535031981270926e-20,
                2.6621431764669585e-18,
                -9.250640056032205e-15,
                0.03158196669645249,
                0.783851765500299,
                -3.9371761931660184e-17,
                -6.180182117868237e-16,
                -0.030778624109878507,
                -0.8462311591031395,
                6.5307298313651606e-18,
                -8.531188818120802e-20
            ],
            [
                -0.03687474220392046,
                -0.01027989945929278,
                0.788955984005302,
                -9.707409945341282e-15,
                9.833067545437114e-15,
                0.004657268880100453,
                -0.84048760469378,
                -1.3184406152496323e-15,
                7.647645166598078e-16,
                -0.057246988572766194,
                0.4935159156251255
            ],
            [
                -8.452462789779985e-20,
                9.20902294899005e-19,
                4.372829020938195e-15,
                0.3414363524479596,
                -0.013756722873599896,
                -5.4933823960619515e-17,
                -1.7171179668726662e-15,
                1.101862681502444,
                -0.04007630412783336,
                1.0223257394913722e-17,
                8.467247713742599e-20
            ],
            [
                -1.4834453716571452e-20,
                -6.479534523539618e-19,
                -4.053344822362485e-15,
                0.013756722873599986,
                0.3414363524479591,
                -1.9856817802822964e-17,
                9.810108722028035e-16,
                0.04007630412783351,
                1.1018626815024442,
                -5.276376636481162e-19,
                2.7425367625520937e-20
            ],
            [
                -0.012543544784147072,
                0.005101229601160585,
                0.3346274793096132,
                -4.110247762241533e-15,
                4.035047930457402e-15,
                0.008151144775707981,
                1.1062226979768068,
                1.7047145413080708e-15,
                -1.0015355119341802e-15,
                -0.05134157513687441,
                0.26988906073229996
            ]
        ],
        [
            [
                -0.8327144897292451,
                0.5779530236964938,
                -0.007120145680844809,
                -1.1670956378586286e-16,
                -3.203357293022252e-18,
                -0.025811234860371852,
                0.040433331024935154,
                -4.5539237148299176e-17,
                9.682524190978191e-17,
                -1.5171018732247163,
                14.438746606804866
            ],
            [
                -0.13468350870911056,
                0.1001441496110735,
                0.001962365394554761,
                3.1052775866860476e-17,
                2.692721358517075e-17,
                2.0359616434389274,
                0.06838340406168104,
                -8.304227607016165e-17,
                1.2797982203457815e-16,
                -1.9399175293081723,
                1.7763888951419595
            ],
            [
                1.1410462980433878,
                -0.3084940366981689,
                0.00023914569405422882,
                -6.308439416667796e-21,
                3.682662957798389e-19,
                0.07532040434172048,
                -0.00917413123587553,
                1.0240833985078465e-17,
                -2.229902811135458e-17,
                0.266137443012942,
                -2.29826506424471
            ],
            [
                0.4109359584528606,
                0.40509865110776455,
                0.01605409940907445,
                2.753040359489083e-16,
                6.092271409483226e-18,
                -0.0771847149872992,
                -0.011276409307998534,
                -1.3281251313820424e-18,
                -2.2885700463150962e-17,
                -0.9081854083498495,
                -8.229439085523449
            ],
            [
