{
    "dist": 1.1,
    "thetas": [
        0.10303561663791783,
        0.4440175435037328,
        -2.9626838121493106,
        -2.0638903033331175,
        1.1641296091591355,
        2.0979358614283568,
        -1.2128670123447274,
        2.47314391898043,
        1.392001137158437,
        -1.9481710072691576,
        0.34072200379900464,
        -0.9290823338613339,
        -1.9987289817083937,
        1.7944887938507428,
        2.924717343797493,
        -1.6816715396059143,
        -2.6165606813494104,
        0.6506139255218115,
        1.4388039280401017,
        -1.40593290510329,
        1.1643140023190055,
        0.11226465135129837,
        -2.836955320406834,
        -2.275334685827516,
        -1.966841668758823,
        3.1058909736072735,
        0.129844516818022,
        0.495049251658644,
        1.475411656763927,
        0.2636535907361983,
        2.5959203631973624,
        1.934719368471801,
        -0.609482604949342,
        -0.8970859114113354,
        2.84550831983512,
        -0.9824917722923239,
        2.293989801545284,
        2.0751960685763695,
        0.2397754572129318,
        2.6544533544477575
    ],
    "oo": false,
    "mo": [
        [
            [
                0.00036599046415517264,
                0.08159426974121356,
                -0.2637483154851987,
                -1.7009739708540224e-16,
                -7.135908354963669e-18,
                0.1696437347014114,
                1.2714923549021793,
                -1.2743056576791956e-16,
                -7.746070979670194e-17,
                0.3497185758819202,
                -0.46145701021655294
            ],
            [
                0.0012327568763059488,
                0.0008545485608138194,
                -0.17364773058265057,
                -1.4711110622783793e-16,
                -1.6424885509231515e-17,
                1.140601153033893,
                -1.0675643564472075,
                -1.2307853192991558e-16,
                2.556472582030867e-16,
                -0.08669892223209591,
                -0.4243694686110205
            ],
            [
                0.9955542639507834,
                -0.2344810667450385,
                -0.04780718705582551,
                -2.676805998639836e-16,
                1.6173438959521331e-18,
                0.05500165454560793,
                0.017906647620790996,
                3.1344274871424056e-17,
                -8.733076547210997e-17,
                0.07010507842813467,
                0.08701065750053202
            ],
            [
                0.020967457829219025,
                0.5060081485483533,
                0.11491327092700003,
                1.3040229911382555e-16,
                2.0113915332584383e-17,
                -0.07656820119779865,
                -0.11045862529349094,
                -4.2639565565739253e-16,
                1.1229181271540954e-15,
                -0.7586998345850462,
                -1.3801743365181376
            ],
            [
                -0.0051786580850295555,
                0.5539305262087725,
                0.17535125826598746,
                7.885016634685403e-17,
                -7.774181530998992e-18,
                -0.534618849972914,
                0.250449227688728,
                4.918395153012229e-16,
                -1.1957245507568754e-15,
                0.6891538358544027,
                1.6611061847871638
            ],
            [
                6.400873734848825e-17,
                -3.566672213675503e-17,
                -2.7839076841592207e-16,
                0.6353175732947527,
                0.18707180536753043,
                -3.180953239422424e-18,
                8.437098899864987e-18,
                -0.7937350053871985,
                -0.513649657996456,
                -4.722253801451691e-16,
                -1.2547444891069692e-16
            ],
            [
                -1.7828283938019998e-17,
                7.862121698090358e-18,
                8.180400518334714e-17,
                -0.18707180536753037,
                0.6353175732947526,
                9.59994679815781e-19,
                -3.935350294631465e-18,
                0.5136496579964556,
                -0.7937350053871981,
                -6.25919584971136e-16,
                -4.663981824964846e-16
            ],
            [
                -0.001229651320007801,
                -0.04685217619749951,
                0.5288963697082899,
                4.003410254739154e-16,
                3.081364571900476e-17,
                0.32635885802664666,
                0.339483568339202,
                1.6048772860702284e-16,
                3.879338897247556e-16,
                -0.7920107712348382,
                0.5073718298738313
            ],
            [
                4.454849812774656e-17,
                -4.360170139087183e-18,
                -2.0546833173414767e-16,
                0.468331444636755,
                0.13790207061993906,
                -1.352967168014122e-17,
                -1.3868172350634506e-17,
                0.8781651986905487,
                0.5682869609004461,
                4.766884124568017e-16,
                -1.2339775203373636e-17
            ],
            [
                -1.8536742852586626e-17,
                5.3048252010401205e-20,
                5.794359316892674e-17,
                -0.13790207061993912,
                0.4683314446367552,
                1.4362204542745423e-18,
                6.212209417810238e-18,
                -0.5682869609004456,
                0.8781651986905484,
                6.61129529838326e-16,
                4.851629654327235e-16
            ],
            [
                0.0011342345332061487,
                -0.04337089701083596,
                0.38059417770280474,
                -9.696544571247067e-17,
                -4.6953982480283563e-17,
                0.4691542622395056,
                0.011867930182039068,
                -2.61407105876037e-16,
                -3.662225152744924e-16,
                0.9920415360274442,
                -0.8922875283378482
            ]
        ],
        [
            [
                0.00036599023259244434,
                0.08159435417639363,
                -0.26374909672405983,
                4.332236455185171e-17,
                3.239990635598903e-16,
                0.16964358059543408,
                1.2714923370726636,
                -4.655133271806273e-16,
                -1.758435287227536e-18,
                0.3497180551329263,
                -0.4614570491986662
            ],
            [
                0.0012327570602036193,
                0.0008546006185008595,
                -0.17364889365397354,
                5.258067946402155e-17,
                2.962458307465422e-16,
                1.14060078865624,
                -1.0675645582647293,
                1.676314362116632e-16,
                -1.0904228329013368e-16,
                -0.08669899261871451,
                -0.42436944986263464
            ],
            [
                0.9955542641096984,
                -0.23448107439815757,
                -0.04780726890704646,
                -1.0497549725380563e-17,
                -8.755256204615441e-17,
                0.05500160806214075,
                0.01790664366656012,
                -7.771545344956155e-17,
                3.283298846373309e-17,
                0.07010508695154935,
                0.0870106134155565
            ],
            [
                0.02096745754372185,
                0.5060082926576,
                0.11491353461449517,
                2.7784961308055083e-16,
                -2.1443815846363062e-16,
                -0.07656804567741586,
                -0.1104586340705931,
                8.389056426757716e-16,
                -4.52988763661524e-16,
                -0.7587004017003531,
                -1.38017395790812
            ],
            [
