{
    "dist": 1.1,
    "thetas": [
        0.7003270491300002,
        -0.053869488946690414,
        1.2521357632657004,
        -1.9190780120328719,
        1.7275848218570173,
        1.3062330150862813,
        -0.8477272751259246,
        2.9662757615906044,
        -2.557455115564175,
        -0.5417974658723006,
        -2.7579177865614644,
        -1.2611919830145855,
        3.116726685272372,
        2.6474127966978234,
        -0.2979985587264111,
        2.634381324251887,
        -1.3107404352401797,
        0.3796338484110535,
        -0.2565573770438969,
        -3.0272038179249767,
        2.8195056772726383,
        -1.1887936715863368,
        2.1463338267637173,
        -3.0008659805164486,
        0.5090497007790056,
        0.6544887072823364,
        2.188024353240066,
        -1.163240541119771,
        2.7880790271266633,
        1.5137781885772634,
        2.5272337397359106,
        2.304403660937262,
        2.5192370373805115,
        1.4045127989437134,
        0.1702470555831357,
        1.6657501249314342,
        -1.7526813500610607,
        1.5617571314008787,
        1.6891796897122564,
        -0.763262672723064
    ],
    "oo": false,
    "mo": [
        [
            [
                0.0003659904641552455,
                0.08159426974121393,
                -0.2637483154851981,
                -6.282080755114462e-18,
                3.3781126718130946e-17,
                0.16964373470141716,
                1.2714923549021782,
                -1.3801407681807967e-16,
                -2.441282176014096e-17,
                0.3497185758819184,
                -0.4614570102165557
            ],
            [
                0.0012327568763059304,
                0.0008545485608124783,
                -0.17364773058265542,
                -1.436264333129102e-17,
                8.048133908456945e-17,
                1.1406011530338884,
                -1.0675643564472126,
                1.0783532199264026e-16,
                9.160425143798889e-17,
                -0.08669892223209835,
                -0.42436946861101793
            ],
            [
                0.9955542639507826,
                -0.23448106674503882,
                -0.047807187055825345,
                -7.878042986589933e-18,
                -5.571644672236807e-17,
                0.05500165454560785,
                0.017906647620790986,
                -3.1363876878142573e-17,
                -3.0000520227640716e-17,
                0.07010507842813471,
                0.08701065750053188
            ],
            [
                0.020967457829219147,
                0.506008148548355,
                0.11491327092699931,
                -1.1889699737414478e-16,
                7.622038783771562e-17,
                -0.07656820119779777,
                -0.11045862529349221,
                3.5543092190139304e-16,
                3.643455562730576e-16,
                -0.7586998345850516,
                -1.3801743365181351
            ],
            [
                -0.005178658085029707,
                0.5539305262087724,
                0.1753512582659878,
                9.719971361125228e-17,
                -1.5731654568484904e-16,
                -0.5346188499729141,
                0.2504492276887319,
                -3.5408511548256134e-16,
                -3.805842647318245e-16,
                0.6891538358544104,
                1.6611061847871615
            ],
            [
                5.139542627404634e-17,
                1.1637295450857678e-17,
                1.1748360729041926e-16,
                0.10780776355619934,
                0.6534537209455705,
                -3.008233382697096e-17,
                -1.961142440324071e-17,
                -0.9255301529368025,
                -0.19299006695078852,
                -5.72291884675773e-16,
                6.738182759383546e-17
            ],
            [
                9.998958527345127e-18,
                1.8675717259253734e-17,
                3.7261669103597196e-17,
                0.6534537209455709,
                -0.10780776355619912,
                7.960922151598516e-18,
                -9.476551410511643e-18,
                0.19299006695078863,
                -0.9255301529368025,
                -1.0345363579956609e-16,
                -6.850509253967083e-17
            ],
            [
                -0.0012296513200079073,
                -0.046852176197497736,
                0.5288963697082898,
                -4.974609911800317e-17,
                -1.003001783274893e-16,
                0.32635885802664905,
                0.3394835683392005,
                2.5730596171365953e-16,
                8.736063938271219e-17,
                -0.7920107712348373,
                0.5073718298738347
            ],
            [
                3.557178810335111e-17,
                5.6309848855940405e-18,
                9.679771519052343e-17,
                0.07947169694597413,
                0.48170070842935586,
                -9.455688536677484e-18,
                3.19596223491845e-17,
                1.023979495841132,
                0.21351856644708223,
                4.811388281922216e-16,
                8.705251902271465e-17
            ],
            [
                6.652431958544717e-18,
                -1.4702264442054931e-18,
                2.6105222406027654e-17,
                0.48170070842935603,
                -0.07947169694597446,
                1.0657976389213311e-17,
                9.744349747444699e-18,
                -0.21351856644708206,
                1.023979495841132,
                1.1468766376617396e-16,
                1.0704702064059249e-16
            ],
            [
                0.0011342345332062708,
                -0.04337089701083501,
                0.38059417770280335,
                -5.509771616799926e-17,
                -6.870373898799674e-17,
                0.4691542622395088,
                0.011867930182035856,
                -3.0252581958171047e-16,
                -8.154555611518495e-17,
                0.9920415360274415,
                -0.8922875283378516
            ]
        ],
        [
            [
                0.0003659902325919779,
                0.08159435417639267,
                -0.2637490967240585,
                2.3957048615199924e-16,
                -5.342123577421272e-17,
                0.16964358059543852,
                1.2714923370726632,
                -3.096997928407153e-16,
                1.6431640904303525e-17,
                0.34971805513293175,
                -0.4614570491986627
            ],
            [
                0.0012327570602042462,
                0.0008546006185025602,
                -0.17364889365396907,
                2.1334178143555072e-16,
                -5.3755318949951134e-17,
                1.1406007886562384,
                -1.0675645582647328,
                -1.6523366072394216e-17,
                2.722091404666391e-17,
                -0.08669899261871092,
                -0.42436944986263425
            ],
            [
                0.9955542641096983,
                -0.23448107439815763,
                -0.04780726890704674,
                1.0043722803779784e-16,
                5.526487247825716e-18,
                0.05500160806214085,
                0.017906643666559672,
                8.986276045911237e-19,
                -8.56008778008633e-18,
                0.07010508695154856,
                0.08701061341555681
            ],
            [
                0.02096745754372244,
                0.5060082926576015,
                0.1149135346144965,
                -4.4258670682467965e-17,
                -2.0627982483916122e-16,
                -0.07656804567741586,
                -0.11045863407059286,
                -1.3410627916163756e-16,
                1.3886829746278015e-16,
                -0.7587004017003375,
                -1.3801739579081271
            ],
            [
