{
    "dist": 1.1,
    "thetas": [
        2.3958260018131945,
        3.014066632168233,
        2.2907393097350255,
        2.1241702033721,
        2.5747887549532216,
        2.268116710897859,
        -0.18376821356508133,
        -0.3692349045573353,
        0.629297096919271,
        -2.7029951476934766,
        -0.5128175110076243,
        2.526099388339662,
        -2.444670949557147,
        2.5849416676918597,
        -1.9205334501648765,
        -2.087178956919396,
        2.848765104935585,
        2.9566681728718356,
        1.6185124242490563,
        2.4544011478498726,
        0.49182240310951597,
        2.2599906647832615,
        -2.3640072365335265,
        2.4583209737112917,
        0.5766613396536329,
        0.6203078226772614,
        -1.8494256733064371,
        -1.4660429783803186,
        2.746915186860476,
        1.350848660669861,
        1.3521078595549678,
        -1.211486638960258,
        -2.58831365501823,
        0.41537375491575945,
        1.26971338175455,
        -1.252168102670213,
        1.4253982794412483,
        -0.25740982863374917,
        -2.920740281290886,
        2.2378824751019755
    ],
    "oo": false,
    "mo": [
        [
            [
                0.0003659904641555107,
                0.08159426974121432,
                -0.2637483154851993,
                -3.119337639688365e-16,
                -2.4786331011271578e-17,
                0.16964373470141006,
                1.2714923549021788,
                3.96562074513905e-16,
                -4.987431058306828e-17,
                0.3497185758819144,
                -0.46145701021655966
            ],
            [
                0.0012327568763055618,
                0.0008545485608119851,
                -0.17364773058265243,
                -2.2743958248680214e-16,
                -2.248580331060868e-17,
                1.1406011530338955,
                -1.067564356447207,
                -8.900354770897711e-17,
                -1.970863693986011e-16,
                -0.08669892223209953,
                -0.4243694686110131
            ],
            [
                0.9955542639507823,
                -0.2344810667450386,
                -0.04780718705582554,
                5.745587771087741e-18,
                1.3741984228450773e-17,
                0.05500165454560756,
                0.017906647620791367,
                5.885638557491782e-17,
                5.655032131562199e-17,
                0.07010507842813488,
                0.08701065750053147
            ],
            [
                0.020967457829218616,
                0.506008148548354,
                0.11491327092699967,
                3.712773681925792e-18,
                -3.844112648845398e-17,
                -0.07656820119779484,
                -0.11045862529349605,
                -6.775731479919701e-16,
                -8.142393543536662e-16,
                -0.7586998345850592,
                -1.3801743365181285
            ],
            [
                -0.005178658085029354,
                0.5539305262087734,
                0.17535125826598766,
                2.879798418442699e-16,
                3.571859821258225e-17,
                -0.5346188499729183,
                0.25044922768873246,
                6.004544204885634e-16,
                9.002811334371718e-16,
                0.6891538358544192,
                1.6611061847871529
            ],
            [
                -4.403015709998477e-17,
                2.084758072106802e-17,
                -5.812434598218251e-16,
                0.6621855497574568,
                -0.011600732434439239,
                1.1965058998754655e-17,
                1.4541615323675617e-17,
                -0.9360061136195601,
                0.13320580018789985,
                9.475462075765125e-16,
                -2.779888583764521e-17
            ],
            [
                -9.295293087619961e-18,
                1.606210881303529e-17,
                -1.954382550547619e-17,
                0.011600732434439227,
                0.6621855497574564,
                2.9643245488988914e-18,
                5.699116366533015e-18,
                -0.13320580018790004,
                -0.9360061136195604,
                4.946749205648036e-16,
                3.7049445605478396e-16
            ],
            [
                -0.0012296513200078729,
                -0.04685217619749795,
                0.5288963697082891,
                4.246884339544311e-16,
                1.7012051467751102e-17,
                0.3263588580266451,
                0.339483568339204,
                -8.9132939813232e-16,
                -8.963978425379514e-17,
                -0.7920107712348335,
                0.5073718298738389
            ],
            [
                -2.5914329434771154e-17,
                1.2054206610712321e-17,
                -3.858876728858447e-16,
                0.488137473558619,
                -0.008551609475698874,
                7.707010486586912e-17,
                1.6832390712368522e-17,
                1.0355697923909992,
                -0.1473750019777409,
                -1.029693006063929e-15,
                1.0088395562508589e-16
            ],
            [
                -2.5680543962117976e-18,
                8.160158118441714e-18,
                -1.3819260650529164e-17,
                0.008551609475698779,
                0.48813747355862025,
                1.2425281786353702e-17,
                -1.102005855997855e-18,
                0.14737500197774092,
                1.0355697923909983,
                -4.879963292083506e-16,
                -3.0172360914069726e-16
            ],
            [
                0.001134234533206393,
                -0.04337089701083629,
                0.3805941777028048,
                2.278786132317626e-16,
                -2.358295921994028e-17,
                0.46915426223950896,
                0.011867930182038336,
                1.0808723231055546e-15,
                1.8388915567536487e-17,
                0.9920415360274344,
                -0.8922875283378562
            ]
        ],
        [
            [
                0.0003659902325921209,
                0.08159435417639282,
                -0.26374909672405716,
                1.2316282903086206e-16,
                3.024740271417563e-17,
                0.1696435805954383,
                1.2714923370726618,
                -9.721715451720457e-17,
                2.303909507507563e-17,
                0.34971805513292914,
                -0.4614570491986706
            ],
            [
                0.0012327570602039789,
                0.0008546006185011544,
                -0.17364889365396916,
                1.2791931914084793e-16,
                3.236188593155714e-17,
                1.1406007886562395,
                -1.0675645582647335,
                -7.866115125632751e-17,
                -7.676266965198896e-17,
                -0.08669899261871362,
                -0.424369449862629
            ],
            [
                0.995554264109699,
                -0.2344810743981581,
                -0.047807268907046244,
                1.1178991463330888e-16,
                -1.726930809152941e-17,
                0.055001608062140585,
                0.0179066436665605,
                1.829584403735449e-17,
                2.499648926551042e-17,
                0.07010508695154948,
                0.08701061341555665
            ],
            [
                0.020967457543722565,
                0.506008292657602,
                0.11491353461449437,
                -1.5042450959204463e-17,
                2.0523096823312242e-16,
                -0.07656804567741317,
                -0.11045863407059793,
                -2.5196110882165796e-16,
                -3.4379085794875995e-16,
                -0.7587004017003502,
                -1.380173957908122
            ],
            [
