{
    "dist": 1.1,
    "thetas": [
        1.8148753005830365,
        -1.9076246126603773,
        -2.166249198586991,
        -0.16916881257402583,
        -1.3671299471605198,
        1.030739713856713,
        -2.114864275870905,
        2.6673673978022956,
        1.721011088872685,
        2.2808057577892766,
        2.873702368367785,
        0.7118380667706448,
        -1.3961024839174951,
        -1.5045217333087788,
        -1.0484277890707796,
        -0.9871406037468522,
        0.5008491064145693,
        0.09656811746617544,
        -0.733868705148474,
        -3.132316454857535,
        -1.7262338485393,
        -1.579759456116289,
        -0.32013179302128103,
        -0.6801258357338167,
        2.7701825498272976,
        -2.8846962536334013,
        2.830095799495841,
        -0.3345043775701484,
        -1.061854481673711,
        1.8727980151998445,
        -2.7718940989136387,
        -1.8268385097175488,
        2.1162492300106175,
        -2.380273188992966,
        -0.6448389883673977,
        -2.67554913957511,
        0.5400341029065694,
        -1.3257783267016452,
        2.6368753752037373,
        -0.5464862959011358
    ],
    "oo": false,
    "mo": [
        [
            [
                0.0003659904641554066,
                0.08159426974121375,
                -0.2637483154851981,
                8.169875600006364e-17,
                4.1468722475427705e-17,
                0.1696437347014116,
                1.2714923549021815,
                -1.944998744404837e-17,
                -1.6732437247579882e-17,
                0.3497185758819123,
                -0.4614570102165538
            ],
            [
                0.0012327568763055065,
                0.0008545485608145454,
                -0.17364773058265534,
                1.902715423732381e-16,
                6.99417596380242e-17,
                1.1406011530338929,
                -1.0675643564472064,
                2.2688503935118136e-16,
                6.446773232888483e-17,
                -0.08669892223209545,
                -0.4243694686110206
            ],
            [
                0.9955542639507833,
                -0.23448106674503832,
                -0.04780718705582629,
                8.589844622720784e-18,
                -1.5811384022677444e-17,
                0.05500165454560785,
                0.017906647620790958,
                -7.346850073664902e-17,
                -9.93623409558728e-18,
                0.07010507842813499,
                0.08701065750053175
            ],
            [
                0.020967457829218786,
                0.5060081485483526,
                0.11491327092700099,
                1.7342933562677155e-17,
                1.514116306354098e-16,
                -0.07656820119779668,
                -0.11045862529349172,
                9.992973967131443e-16,
                1.531259707663255e-16,
                -0.7586998345850554,
                -1.3801743365181343
            ],
            [
                -0.00517865808502941,
                0.5539305262087727,
                0.17535125826599066,
                -1.8022694363930416e-16,
                -1.7133633975941737e-16,
                -0.5346188499729161,
                0.25044922768872835,
                -1.0808861641251308e-15,
                -1.7569883033228285e-16,
                0.6891538358544137,
                1.66110618478716
            ],
            [
                -1.450917812800752e-16,
                -1.24449659399509e-17,
                3.5459902464215836e-16,
                0.6582907501664473,
                0.07264686879621489,
                -5.019621395183035e-17,
                -2.388222424519871e-18,
                -0.04916466714825091,
                -0.9441578604455374,
                -2.3003010244851977e-16,
                8.050910821676766e-17
            ],
            [
                4.793654877466232e-18,
                -1.957879731460209e-17,
                -1.9460656833375004e-17,
                -0.072646868796215,
                0.6582907501664488,
                -8.034843307777987e-18,
                2.921734689431538e-18,
                -0.9441578604455356,
                0.049164667148250615,
                -5.875268741277666e-16,
                -5.35431208111883e-16
            ],
            [
                -0.0012296513200074413,
                -0.04685217619750003,
                0.5288963697082883,
                -1.700200888193073e-16,
                -2.457787395563269e-17,
                0.326358858026647,
                0.3394835683391979,
                2.687868427910926e-16,
                8.679700182721046e-17,
                -0.7920107712348374,
                0.5073718298738384
            ],
            [
                -1.0773747192440964e-16,
                -6.887587921884088e-19,
                2.4613670157256754e-16,
                0.48526637854141813,
                0.05355245068261897,
                -6.167084839325213e-17,
                -1.1947220255518805e-17,
                0.054394350005688874,
                1.0445886466969347,
                2.20483195336225e-16,
                3.683267815472953e-17
            ],
            [
                -1.9723528717384982e-18,
                -3.862149891373878e-18,
                -1.3279139185682117e-17,
                -0.053552450682618956,
                0.48526637854141763,
                -1.34913030091295e-17,
                -2.2896441110850317e-18,
                1.0445886466969336,
                -0.05439435000568833,
                6.094586354358185e-16,
                4.3005142931796895e-16
            ],
            [
                0.0011342345332060269,
                -0.043370897010837045,
                0.38059417770280374,
                -3.3968368612029584e-16,
                3.386941381375252e-17,
                0.4691542622395091,
                0.011867930182044153,
                -2.265182677644008e-16,
                -5.0291031422160713e-17,
                0.992041536027438,
                -0.8922875283378554
            ]
        ],
        [
            [
                0.00036599023259235836,
                0.0815943541763909,
                -0.26374909672405883,
                2.5792412747772987e-16,
                4.5968208002690796e-17,
                0.1696435805954373,
                1.2714923370726654,
                -6.888943823186165e-17,
                3.323929369494556e-16,
                0.3497180551329298,
                -0.46145704919865854
            ],
            [
                0.001232757060203647,
                0.0008546006185048393,
                -0.17364889365397546,
                2.260729853630176e-16,
                4.901423610786524e-17,
                1.1406007886562377,
                -1.0675645582647317,
                1.8661950145820574e-16,
                7.944944988324387e-18,
                -0.08669899261870881,
                -0.42436944986263736
            ],
            [
                0.995554264109698,
                -0.23448107439815755,
                -0.047807268907047465,
                1.7288132508077873e-16,
                6.427389322540434e-18,
                0.05500160806214085,
                0.017906643666559034,
                -6.474007230753652e-17,
                2.088582686594851e-17,
                0.0701050869515486,
                0.08701061341555728
            ],
            [
                0.020967457543722274,
                0.5060082926576002,
                0.11491353461449647,
                -1.2880935683479942e-17,
                1.2161131174137392e-16,
                -0.07656804567741604,
                -0.11045863407058976,
                8.084732939975884e-16,
                -9.407821673786793e-17,
                -0.7587004017003363,
                -1.3801739579081296
            ],
            [
