{
    "dist": 1.925,
    "thetas": [
        1.7448557058857794,
        -1.649077150016919,
        2.0375021118516665,
        2.926388517974451,
        2.9694403750439315,
        -0.2924870046656962,
        0.6851339998803385,
        1.7311841483035746,
        0.8897828870907407,
        1.394981677626908,
        -2.921451680140999,
        -1.2663793231633795,
        -2.773947824309876,
        2.243480068231582,
        -0.7988817039240748,
        1.1300180068818442,
        -1.531338241455982,
        -0.9576754694920289,
        -3.0824504749171866,
        -0.8901150950318448,
        2.8217419638603713,
        -1.7724928009645748,
        -1.1347975131086745,
        2.6249413174642493,
        -2.941136005369488,
        -2.7326544467196805,
        0.815739659640105,
        2.3487391344402075,
        -3.0868300924373417,
        1.5492904725652465,
        1.9656390491245403,
        -2.6658459083030457,
        0.9830378595694711,
        0.05819611947691916,
        -0.12639637898020917,
        2.862456773761779,
        -3.1415170444428115,
        -1.5897797083310843,
        1.3334972435574386,
        -1.1021834873956844
    ],
    "oo": false,
    "mo": [
        [
            [
                -0.0001417607001141205,
                0.01448677246327807,
                -1.6170965866851583e-16,
                -9.212727978176429e-18,
                -0.19567566044799992,
                0.35089648868136797,
                -5.232063121096842e-16,
                -3.4582412647726515e-17,
                -0.03907956179903531,
                1.2812164677166467,
                -0.1406236760434386
            ],
            [
                0.0005530562966681073,
                0.015040885633676828,
                -2.1899922601726175e-16,
                1.0129981841909738e-16,
                -0.3661989795981606,
                0.5031342571188657,
                -6.12661597923024e-16,
                -1.0771749594453679e-16,
                -0.08969563563543445,
                -1.2494042859522827,
                -0.36478799586944227
            ],
            [
                0.9955903117793866,
                -0.2397121890957731,
                9.100140588896068e-17,
                -2.2612557172427054e-17,
                -0.015771923686405735,
                0.020267652759024632,
                1.0779850207709081e-15,
                7.896863223499148e-17,
                0.12134303117302998,
                -0.0037983761691483303,
                0.005377820758680497
            ],
            [
                0.020380826094087204,
                0.5256254765439147,
                1.251916486705119e-16,
                1.7931789707085704e-16,
                0.047331219299370085,
                -0.0777301491686743,
                -1.3024277557188718e-14,
                -4.611296701893177e-16,
                -1.4835649332034277,
                -0.1393659562438773,
                -0.14788979707486238
            ],
            [
                -0.004188097788669674,
                0.5625141255994428,
                -2.837037811122009e-16,
                -1.7095547341376845e-16,
                0.046012206275173155,
                -0.034812158228010044,
                1.2766164994186059e-14,
                4.3831843656855177e-16,
                1.459882765540197,
                0.3071183326118773,
                0.20873997817700468
            ],
            [
                -1.1333153333031188e-16,
                1.0825978668952697e-16,
                0.6596138853092749,
                -0.1089267871833996,
                -6.613034642693615e-16,
                -2.1673404485349545e-16,
                0.5477010327913542,
                0.765208184259605,
                -5.656886971675125e-15,
                9.428110577611096e-17,
                -2.9349733981982513e-16
            ],
            [
                4.9084503605038295e-17,
                9.435109931002288e-18,
                0.10892678718339974,
                0.6596138853092762,
                -5.549937884821528e-17,
                9.84182607316126e-17,
                0.7652081842596042,
                -0.547701032791354,
                -7.330144373152528e-15,
                9.743061714784343e-17,
                3.2006310687244513e-16
            ],
            [
                -0.00045099304181357063,
                -0.0018808253903272439,
                4.731165715214166e-16,
                -1.9607793021994497e-16,
                0.49838647579249934,
                0.6519683508425745,
                -7.169622161941492e-16,
                5.779154652267845e-16,
                -0.08263216436210527,
                0.006204295400946287,
                0.8172031422793302
            ],
            [
                9.96413942575848e-17,
                3.55729378496526e-17,
                0.47482861091373246,
                -0.07841186518585576,
                -5.137626306018148e-16,
                1.2700408417607442e-16,
                -0.6106767480289688,
                -0.8531932889504381,
                6.197057595788964e-15,
                -8.772965929799455e-17,
                6.103464089336551e-16
            ],
            [
                -5.754407238539537e-17,
                4.632713022708296e-18,
                0.07841186518585559,
                0.4748286109137316,
                -4.303158951654437e-17,
                -1.0605614214299089e-16,
                -0.8531932889504388,
                0.6106767480289697,
                8.234074635664689e-15,
                -9.246624322836729e-17,
                -2.4644968193346357e-16
            ],
            [
                0.000294497115880143,
                -0.00914410526237863,
                4.808804425150544e-16,
                1.5917088289233003e-16,
                0.40679355869197625,
                0.01869301369849482,
                7.016802683399014e-16,
                -6.779074039051814e-16,
                0.08172347477980822,
                -0.19893556711638255,
                -1.1253440203481855
            ]
        ],
        [
            [
                -0.0001417607001141205,
                0.01448677246327807,
                -1.6170965866851583e-16,
                -9.212727978176429e-18,
                -0.19567566044799992,
                0.35089648868136764,
                2.3508250613057086e-16,
                3.828269375203099e-17,
                -0.03907956179903632,
                1.2812164677166453,
                -0.1406236760434406
            ],
            [
                0.0005530562966681073,
                0.015040885633676828,
                -2.1899922601726175e-16,
                1.0129981841909738e-16,
                -0.3661989795981606,
                0.5031342571188665,
                3.208350099630446e-16,
                1.364162422331258e-16,
                -0.08969563563543347,
                -1.2494042859522811,
                -0.3647879958694411
            ],
            [
                0.9955903117793866,
                -0.2397121890957731,
                9.100140588896068e-17,
                -2.2612557172427054e-17,
                -0.015771923686405735,
                0.020267652759024646,
                -5.570502835295583e-16,
                -1.0204967324771807e-16,
                0.1213430311730301,
                -0.0037983761691482666,
                0.0053778207586805665
            ],
            [
                0.020380826094087204,
                0.5256254765439147,
                1.251916486705119e-16,
                1.7931789707085704e-16,
                0.047331219299370085,
                -0.07773014916867452,
                6.803871281484954e-15,
                7.293520368240576e-16,
                -1.4835649332034282,
                -0.1393659562438779,
                -0.1478897970748633
            ],
