{
    "dist": 1.725,
    "thetas": [
        0.7003270491300002,
        -0.053869488946690414,
        1.2521357632657004,
        -1.9190780120328719,
        1.7275848218570173,
        1.3062330150862813,
        -0.8477272751259246,
        2.9662757615906044,
        -2.557455115564175,
        -0.5417974658723006,
        -2.7579177865614644,
        -1.2611919830145855,
        3.116726685272372,
        2.6474127966978234,
        -0.2979985587264111,
        2.634381324251887,
        -1.3107404352401797,
        0.3796338484110535,
        -0.2565573770438969,
        -3.0272038179249767,
        2.8195056772726383,
        -1.1887936715863368,
        2.1463338267637173,
        -3.0008659805164486,
        0.5090497007790056,
        0.6544887072823364,
        2.188024353240066,
        -1.163240541119771,
        2.7880790271266633,
        1.5137781885772634,
        2.5272337397359106,
        2.304403660937262,
        2.5192370373805115,
        1.4045127989437134,
        0.1702470555831357,
        1.6657501249314342,
        -1.7526813500610607,
        1.5617571314008787,
        1.6891796897122564,
        -0.763262672723064
    ],
    "oo": false,
    "mo": [
        [
            [
                -5.7773942017927494e-05,
                0.020786736769767392,
                -5.208894101434778e-17,
                -2.0114184484241197e-18,
                -0.2050809067881463,
                -0.36200800197780264,
                -1.1643917910807244e-16,
                1.0861030587425412e-17,
                -0.03899589405893592,
                0.48618104870503115,
                -1.1862211079651561
            ],
            [
                0.0006304830276639249,
                0.0156367311271227,
                -1.189853117994047e-16,
                -3.488356289849471e-18,
                -0.3383892962321026,
                -0.4684543539223134,
                -1.3021661155261537e-16,
                -7.943382233924838e-17,
                -0.1227454692428119,
                0.13526810567267447,
                1.3576269616105734
            ],
            [
                0.9955900181509159,
                -0.2393164182297169,
                -3.639558302026029e-17,
                -1.1008653744985348e-17,
                -0.020412585702900297,
                -0.026442481568048862,
                2.57904864554742e-16,
                4.845040828324857e-17,
                0.12018943919961345,
                -0.006633404017692885,
                0.004828652534853051
            ],
            [
                0.020421491559496602,
                0.5238183250609434,
                -1.5093082652278254e-17,
                1.832291168226932e-16,
                0.058530641734407106,
                0.11075578035482815,
                -3.168078417513087e-15,
                -6.275687932060594e-16,
                -1.4846278327005142,
                0.16708905315729558,
                0.16758155803522154
            ],
            [
                -0.004272624754763386,
                0.562233717316518,
                -6.044996220875393e-17,
                -2.1140071867088717e-16,
                0.06630761178346735,
                0.03616522942583596,
                3.1274604410204283e-15,
                6.299287505669184e-16,
                1.474431190438134,
                -0.21924395120558945,
                -0.4075593628087092
            ],
            [
                -3.6619311654774174e-17,
                5.428565305861172e-17,
                0.4412971215905843,
                0.5016152799535291,
                -1.2228257320775429e-16,
                1.1149248733858598e-16,
                -0.5764038479735366,
                -0.7442264942017301,
                1.886452586490704e-15,
                2.3355431876574303e-16,
                5.415905864475521e-17
            ],
            [
                -2.918045012713278e-17,
                1.8703608609591934e-17,
                0.5016152799535287,
                -0.44129712159058443,
                -1.5031070208660966e-16,
                1.1505603083047987e-16,
                -0.7442264942017295,
                0.5764038479735376,
                1.791934406916637e-15,
                2.0166718813698533e-16,
                6.587168214108027e-17
            ],
            [
                -0.000572637454054592,
                -0.0049065636632201984,
                2.6911542328329663e-16,
                6.79379086414569e-17,
                0.4993955412934409,
                -0.7005024806214482,
                -6.952953537820358e-16,
                -7.395408837892866e-17,
                -0.11298146140259921,
                -0.7577468712004828,
                -0.1642065462376855
            ],
            [
                -2.0213100752781402e-17,
                1.1287701635542697e-18,
                0.3182103841558185,
                0.36170458206733663,
                -1.3481127699981853e-16,
                -9.875998697805371e-17,
                0.6423249214893684,
                0.8293407931592807,
                -2.0617406874206155e-15,
                -2.794444448174242e-16,
                -6.907559519701472e-17
            ],
            [
                -3.3815331379077054e-17,
                4.6053832173864975e-18,
                0.36170458206733697,
                -0.3182103841558186,
                -1.1355446177517027e-16,
                -1.378030228117374e-16,
                0.82934079315928,
                -0.6423249214893694,
                -1.7515067007954825e-15,
                -3.118700532693678e-16,
                -1.1216234837401006e-16
            ],
            [
                0.00039712126484355226,
                -0.01350183381172461,
                8.200439495428069e-18,
                -8.074236767126909e-17,
                0.40213039159423075,
                0.038653940145843224,
                7.261065185920758e-16,
                6.802635823607612e-17,
                0.102678966883031,
                1.082981708264866,
                0.43648578064452515
            ]
        ],
        [
            [
                -5.7773942017927494e-05,
                0.020786736769767392,
                -5.208894101434778e-17,
                -2.0114184484241197e-18,
                -0.2050809067881463,
                -0.36200800197780225,
                2.981686877306591e-16,
                -7.438195996719451e-17,
                0.03899589405893602,
                0.48618104870503176,
                -1.186221107965156
            ],
            [
                0.0006304830276639249,
                0.0156367311271227,
                -1.189853117994047e-16,
                -3.488356289849471e-18,
                -0.3383892962321026,
                -0.46845435392231316,
                6.005193825568756e-16,
                5.2796878584229796e-17,
                0.12274546924281211,
                0.13526810567267436,
                1.3576269616105732
            ],
            [
                0.9955900181509159,
                -0.2393164182297169,
                -3.639558302026029e-17,
                -1.1008653744985348e-17,
                -0.020412585702900297,
                -0.026442481568048827,
                -7.345834738451147e-16,
                6.970418968129581e-17,
                -0.1201894391996134,
                -0.006633404017692816,
                0.004828652534853088
            ],
            [
                0.020421491559496602,
                0.5238183250609434,
                -1.5093082652278254e-17,
                1.832291168226932e-16,
                0.058530641734407106,
                0.1107557803548275,
                9.069341051306822e-15,
                -8.241712481260311e-16,
                1.4846278327005138,
                0.1670890531572947,
                0.1675815580352209
            ],
