{
    "dist": 1.875,
    "thetas": [
        -1.280204273705289,
        1.9419297300422045,
        -0.940891133303507,
        1.8184119877683536,
        0.38546698317217754,
        -1.5482462623708158,
        -2.4820021837889543,
        -2.7742730588529536,
        1.0888281406992553,
        1.243000394197522,
        1.4626200193935919,
        1.8087660546709712,
        -2.6617060794763305,
        -1.1455465965311886,
        1.514393913888437,
        -1.0776025393438475,
        -0.18758145050334907,
        -2.003797532579155,
        -1.1089545493349307,
        -0.2833329782724672,
        0.18617401951910573,
        -1.3004274157417277,
        -1.4013064739751477,
        1.1193687642619112,
        -1.6747283761111225,
        1.1137283347171385,
        -0.4251674570616557,
        -0.7058135459189301,
        -1.0339219766896837,
        0.08307705720900582,
        3.0642536441871373,
        0.19424072343329168,
        1.1337138145690409,
        -0.6840206445593826,
        -2.4092484788668456,
        1.3020376391937685,
        -0.5427660854375911,
        -0.27625260685593744,
        -1.0558733579582715,
        -2.5527624137262657
    ],
    "oo": false,
    "mo": [
        [
            [
                -0.0001259924250558875,
                0.015842846233839154,
                -5.7095353817836166e-18,
                8.532357687448975e-17,
                -0.19777857517762285,
                0.3532312314184823,
                -8.513021621758198e-17,
                -5.459937675205501e-17,
                -0.03889580995089103,
                -1.0961499972086817,
                -0.6758176064433179
            ],
            [
                0.0005730967774222412,
                0.01523354002079605,
                -1.2480159432642866e-18,
                6.612607152980424e-17,
                -0.3600113462867063,
                0.4955250421674969,
                1.6714508531707203e-16,
                1.8897525936466073e-16,
                -0.09744150897652516,
                1.3045844374271074,
                0.1801392361338728
            ],
            [
                0.9955904360059876,
                -0.2396337034579307,
                -6.01867324406264e-19,
                5.482232055597817e-17,
                -0.016814253878550275,
                0.021706196510844995,
                -4.276011511709731e-17,
                -4.815824786694891e-17,
                0.12109248646945223,
                0.0017026804048379742,
                0.006843929221520694
            ],
            [
                0.02038883367675162,
                0.5252764194178666,
                -1.3343438658107986e-17,
                -1.3312793626448571e-16,
                0.04987186362600546,
                -0.08523578834873204,
                6.60600860308247e-16,
                5.761245335254493e-16,
                -1.483788719373979,
                0.1921778312425304,
                -0.08823086322186183
            ],
            [
                -0.004206177119015356,
                0.5624360553693696,
                1.4138817370276197e-17,
                3.1714506229557867e-16,
                0.05064690990810703,
                -0.03540006208432174,
                -6.948285681785767e-16,
                -5.567465854325725e-16,
                1.4628850813457424,
                -0.38569288778701877,
                0.07610337107323172
            ],
            [
                1.3779561149041785e-16,
                -1.2587939084485566e-16,
                -0.017681297292817377,
                0.668253162546697,
                1.403668092131072e-16,
                3.928010988105563e-17,
                -0.5647637880287186,
                0.7527565711711344,
                4.069263362750508e-17,
                -5.320572785681855e-17,
                1.2460828482646582e-16
            ],
            [
                1.6507485014695787e-17,
                -5.9353291728121555e-18,
                0.6682531625466964,
                0.017681297292817276,
                1.6570931465732524e-17,
                -9.620668537759945e-17,
                -0.7527565711711343,
                -0.5647637880287188,
                -4.92421122395814e-16,
                1.5608006183193303e-16,
                -1.941444968649373e-16
            ],
            [
                -0.00047841185668419254,
                -0.002446133714603018,
                -1.2978698065142911e-17,
                -3.987506220549074e-17,
                0.49844124617394536,
                0.6642264673056083,
                -9.113578572847176e-17,
                -4.65493911605562e-16,
                -0.0900605793995618,
                -0.3403866224050808,
                0.7319289008505183
            ],
            [
                1.0154656672591269e-16,
                -4.3653489757010754e-17,
                -0.012730956475397624,
                0.48115824229621146,
                9.278529717985156e-17,
                -1.7985540426127083e-16,
                0.6296542498973129,
                -0.8392471051134958,
                -4.026143806114272e-17,
                1.542292491720923e-16,
                -3.1726632089019926e-16
            ],
            [
                -1.808123413817684e-17,
                -1.409577471872895e-18,
                0.48115824229621096,
                0.0127309564753976,
                1.2364938681108964e-17,
                1.661093020618749e-16,
                0.8392471051134951,
                0.6296542498973132,
                7.561830152430867e-16,
                -2.638774405789513e-16,
                3.162584416476596e-16
            ],
            [
                0.00031720127905755335,
                -0.010045729607866415,
                -1.8621200514292244e-17,
                -5.910240564123278e-17,
                0.40550571237549,
                0.004927108807809942,
                1.0028739735348931e-16,
                5.288844627265167e-16,
                0.08717071068806102,
                0.6529555569523756,
                -0.9450519569516197
            ]
        ],
        [
            [
                -0.0001259924250558875,
                0.015842846233839154,
                -5.7095353817836166e-18,
                8.532357687448975e-17,
                -0.19777857517762285,
                -0.3532312314184815,
                5.923291400534337e-20,
                2.7222584781547724e-17,
                0.03889580995089168,
                -1.0961499972086832,
                -0.6758176064433176
            ],
            [
                0.0005730967774222412,
                0.01523354002079605,
                -1.2480159432642866e-18,
                6.612607152980424e-17,
                -0.3600113462867063,
                -0.49552504216749754,
                -2.4322530575891887e-16,
                -1.9158283425054148e-17,
                0.09744150897652415,
                1.3045844374271074,
                0.1801392361338717
            ],
            [
                0.9955904360059876,
                -0.2396337034579307,
                -6.01867324406264e-19,
                5.482232055597817e-17,
                -0.016814253878550275,
                -0.021706196510845027,
                1.6328449446753796e-16,
                -4.4921960627685476e-17,
                -0.12109248646945224,
                0.0017026804048379585,
                0.006843929221520688
            ],
            [
                0.02038883367675162,
                0.5252764194178666,
                -1.3343438658107986e-17,
                -1.3312793626448571e-16,
                0.04987186362600546,
                0.08523578834873241,
                -2.053652312594711e-15,
                6.574926969206216e-16,
                1.4837887193739785,
                0.19217783124253054,
                -0.08823086322186204
