{
    "dist": 1.875,
    "thetas": [
        -3.0764099223207433,
        0.01177840984590972,
        -0.026557182477288332,
        -2.3007169235661014,
        -2.248682369474494,
        -1.7683479941393894,
        -0.512028202872056,
        -1.5827270375196305,
        -2.613430288461024,
        -0.9707606747745907,
        -2.0937059634728197,
        2.3785568841181437,
        2.833490577583455,
        -2.8981294278830885,
        1.2510286361875504,
        0.4571634041388086,
        2.5007524773851486,
        1.0486571744320248,
        0.3005736555656977,
        1.2718890166746162,
        -0.7132849799065748,
        1.2216942432770699,
        2.0412213292864516,
        -0.21571133114546903,
        2.767896497391848,
        1.9084532601475015,
        3.0370357265324968,
        -2.075736612374536,
        0.13247914925031923,
        2.7992684884377166,
        0.9395904409587343,
        2.2671738383730498,
        2.9584127451094044,
        -1.975799852373875,
        -1.614051814515542,
        2.346146691061457,
        2.5527154170067154,
        1.622808451808627,
        -0.961943394595556,
        -0.229118149317471
    ],
    "oo": false,
    "mo": [
        [
            [
                -0.0001259924250558535,
                0.015842846233845406,
                7.227773009383751e-17,
                -5.161493967391153e-18,
                -0.1977785751777553,
                -0.353231231418453,
                3.8754964139047376e-16,
                3.323540605259326e-16,
                0.038895809950905504,
                -1.0961499972168298,
                -0.6758176064300768
            ],
            [
                0.0005730967774222365,
                0.015233540020820962,
                6.100456585319149e-17,
                1.9374209462708388e-17,
                -0.3600113462870468,
                -0.49552504216739224,
                3.3521825284864025e-16,
                -1.0319219044418697e-17,
                0.09744150897656877,
                1.304584437429186,
                0.1801392361183994
            ],
            [
                0.9955904360059854,
                -0.23963370345792567,
                -1.638057725255021e-17,
                2.8389950805235476e-18,
                -0.016814253878569684,
                -0.02170619651083853,
                -6.759911077077559e-16,
                -4.1065195963164487e-16,
                -0.12109248646946917,
                0.001702680404924598,
                0.00684392922149304
            ],
            [
                0.02038883367675698,
                0.5252764194177784,
                1.2193677918641869e-17,
                7.504085766130148e-17,
                0.04987186362604149,
                0.0852357883486493,
                8.245530195212744e-15,
                4.92112480472409e-15,
                1.4837887193740338,
                0.19217783124139487,
                -0.08823086322400292
            ],
            [
                -0.004206177119016704,
                0.5624360553694494,
                7.330543088649853e-17,
                -1.179508721472234e-16,
                0.05064690990818886,
                0.03540006208439283,
                -8.117987317486769e-15,
                -4.819052594408685e-15,
                -1.4628850813457426,
                -0.3856928877860144,
                0.07610337107765168
            ],
            [
                -1.1649019440721633e-16,
                -2.247333857873477e-17,
                0.656571533540121,
                -0.12565324855450455,
                2.453650172265459e-16,
                -2.2010182678943296e-16,
                -0.5307533404417657,
                -0.7771109852008742,
                6.246856280003243e-15,
                -3.954942874480975e-16,
                4.081222817070323e-16
            ],
            [
                -2.439525658782354e-17,
                1.0437589137720213e-17,
                0.1256532485545043,
                0.6565715335401211,
                7.874935960228023e-17,
                -7.288029159940695e-17,
                0.7771109852008738,
                -0.5307533404417665,
                -2.684080287578213e-15,
                -1.8021508230213566e-17,
                1.27247307499319e-16
            ],
            [
                -0.00047841185668458057,
                -0.002446133714609518,
                -1.3158836433921752e-16,
                -7.201739030832386e-17,
                0.498441246173634,
                -0.6642264673056367,
                7.438015139956624e-16,
                1.0438115179819684e-15,
                0.09006057939944101,
                -0.34038662239635253,
                0.7319289008547795
            ],
            [
                -5.1039236738623146e-17,
                -3.4529271820873485e-17,
                0.4727471903253424,
                -0.09047334094597023,
                1.5663562965881565e-16,
                2.9522203825995184e-16,
                0.5917360559231373,
                0.86639980261747,
                -6.941055959240021e-15,
                5.643927160202268e-16,
                -6.320102977641124e-16
            ],
            [
                -1.4091407976427885e-17,
                2.2695738077222724e-18,
                0.09047334094597027,
                0.47274719032534357,
                5.926899315335563e-17,
                6.311977009621359e-17,
                -0.866399802617469,
                0.5917360559231378,
                3.120390637311022e-15,
                9.483228117478924e-17,
                -2.297584188827166e-16
            ],
            [
                0.0003172012790575293,
                -0.010045729607880203,
                -1.9267974902175908e-16,
                -8.020083645645465e-18,
                0.405505712375423,
                -0.004927108808349928,
                -7.746791920521749e-16,
                -1.1259020193965477e-15,
                -0.0871707106878976,
                0.6529555569410835,
                -0.9450519569594622
            ]
        ],
        [
            [
                -0.0001259924250558535,
                0.015842846233845406,
                7.227773009383751e-17,
                -5.161493967391153e-18,
                -0.1977785751777553,
                -0.3532312314184528,
                -1.5415620881000896e-16,
                1.5293952268309342e-16,
                0.03889580995090565,
                -1.0961499972168314,
                -0.6758176064300758
            ],
            [
                0.0005730967774222365,
                0.015233540020820962,
                6.100456585319149e-17,
                1.9374209462708388e-17,
                -0.3600113462870468,
                -0.49552504216739174,
                1.3052133113078577e-16,
                1.0148757357069097e-16,
                0.09744150897656911,
                1.3045844374291873,
                0.18013923611839805
            ],
            [
                0.9955904360059854,
                -0.23963370345792567,
                -1.638057725255021e-17,
                2.8389950805235476e-18,
                -0.016814253878569684,
                -0.021706196510838504,
                1.2509027152582228e-16,
                -2.3884656125513426e-16,
                -0.12109248646946909,
                0.001702680404924638,
                0.006843929221493007
            ],
            [
                0.02038883367675698,
                0.5252764194177784,
                1.2193677918641869e-17,
                7.504085766130148e-17,
                0.04987186362604149,
                0.08523578834864892,
                -1.4403757431227855e-15,
                2.8991791984899463e-15,
                1.483788719374033,
                0.19217783124139445,
                -0.08823086322400266
            ],
            [
