{
    "dist": 1.45,
    "thetas": [
        2.830292529664302,
        -1.3161554982377885,
        2.3138906146080664,
        1.7926006138769264,
        -0.8056669505775651,
        -0.6842470368635021,
        1.988065916926888,
        1.0279108726635657,
        2.2478519852938046,
        1.5172433989400274,
        1.0390654303130313,
        1.2173868599350657,
        -1.6681467403549353,
        2.736038079650694,
        1.2281751786387307,
        0.5880475170514226,
        0.5792178168397495,
        2.3186216093984537,
        2.544651754696443,
        0.20810838014218325,
        -2.84414722614307,
        1.0486728991472214,
        1.7496481108822177,
        3.04237855011527,
        -2.9373252832894425,
        -2.120084351655082,
        2.2498224214658036,
        -0.8067266665731956,
        2.664372052366776,
        1.9546659025502526,
        0.47498217055780456,
        0.4534616092773205,
        2.9644732223995502,
        1.4515888763411802,
        -1.8121575832237378,
        -1.8345214820930618,
        1.3253969360738322,
        -2.4090702818534,
        -2.269592057169401,
        -2.3406893074721826
    ],
    "oo": false,
    "mo": [
        [
            [
                0.0001344075254434,
                0.03568378526368316,
                -1.09552927595092e-17,
                -3.542950494677496e-16,
                -0.22365248476242683,
                0.2558935367999073,
                1.2551633437442835,
                3.6344069482800783e-16,
                4.3935244993153955e-17,
                0.2938904240276839,
                -0.20834630198149337
            ],
            [
                0.0007614455859794539,
                0.014436090062300589,
                1.5531565174214598e-17,
                -4.657389783515665e-16,
                -0.2832285412248858,
                0.8364895775884469,
                -1.2271046279093722,
                -1.7568634985207137e-16,
                -4.052758432996413e-17,
                -0.09278179623989923,
                -0.28787150822813
            ],
            [
                0.9955840918010938,
                -0.23820024191812447,
                -2.3397416482320925e-17,
                7.212320810206361e-17,
                -0.029422241580735805,
                0.036825240964976115,
                -0.006141818103631801,
                2.839497120014833e-19,
                3.2447763566134763e-17,
                0.060203922685558305,
                0.10150381228193868
            ],
            [
                0.020545592681969784,
                0.5188500920000448,
                1.0941342265296998e-16,
                1.8889064770049334e-16,
                0.0790827661738503,
                -0.06001427907757765,
                -0.045615365200734885,
                -3.7687974945839647e-16,
                -4.2961836350382177e-16,
                -0.7089824484886688,
                -1.3492285511137767
            ],
            [
                -0.0044849780742702156,
                0.5616858988277569,
                -4.6516363605520394e-17,
                1.2204419465271988e-16,
                0.10287347499821903,
                -0.2643212616539642,
                0.294820905876463,
                3.54721997976142e-16,
                4.243731760077018e-16,
                0.6924002683679151,
                1.4248502197642714
            ],
            [
                -1.1926129631868078e-17,
                -2.8277016679192584e-17,
                0.29890056345579114,
                0.5955974801348087,
                -1.1523981675458025e-15,
                -1.0642305147343002e-16,
                5.18137802502356e-17,
                -0.90981456796497,
                0.24624186479776908,
                6.136389161501531e-16,
                -2.0390623123358536e-16
            ],
            [
                1.5527235262978294e-17,
                -3.637569102387991e-17,
                0.5955974801348078,
                -0.2989005634557908,
                4.3266702232218497e-16,
                -1.5277931771745292e-17,
                -3.339531350525316e-18,
                -0.24624186479776938,
                -0.9098145679649705,
                3.9281456058216617e-16,
                8.550777320258017e-17
            ],
            [
                -0.0008068052580007878,
                -0.014225151824261985,
                1.8339845221323714e-16,
                9.729419051677109e-16,
                0.5058387041481286,
                0.373028859317641,
                0.20881427797086766,
                -7.306487348176152e-16,
                -1.7860856496447507e-16,
                -0.8335667593183929,
                0.4853185706662208
            ],
            [
                -2.6408116493773933e-17,
                1.0965547679421276e-17,
                0.21693870177398852,
                0.4322780212470717,
                -8.1625465249288e-16,
                -2.978405303085614e-17,
                -9.295916662676703e-17,
                1.0117166058952687,
                -0.2738217131868486,
                -6.971765828652666e-16,
                2.0589568078203116e-16
            ],
            [
                3.8161070769871e-18,
                -6.148633283278814e-18,
                0.43227802124707276,
                -0.21693870177398886,
                3.114626614050301e-16,
                -1.186880958722706e-17,
                -2.6439618952851824e-17,
                0.2738217131868485,
                1.0117166058952682,
                -3.944000826858331e-16,
                -3.4648174031683705e-17
            ],
            [
                0.0006219516214690978,
                -0.023708544991617047,
                7.652866852663336e-17,
                7.329966692549958e-16,
                0.39737012286194195,
                0.42934491614992115,
                -0.22255883265642704,
                7.689373916855441e-16,
                2.1111130465245138e-16,
                0.9346561864826027,
                -0.6418724153100175
            ]
        ],
        [
            [
                0.00013440749013398238,
                0.03568356067825638,
                1.3833288391833982e-15,
                -4.0172403754290586e-16,
                -0.2236503922849933,
                0.25589393411445677,
                1.2551634660569935,
                2.70472619163308e-17,
                -4.036659718608169e-16,
                0.29389129703779954,
                -0.20834613033061705
            ],
            [
                0.0007614460518916435,
                0.014435886843211083,
                1.6306867881661767e-15,
                -4.4401232464299796e-16,
                -0.2832256036768631,
                0.8364913594199751,
                -1.2271040952615346,
                -9.210220524654403e-17,
                2.909516716557571e-16,
                -0.09278156034547615,
                -0.28787157750387304
            ],
            [
                0.9955840887264624,
                -0.23820029191500072,
                -2.2489997161437987e-17,
                1.015822097741816e-17,
                -0.02942212118357047,
                0.0368252483302893,
                -0.00614181279721576,
                2.87706288009924e-17,
                -2.1475433588407553e-16,
                0.06020376226018035,
                0.10150385280963885
            ],
            [
                0.020545606455769933,
                0.5188504564711243,
                -3.323982989495933e-16,
                2.0399868825818105e-16,
                0.07908237040039189,
                -0.06001454519447439,
                -0.04561543729717915,
                -3.6442890832056117e-16,
                1.557248582690349e-15,
                -0.7089801789385136,
                -1.3492296122523073
            ],
            [
