{
    "dist": 0.725,
    "thetas": [
        1.0607592975211642,
        -0.9380084697972517,
        2.4699562004424855,
        -1.3946453069212887,
        -2.811806829505575,
        2.6256889639960885,
        -0.17491097986209603,
        -3.1023400166459405,
        -0.07535832863870562,
        2.1433622426575356,
        1.6961668436679096,
        -0.963132038435158,
        -0.8863242082270948,
        1.4280752807055181,
        1.0193758125997254,
        0.6339726059438919,
        1.4093175001577878,
        1.254081355212083,
        -3.0318265567316476,
        1.246513139645585,
        -1.2965252396870526,
        3.045232358412844,
        2.3077423290309644,
        1.5163704326518106,
        -0.9141490480795276,
        -1.282661373371675,
        -2.9821870896762968,
        -2.1355240193390217,
        2.005167089661641,
        -2.1894946755565146,
        1.4193801604722447,
        -3.0798820566823406,
        1.2656368141233738,
        -1.7007790101032148,
        3.072585558811828,
        0.5123593138743661,
        1.6055803129963904,
        -2.9016287942201364,
        -1.6106493757343296,
        -2.3758833491673643
    ],
    "oo": false,
    "mo": [
        [
            [
                -0.00014375669288696884,
                0.22016009164564734,
                -0.3261222218492914,
                -1.2855633401732875e-16,
                1.8913534961587782e-16,
                0.024847077841545502,
                1.7043178478527115,
                1.4864526913354573e-15,
                -9.571076929788659e-16,
                0.5304552437440387,
                -0.3478818168436188
            ],
            [
                0.0025070537293643393,
                -0.022423140778630706,
                -0.05701024218602303,
                8.917832339143657e-17,
                -9.877568173221794e-17,
                1.573232881270323,
                -0.14754616304084892,
                -6.415560133561863e-17,
                7.227052077722182e-17,
                -0.46788083236972744,
                -0.985146897395533
            ],
            [
                0.9954258180467741,
                -0.22472874532524903,
                -0.07917427712776583,
                1.7506757329603813e-16,
                7.685308037767338e-18,
                0.06869619240380598,
                0.06874150644111239,
                2.0645918307523027e-17,
                -7.356775790843495e-17,
                -0.0169606713834989,
                0.08867449996011947
            ],
            [
                0.02199179696808263,
                0.48898165612819045,
                0.16467100372807614,
                7.132625949509256e-17,
                2.2849156948465276e-16,
                -0.07733855442592166,
                -0.2363533511667798,
                -3.1711252249854216e-16,
                5.506073174048754e-16,
                0.20787318331256102,
                -1.6376314118621456
            ],
            [
                -0.006554869059187724,
                0.44906025649662035,
                0.3601428344858425,
                -1.247569240680733e-16,
                -2.387260703720107e-16,
                -0.9404724572826823,
                -0.6703170417972719,
                -5.101321372279485e-16,
                -3.635725098420853e-18,
                -0.2165901699562221,
                2.4141281358395537
            ],
            [
                -7.773836401153981e-17,
                -8.658373731276262e-18,
                -1.4812581420229906e-16,
                -0.027779432752537837,
                0.6610151334457016,
                -1.3507552692156117e-16,
                -9.597501028967168e-16,
                0.23721923937430545,
                -0.9156909075555336,
                8.635301730389044e-16,
                -1.1715657022861035e-16
            ],
            [
                -8.408579407412686e-17,
                -1.9152368966950018e-18,
                2.1692249817479756e-16,
                0.6610151334457005,
                0.027779432752537928,
                -3.238259464376474e-17,
                6.777368650192969e-16,
                -0.9156909075555342,
                -0.2372192393743055,
                -1.599154119087053e-16,
                -1.827350674643678e-17
            ],
            [
                -0.0018955953352017873,
                -0.1465922340802622,
                0.5673423894044101,
                -2.1367869770170285e-18,
                2.8160428282285024e-17,
                0.1849382934192923,
                -0.030455973339952317,
                -3.4365690596924663e-16,
                8.654833641601444e-16,
                0.9796411254017131,
                0.21689504979930627
            ],
            [
                -1.0505227853390907e-16,
                -1.2370232662664466e-17,
                -9.863200124480504e-17,
                -0.020531204843272647,
                0.4885426290080416,
                -1.4404293201306073e-16,
                1.0839618299897038e-15,
                -0.2622294874422439,
                1.0122330632926713,
                -9.491280987593479e-16,
                1.5158562313783246e-16
            ],
            [
                8.75486935166442e-17,
                -3.4576746617410503e-18,
                1.3308229707817994e-16,
                0.48854262900804246,
                0.02053120484327279,
                -3.712110661772282e-17,
                -7.34879402305622e-16,
                1.0122330632926706,
                0.26222948744224356,
                7.013465170278197e-17,
                7.529247071102964e-18
            ],
            [
                0.0014429211267052691,
                -0.02559038360986905,
                0.29013164720885104,
                -4.2980195813126823e-16,
                1.5382209402823417e-16,
                0.37278436040805374,
                1.3241390914402544,
                1.5082918593598602e-15,
                -1.6030246050983115e-15,
                -0.7757050026941663,
                -0.768688591091744
            ]
        ],
        [
            [
                -0.00014375699978319407,
                0.22015996255220774,
                -0.3261220603151607,
                1.103869716167505e-16,
                -8.130430927828813e-17,
                0.024847252231715584,
                1.7043172982336006,
                1.024562901783083e-15,
                -7.209793379196306e-15,
                0.5304568250085661,
                -0.34788231903140426
            ],
            [
                0.002507055531296214,
                -0.022423299707339917,
                -0.05701002944219122,
                1.0123546162800522e-16,
                2.339986495891344e-17,
                1.5732328065851877,
                -0.14754607670054412,
                -1.2469207299346766e-16,
                1.0087429263836932e-15,
                -0.4678811111748688,
                -0.9851469058704192
            ],
            [
                0.995425815059389,
                -0.22472881425983088,
                -0.07917424760368262,
                2.1765682008304726e-16,
                -4.102628271747303e-18,
                0.06869615474326961,
                0.06874152368651422,
                4.891662944664572e-17,
                -2.436873568612527e-16,
                -0.016960578382175056,
                0.08867441874962351
            ],
            [
                0.021991812051581374,
                0.4889821483184562,
                0.16467115415455047,
                -1.9964663437899771e-16,
                1.3709080798875218e-17,
                -0.07733850163167992,
                -0.23635396588698684,
                -2.690670002421315e-16,
                7.308302011651085e-16,
                0.20787285950683082,
                -1.6376312044451284
            ],
