{
    "dist": 1.425,
    "thetas": [
        -0.00192064113892787,
        -1.5334922117210585,
        -1.5198985611886016,
        -2.532615592894908,
        0.4032869687551237,
        -3.0411240589617163,
        -2.182808553520649,
        -0.1241071691169231,
        -2.5140735967996206,
        -0.5217312516932693,
        2.5990447134551884,
        -0.9379569794999609,
        -2.4215121476907453,
        1.3358579153864216,
        -2.5014230735418677,
        -0.5925016137506689,
        1.03975054660485,
        -2.2722550862248503,
        2.076172331284596,
        -2.3675061766595737,
        0.5516106050035505,
        -2.745133174819262,
        -0.018203995556216768,
        2.6916827881223995,
        1.9228484850886236,
        -1.8950637410754403,
        -0.9721121955634815,
        0.21825569210966034,
        3.0070286190191906,
        0.01912918844371969,
        -0.9585156002323929,
        -1.8046154715910256,
        -2.026616131905825,
        -2.4879616580176984,
        -1.9637753010659786,
        -2.8882939001022034,
        -1.6341479896602276,
        0.29055147512465496,
        -1.8360525055672188,
        3.0957504019029525
    ],
    "oo": false,
    "mo": [
        [
            [
                0.00015433504391412173,
                0.037644641734502056,
                1.0317815747413182e-17,
                1.320671509736936e-15,
                -0.2258056541428072,
                0.25206416307695473,
                1.2519089541114055,
                1.620190333102758e-17,
                4.4109846809877086e-16,
                0.2981553440389152,
                -0.23263871827345
            ],
            [
                0.0007789752450003014,
                0.014068123193451834,
                -4.762722240976219e-18,
                1.4907547934190211e-15,
                -0.27694407820646844,
                0.8518986279626523,
                -1.2239337209400922,
                -3.945437025839695e-17,
                -2.5674790831649043e-16,
                -0.10048088354559877,
                -0.28641999338581603
            ],
            [
                0.9955830499620734,
                -0.23804480804477612,
                5.679786457017477e-18,
                1.3431305618630192e-16,
                -0.03043938099318923,
                0.03803463769039345,
                -0.004817688656422554,
                1.35844693375841e-17,
                1.4741361179613065e-16,
                0.06220706076058906,
                0.09999144838679397
            ],
            [
                0.02056360165001217,
                0.5182001294190975,
                9.639070843485641e-17,
                -8.089881419053513e-16,
                0.08128795015029297,
                -0.06132471399246504,
                -0.052083129760127723,
                -1.3735481023949935e-16,
                -9.40927338853392e-16,
                -0.7316575386697001,
                -1.3396026119944267
            ],
            [
                -0.004514296400769822,
                0.5615760544359063,
                -1.76614416873286e-16,
                -1.9753201848847398e-16,
                0.10680658778881756,
                -0.27838169601703433,
                0.3022680195477233,
                1.3163712326897607e-16,
                9.57278262273751e-16,
                0.7150920097679055,
                1.4221582513965616
            ],
            [
                6.38021617315105e-17,
                5.117845502013653e-17,
                0.6604353422046452,
                -0.08715834441405457,
                -3.29394909783062e-16,
                7.710264051479752e-17,
                2.407650371460947e-17,
                -0.13971445596125467,
                -0.9323003602911328,
                1.1759188524384355e-15,
                -2.99268847771008e-17
            ],
            [
                3.100641972815057e-17,
                -4.2870295198452447e-17,
                0.08715834441405519,
                0.6604353422046461,
                4.051985294396027e-15,
                1.3512220563244146e-16,
                9.436285842702373e-18,
                -0.9323003602911317,
                0.13971445596125512,
                -1.0501473623037975e-16,
                -9.099017908326439e-17
            ],
            [
                -0.0008327114098173259,
                -0.01554814898737406,
                -1.259229459888576e-16,
                -3.3395575962533783e-15,
                0.5068433051516776,
                0.37167389539042156,
                0.21832562659763066,
                -9.230404293408911e-17,
                -1.01007081879863e-15,
                -0.8240338678276808,
                0.49899185652959344
            ],
            [
                -7.889992728136422e-17,
                2.915694875439246e-17,
                0.47975564185533615,
                -0.06331385496092494,
                -2.3250331633697086e-16,
                8.88812235862167e-17,
                -6.881795848179088e-17,
                0.15531861911761463,
                1.0364253546063265,
                -1.2170600298602903e-15,
                9.184698050490503e-18
            ],
            [
                4.037956649461085e-17,
                -1.2563174984059541e-17,
                0.06331385496092443,
                0.47975564185533603,
                3.004773597473689e-15,
                1.5201191018697636e-16,
                2.6694502139550836e-17,
                1.0364253546063262,
                -0.1553186191176145,
                2.836338961340718e-17,
                -7.492666917382152e-17
            ],
            [
                0.0006497420916663968,
                -0.024932269229586006,
                -2.287414668816333e-16,
                -2.4031358121509845e-15,
                0.3969022328444783,
                0.43324356047497053,
                -0.21604202635361977,
                3.219660969209223e-17,
                1.068698827284739e-15,
                0.9276505964939682,
                -0.6666047557894516
            ]
        ],
        [
            [
                0.00015433502102852424,
                0.03764439265011803,
                -3.4233575834727294e-17,
                -6.423426095246242e-16,
                -0.22580336833558914,
                0.2520645806915495,
                1.2519090822701182,
                8.838027273229686e-17,
                1.1828546015606024e-17,
                0.29815633297104555,
                -0.23263856764305393
            ],
            [
                0.0007789756977728476,
                0.014067911823102557,
                1.385684001621859e-16,
                -7.68784222148259e-16,
                -0.27694091404469456,
                0.8519005172898425,
                -1.223933125983303,
                -2.5449423698500132e-17,
                -2.3462682276811162e-17,
                -0.10048066446988836,
                -0.2864200630298246
            ],
            [
                0.9955830468903757,
                -0.23804485645465642,
                -2.5073547194919797e-17,
                -4.4806086107209893e-17,
                -0.03043923977767624,
                0.03803465590832352,
                -0.004817682763447009,
                6.710042437769421e-17,
                -9.485758478821758e-18,
                0.06220690035919475,
                0.09999149985593118
            ],
            [
                0.02056361528838559,
                0.5182004612069508,
                7.51519216505316e-17,
                5.748252890625185e-17,
                0.08128750284656024,
                -0.0613250134512086,
                -0.052083208537920464,
                -4.097036110618693e-17,
                3.5826087094989534e-16,
                -0.7316552127962269,
                -1.3396037641417122
            ],
