{
    "dist": 1.425,
    "thetas": [
        1.704757879308132,
        -3.011204310279467,
        0.8397366260192594,
        1.563280899135842,
        -0.009380718364163876,
        -1.7291536732871136,
        -1.8971269718342263,
        1.6369627429575306,
        -2.0790379300152217,
        -2.586537231132677,
        1.1646500873100205,
        2.8487544111850127,
        -3.1167849646094092,
        0.07660625016677525,
        1.9642554329689128,
        0.70702212977712,
        1.3933297522764283,
        -1.3076812305427234,
        2.6249522282931705,
        1.3482194095209188,
        0.2673141479915979,
        -2.2483118993788564,
        -0.7958234754631421,
        1.0941137716709264,
        -0.3654729438307087,
        -0.4146023075677032,
        0.7399517487893483,
        0.08255001257991035,
        0.94497336375301,
        0.6348464674842362,
        1.917773905749895,
        0.1360130698619595,
        2.567616643692406,
        -1.1357731497354906,
        -2.5732197993538017,
        -1.2522384758651308,
        -2.425407785880496,
        2.0651656802006935,
        -2.846934388642458,
        0.7934855547557511
    ],
    "oo": false,
    "mo": [
        [
            [
                0.00015433504391416434,
                0.03764464173450163,
                -3.901527193360591e-16,
                1.5819298901783837e-17,
                -0.22580565414280243,
                0.2520641630769546,
                1.2519089541114075,
                -1.1771267815248482e-17,
                3.6230343939236817e-16,
                0.298155344038909,
                -0.2326387182734505
            ],
            [
                0.000778975245000495,
                0.014068123193452981,
                -4.4348801769865825e-16,
                -9.826785361597292e-17,
                -0.27694407820646616,
                0.8518986279626551,
                -1.223933720940089,
                4.631313314603946e-17,
                -2.762857318986392e-16,
                -0.10048088354560247,
                -0.28641999338581864
            ],
            [
                0.9955830499620728,
                -0.23804480804477585,
                -2.2452535415762225e-16,
                1.6952667381120744e-18,
                -0.030439380993188957,
                0.03803463769039356,
                -0.004817688656422746,
                -1.0343768558243312e-17,
                5.669960109387691e-17,
                0.06220706076059168,
                0.09999144838679302
            ],
            [
                0.0205636016500129,
                0.5182001294190957,
                2.3195488461471928e-17,
                -2.7519882523401233e-17,
                0.08128795015029121,
                -0.0613247139924658,
                -0.05208312976012424,
                1.8340845830573135e-16,
                -1.4798209102228202e-15,
                -0.731657538669725,
                -1.3396026119944138
            ],
            [
                -0.004514296400770571,
                0.5615760544359071,
                2.3461097774891446e-16,
                4.210273299700247e-17,
                0.10680658778881788,
                -0.2783816960170345,
                0.3022680195477193,
                -1.9964710536449237e-16,
                1.5004069865709668e-15,
                0.7150920097679285,
                1.4221582513965503
            ],
            [
                -5.173191774790452e-17,
                -9.449656941702365e-18,
                -0.3500224404049036,
                0.5667942390735469,
                6.000863533806087e-16,
                1.040165706696102e-16,
                -1.1183048301809409e-17,
                -0.9259300671862656,
                0.17708077728529575,
                -2.8365569827606553e-16,
                -1.008408307318994e-16
            ],
            [
                3.8839026004607346e-17,
                1.69628106625242e-17,
                0.5667942390735454,
                0.3500224404049031,
                -9.838880071042433e-16,
                -2.5606808451560697e-17,
                -4.549735774850532e-18,
                -0.1770807772852957,
                -0.9259300671862665,
                1.472369644870308e-15,
                3.6873743355125953e-16
            ],
            [
                -0.0008327114098175694,
                -0.015548148987377322,
                8.878774442213174e-16,
                7.490837626022673e-17,
                0.5068433051516771,
                0.37167389539041634,
                0.21832562659762722,
                3.923860028781277e-17,
                -9.558055709700118e-16,
                -0.8240338678276746,
                0.49899185652960915
            ],
            [
                -6.74861048995315e-17,
                -4.695256907418332e-18,
                -0.2542644674339559,
                0.4117325597066215,
                4.3038130987849492e-16,
                -2.8017500897866916e-18,
                6.277963666672648e-18,
                1.0293435882879078,
                -0.19685823926375445,
                3.377562747815932e-16,
                1.1753329894385116e-16
            ],
            [
                1.6164550647325355e-16,
                3.492215143994642e-18,
                0.4117325597066224,
                0.2542644674339563,
                -7.316538374660005e-16,
                -2.1045084877858323e-17,
                -3.339611852356376e-17,
                0.19685823926375468,
                1.0293435882879076,
                -1.389681425608003e-15,
                -3.4115220161872284e-16
            ],
            [
                0.000649742091666668,
                -0.02493226922958259,
                7.07535220790321e-16,
                -1.4088038021673053e-16,
                0.3969022328444832,
                0.43324356047497004,
                -0.21604202635361552,
                -2.452369015774375e-17,
                1.0443367530236988e-15,
                0.9276505964939546,
                -0.6666047557894675
            ]
        ],
        [
            [
                0.00015433502102865987,
                0.03764439265011897,
                -2.820090562090275e-17,
                2.8783447625846874e-16,
                -0.22580336833559617,
                0.2520645806915461,
                1.2519090822701193,
                5.638365217874856e-17,
                2.220067608411058e-17,
                0.29815633297103256,
                -0.23263856764305993
            ],
            [
                0.0007789756977727002,
                0.014067911823103522,
                -7.025925217861497e-17,
                3.2265399953511327e-16,
                -0.2769409140447042,
                0.8519005172898396,
                -1.2239331259833028,
                -3.80403639992481e-17,
                -4.8863104423512735e-17,
                -0.10048066446989427,
                -0.2864200630298234
            ],
            [
                0.9955830468903768,
                -0.23804485645465617,
                1.6491700424586833e-17,
                -1.4839188389674996e-17,
                -0.030439239777677884,
                0.03803465590832293,
                -0.0048176827634471685,
                1.5784498165349972e-17,
                3.569559220625963e-17,
                0.062206900359198146,
                0.09999149985592944
            ],
            [
                0.02056361528838559,
                0.5182004612069484,
                -2.784800456080269e-16,
                7.963612995748128e-17,
                0.0812875028465632,
                -0.06132501345120644,
                -0.05208320853791897,
                -4.413326858333551e-16,
                -3.9955847318295185e-16,
                -0.7316552127962712,
                -1.3396037641416887
            ],
            [
