{
    "dist": 1.425,
    "thetas": [
        -2.8354451983958078,
        -1.325063087034727,
        1.3883725037911319,
        -3.0057737497215755,
        -1.8477417604476294,
        -2.822574873123744,
        -1.2423623306579668,
        1.0298787548813921,
        -1.2056528250732828,
        0.5252194785450901,
        -2.7044654537614434,
        2.30847045561727,
        -2.304417780706233,
        -2.022402397232817,
        -0.02557539272590459,
        2.285192262914668,
        1.6269921026744445,
        2.9561452268403734,
        1.6292459897763445,
        -0.7272784976778075,
        -0.573539651253947,
        1.3405831056173065,
        -1.4409243148323205,
        2.2248939625261066,
        2.5959857833208897,
        1.6383787056745502,
        0.10473151153364979,
        -2.0870494395307757,
        -1.2648536355851678,
        -1.357525884977483,
        -1.0856553998608915,
        -0.2504456690610555,
        0.278774624247891,
        -1.7756227029474454,
        1.8841282659115013,
        1.4243004011860876,
        2.194670844684585,
        -1.460703581689548,
        0.7214649379889844,
        0.9597947146749215
    ],
    "oo": false,
    "mo": [
        [
            [
                0.00015433504391407414,
                0.037644641734501556,
                3.5956268955750216e-16,
                3.477241185098674e-19,
                -0.22580565414280282,
                0.2520641630769553,
                1.2519089541114052,
                1.8738181748510652e-16,
                7.029704644922057e-17,
                0.2981553440389165,
                -0.2326387182734526
            ],
            [
                0.0007789752450006241,
                0.014068123193451718,
                3.419766638882294e-16,
                1.7191152815261944e-17,
                -0.2769440782064648,
                0.8518986279626547,
                -1.223933720940091,
                -1.505680584746978e-16,
                -1.5775941478612465e-16,
                -0.10048088354560365,
                -0.2864199933858153
            ],
            [
                0.9955830499620735,
                -0.23804480804477604,
                3.698572882598164e-17,
                -1.7977192665898538e-17,
                -0.030439380993189095,
                0.038034637690393266,
                -0.004817688656422559,
                1.0934727870375669e-16,
                3.0657223443158736e-17,
                0.06220706076059035,
                0.09999144838679377
            ],
            [
                0.020563601650012794,
                0.5182001294190974,
                1.1694300648121406e-16,
                1.5619460442239751e-16,
                0.08128795015029198,
                -0.06132471399246536,
                -0.052083129760126586,
                -9.250247649819178e-16,
                -3.773235877539169e-16,
                -0.7316575386697113,
                -1.339602611994421
            ],
            [
                -0.00451429640077068,
                0.5615760544359063,
                -5.215924880226483e-16,
                -1.344009702145407e-16,
                0.10680658778881735,
                -0.2783816960170338,
                0.3022680195477217,
                9.12126668061623e-16,
                4.1312040123936726e-16,
                0.7150920097679172,
                1.4221582513965558
            ],
            [
                5.861262840463564e-17,
                6.945043713320238e-17,
                0.6522271068624097,
                -0.13554047110681183,
                1.2272652342960085e-15,
                1.5854194142054547e-16,
                5.327066627611204e-17,
                -0.2666512403909466,
                -0.9042130318688715,
                4.3107066223863816e-16,
                1.7347349277475665e-16
            ],
            [
                9.532549498225325e-17,
                3.860565890664115e-18,
                0.13554047110681167,
                0.6522271068624117,
                2.2935698976440866e-16,
                9.660358786329805e-18,
                1.539947434626357e-19,
                -0.9042130318688697,
                0.2666512403909465,
                8.013508857669569e-16,
                3.112561320064915e-16
            ],
            [
                -0.0008327114098176638,
                -0.015548148987375592,
                -9.952738929259957e-16,
                8.653460756021938e-17,
                0.5068433051516814,
                0.37167389539041806,
                0.2183256265976322,
                -5.529898033841688e-16,
                -1.785228993430108e-16,
                -0.8240338678276766,
                0.49899185652959865
            ],
            [
                -3.0604270813604885e-17,
                3.090156350237582e-17,
                0.4737929881881841,
                -0.09845976064235773,
                9.23639746752635e-16,
                1.61318368676953e-16,
                -6.295208284020294e-18,
                0.2964324783614827,
                1.0052010619214062,
                -4.652022006130987e-16,
                -1.2292734178417782e-16
            ],
            [
                -9.772607226671451e-17,
                2.2683182936446787e-18,
                0.09845976064235751,
                0.4737929881881831,
                1.7177832715880736e-16,
                1.6970130998678227e-17,
                -1.6082613111478387e-17,
                1.005201061921406,
                -0.2964324783614832,
                -7.095825356389255e-16,
                -1.7575599997232925e-16
            ],
            [
                0.0006497420916666002,
                -0.02493226922958586,
                -9.16598503851393e-16,
                -3.671599156730856e-17,
                0.3969022328444807,
                0.4332435604749663,
                -0.2160420263536228,
                5.763086800558056e-16,
                6.612787857004455e-17,
                0.9276505964939634,
                -0.6666047557894589
            ]
        ],
        [
            [
                0.0001543350210286784,
                0.0376443926501191,
                2.0026562410308187e-17,
                -7.077746268624575e-16,
                -0.22580336833559422,
                0.2520645806915473,
                1.2519090822701175,
                -7.092584635798804e-17,
                -1.7943346139868564e-16,
                0.29815633297104244,
                -0.23263856764305854
            ],
            [
                0.0007789756977725435,
                0.01406791182310156,
                4.9467216402708626e-17,
                -8.456919624964156e-16,
                -0.27694091404470045,
                0.8519005172898398,
                -1.2239331259833033,
                1.3863631982575376e-16,
                9.70799394692219e-17,
                -0.10048066446989326,
                -0.28642006302982276
            ],
            [
                0.9955830468903758,
                -0.23804485645465673,
                -1.0216696493878036e-17,
                3.1685698461843145e-17,
                -0.03043923977767638,
                0.03803465590832332,
                -0.004817682763447071,
                -5.992696822030952e-17,
                -2.31745058364909e-16,
                0.06220690035919611,
                0.09999149985592988
            ],
            [
                0.020563615288385302,
                0.5182004612069534,
                5.0246219156919415e-17,
                1.5328199342460588e-16,
                0.08128750284656092,
                -0.061325013451208166,
                -0.0520832085379202,
                5.977267510617411e-16,
                4.712825512540989e-16,
                -0.7316552127962469,
                -1.3396037641417007
            ],
            [
