{
    "dist": 1.775,
    "thetas": [
        1.0607592975211642,
        -0.9380084697972517,
        2.4699562004424855,
        -1.3946453069212887,
        -2.811806829505575,
        2.6256889639960885,
        -0.17491097986209603,
        -3.1023400166459405,
        -0.07535832863870562,
        2.1433622426575356,
        1.6961668436679096,
        -0.963132038435158,
        -0.8863242082270948,
        1.4280752807055181,
        1.0193758125997254,
        0.6339726059438919,
        1.4093175001577878,
        1.254081355212083,
        -3.0318265567316476,
        1.246513139645585,
        -1.2965252396870526,
        3.045232358412844,
        2.3077423290309644,
        1.5163704326518106,
        -0.9141490480795276,
        -1.282661373371675,
        -2.9821870896762968,
        -2.1355240193390217,
        2.005167089661641,
        -2.1894946755565146,
        1.4193801604722447,
        -3.0798820566823406,
        1.2656368141233738,
        -1.7007790101032148,
        3.072585558811828,
        0.5123593138743661,
        1.6055803129963904,
        -2.9016287942201364,
        -1.6106493757343296,
        -2.3758833491673643
    ],
    "oo": false,
    "mo": [
        [
            [
                -8.395378952299788e-05,
                0.018969978123606984,
                -7.229250176529704e-18,
                -2.8086053431744293e-16,
                -0.20247202399650432,
                0.28895552398908175,
                1.2934693560973498,
                4.429270221299647e-17,
                2.48571297678341e-16,
                0.12677498702084913,
                0.08246771825863893
            ],
            [
                0.0006115553346487391,
                0.01554169709833532,
                4.561631833148833e-18,
                -3.53456329251491e-16,
                -0.34614694774878946,
                0.6988560189469852,
                -1.2048951748101602,
                2.3739160561630143e-16,
                -2.51853238386384e-16,
                0.08325158860664911,
                -0.33599573803575505
            ],
            [
                0.9955903147066576,
                -0.23943794237517524,
                -7.941769834145303e-19,
                -1.904108018193184e-16,
                -0.01912801279841817,
                0.02372468854859644,
                -0.018774687411011945,
                -4.1308023640727355e-17,
                1.4088856776438434e-16,
                0.031142196500071655,
                0.1153942103732293
            ],
            [
                0.020408854723264026,
                0.5243804830602391,
                1.0557096352808156e-16,
                8.121254060093323e-17,
                0.05546329537935007,
                -0.043886322506116855,
                0.05300004870378258,
                4.607140489248103e-16,
                -1.9085390314662473e-15,
                -0.35774608083810805,
                -1.460426783996618
            ],
            [
                -0.0042480633588556525,
                0.5622978338286049,
                -1.2978319068443688e-16,
                1.8969752884804511e-16,
                0.06078428645615909,
                -0.13454390517077403,
                0.14116535045450107,
                -5.133987351754281e-16,
                1.8896277287550575e-15,
                0.33033282521283125,
                1.4859011690652548
            ],
            [
                4.735734899529911e-17,
                -1.0898034719377007e-16,
                -0.07356212300407126,
                0.6642061812150143,
                -1.4225078593056885e-15,
                -3.3608519717337084e-16,
                1.1203031796153912e-17,
                -0.8849157005789736,
                -0.3206532005161007,
                9.69171874983362e-16,
                -1.4816274274705497e-16
            ],
            [
                8.724634861879375e-19,
                4.822984930454814e-18,
                0.6642061812150144,
                0.07356212300407133,
                -1.4053045570432216e-17,
                5.308418050679171e-17,
                4.934495533638538e-18,
                0.32065320051610036,
                -0.8849157005789736,
                9.149846124563922e-16,
                1.3753874406723703e-15
            ],
            [
                -0.0005390313169636808,
                -0.0039402317777544335,
                -1.8009759045943629e-16,
                1.4299395963841424e-15,
                0.4989252968501769,
                0.37869881405360273,
                0.06528289243281124,
                -6.904027948026793e-16,
                -8.422431593132711e-16,
                -0.9415952437603424,
                0.2627251535925217
            ],
            [
                3.9953664142410606e-17,
                -5.4316928014463256e-17,
                -0.05301085804553263,
                0.47864496220977587,
                -1.1004791795761443e-15,
                -3.362546332961825e-16,
                -6.379597609667e-18,
                0.9863218992033531,
                0.35739819455316485,
                -1.0300641485950605e-15,
                5.145921504234091e-17
            ],
            [
                6.2088564029166354e-18,
                1.6981039977933417e-18,
                0.4786449622097763,
                0.053010858045532724,
                -6.156608726929891e-18,
                4.19468432952622e-17,
                -6.4899577533095784e-18,
                -0.35739819455316446,
                0.9863218992033527,
                -9.62196211525837e-16,
                -1.243997465457025e-15
            ],
            [
                0.0003681691737260665,
                -0.012212213026372412,
                -1.1939152378209974e-16,
                9.883014666398715e-16,
                0.4031706524712798,
                0.382368003364891,
                -0.19351485421915454,
                8.742445922305924e-16,
                8.847899647900699e-16,
                1.0300521028812073,
                -0.33670394538700826
            ]
        ],
        [
            [
                -8.395400100507604e-05,
                0.018969867536916287,
                4.919798788650714e-16,
                5.991387308884717e-17,
                -0.20247005133546436,
                0.28895604144098447,
                1.2934695288788907,
                -6.290812750270232e-17,
                -1.8459800410373428e-17,
                0.12677507456904236,
                0.08246792921657635
            ],
            [
                0.0006115558737975703,
                0.015541548360538055,
                8.800577295449649e-16,
                5.09696150804891e-17,
                -0.34614365105261646,
                0.6988583293206658,
                -1.2048947566255626,
                -2.313252315120154e-16,
                -1.9287176104153196e-16,
                0.08325202692416984,
                -0.3359957267372443
            ],
            [
                0.9955903111476216,
                -0.23943799945266944,
                1.5555472399727675e-16,
                -1.9662064144361464e-17,
                -0.019127917209533735,
                0.023724707681315155,
                -0.018774677485261376,
                3.820818484477495e-18,
                4.9935646864369297e-17,
                0.03114203912283224,
                0.11539417864493087
            ],
            [
                0.020408870960942335,
                0.5243809784652493,
                -5.710197248008601e-16,
                2.0740540747577723e-16,
                0.05546303339450815,
                -0.04388654867447749,
                0.053000105780418125,
                2.640388754562366e-17,
                -6.164003096185268e-16,
                -0.3577440537896915,
                -1.4604271035155512
            ],
