{
    "dist": 1.7,
    "thetas": [
        2.6642912079054266,
        -2.1496625415376767,
        2.3053954196316866,
        -2.6128189992718975,
        0.4622770899119768,
        -1.3701128529271016,
        -1.5313344182421782,
        0.4020007843637723,
        -1.7604017992677186,
        0.9338120242786836,
        0.8026910124677635,
        -0.5593642767808649,
        -0.6123381419475225,
        -0.3131409369257323,
        -1.6718146755238117,
        -2.297561711699521,
        -2.483662932392931,
        -0.16970739510385746,
        -2.4262674891507134,
        -1.3443064296088185,
        2.125046712902188,
        -1.1682111365695702,
        -2.6617063424381278,
        1.6928598255164848,
        -1.5207194334820011,
        2.7295255334943684,
        1.9354703609260708,
        -1.0346545769819757,
        -0.05436527175048056,
        -1.7421129792025705,
        -0.4131309769728362,
        0.907253796106815,
        2.9013660158372616,
        -0.38018158604402075,
        -0.382485110624724,
        0.881078877024569,
        2.595581313190542,
        0.3522367566250084,
        0.2227459122705251,
        -0.35651160698077966
    ],
    "oo": false,
    "mo": [
        [
            [
                -4.345983026463643e-05,
                0.021771076410180758,
                7.20327184852487e-18,
                5.697905000817524e-17,
                -0.20645955781467457,
                0.2833768664354954,
                1.2884829601824903,
                -2.3014811190373474e-17,
                -1.2722712817617952e-16,
                0.18144577985116814,
                0.029936190842324996
            ],
            [
                0.0006400487006646606,
                0.015663483517211824,
                -3.5825447271503186e-17,
                9.916512630555179e-17,
                -0.3342873735449228,
                0.7221592364968356,
                -1.2180755938112973,
                -1.5049627188845137e-16,
                1.2139404612172278e-16,
                0.03910984101871819,
                -0.3275447091279249
            ],
            [
                0.995589803395556,
                -0.23924854553525451,
                1.1848527791501078e-17,
                5.799156027276203e-17,
                -0.021090144278886634,
                0.026316950038814204,
                -0.016655868244513414,
                5.3852670156285766e-17,
                -6.447929376447389e-17,
                0.03591507192308237,
                0.11383501692323383
            ],
            [
                0.020428613533566262,
                0.5235042420054923,
                -1.1828490197385408e-16,
                -1.1182180241393708e-16,
                0.06013626937445868,
                -0.04740383182683551,
                0.030046867768402267,
                -6.574722891195898e-16,
                8.270572206280153e-16,
                -0.4170881888045452,
                -1.4487779545750716
            ],
            [
                -0.004286024652334674,
                0.5622022067353946,
                1.0830169105297253e-16,
                1.0351713529328382e-17,
                0.06918865102816615,
                -0.15723404116050355,
                0.18076577925506104,
                6.67045681009726e-16,
                -8.407835208402225e-16,
                0.3921549070291901,
                1.4821625432990257
            ],
            [
                -1.5921844517543291e-19,
                -5.1150182320505425e-17,
                -0.447908865576268,
                0.49558819670739346,
                2.3810411824926183e-16,
                9.152489904698469e-18,
                -2.0398646267037577e-17,
                -0.9400446903689481,
                -0.05061103406505822,
                -9.352754482034037e-17,
                4.274457100145505e-16
            ],
            [
                -1.878490950183891e-18,
                -1.3629334793380569e-17,
                0.4955881967073933,
                0.4479088655762674,
                1.918450995061391e-16,
                2.8258906643839733e-17,
                -4.9693311481813085e-18,
                0.050611034065057785,
                -0.9400446903689483,
                -5.061465174274483e-16,
                -4.827888311770352e-16
            ],
            [
                -0.000590355354603104,
                -0.005453842513138698,
                2.81677044607275e-17,
                -2.332970598790578e-16,
                0.49969423399129403,
                0.378749090154622,
                0.10094551459977964,
                2.529871990838736e-16,
                4.1178015080918e-16,
                -0.9274943921739411,
                0.3023559902251016
            ],
            [
                -2.8842410478398033e-18,
                -1.1804725012116651e-17,
                -0.32309866301505413,
                0.3574921062484205,
                1.7716072807781024e-16,
                3.765739382423469e-17,
                1.8546961557059897e-17,
                1.0474263981570575,
                0.056392354173036424,
                1.428667795382488e-16,
                -4.527210478988073e-16
            ],
            [
                -2.0591482828233957e-18,
                2.3352408453266496e-18,
                0.3574921062484206,
                0.3230986630150547,
                1.4989373271650226e-16,
                2.885863900775997e-17,
                1.0318258169760636e-17,
                -0.056392354173036154,
                1.047426398157057,
                5.62062506054894e-16,
                3.8617973663690215e-16
            ],
            [
                0.0004126472962116016,
                -0.014203906470218982,
                -2.6477771664213274e-17,
                -2.5215326111624555e-16,
                0.4016398849700286,
                0.39219155291427465,
                -0.21547888533405252,
                -3.1530387580097264e-16,
                -4.3438523502978287e-16,
                1.017245648928743,
                -0.38691332786074806
            ]
        ],
        [
            [
                -4.3460058327085946e-05,
                0.021770907353322343,
                2.902609975701168e-17,
                -2.284890441667436e-17,
                -0.20645703965780807,
                0.28337749493033804,
                1.2884831770043357,
                1.8122108101657494e-16,
                4.125540659186125e-17,
                0.18144608541223992,
                0.0299365469216128
            ],
            [
                0.0006400493677987238,
                0.015663272402421498,
                8.591501214232868e-17,
                9.855283945923509e-17,
                -0.33428326265994945,
                0.7221620381220535,
                -1.218075043892962,
                -2.0353571624608733e-16,
                -1.29436434530156e-16,
                0.039110448489776906,
                -0.32754471027296483
            ],
            [
                0.9955897990043058,
                -0.23924861553367044,
                -4.464181005650309e-18,
                -4.431471209057657e-17,
                -0.021090028402533205,
                0.026316960872379804,
                -0.016655857039803924,
                1.0149498158838741e-16,
                5.674861539693482e-17,
                0.03591483372285811,
                0.1138350039673856
            ],
            [
                0.020428633489595654,
                0.5235048322295551,
                -4.491307220438506e-17,
                2.8640857052404855e-16,
                0.06013589043743076,
                -0.04740413459698787,
                0.03004690157815549,
                -1.3932179256219054e-15,
                -6.39096825416119e-16,
                -0.4170850146016132,
                -1.448778659958538
            ],
