{
    "dist": 1.7,
    "thetas": [
        2.1855667552925073,
        -0.013626910764637845,
        -1.859523032357932,
        1.585069256382293,
        0.8220384850650033,
        -2.7839212907039954,
        -2.872867837764958,
        -0.5027397606753228,
        3.060297672971223,
        -2.5741139851023065,
        -2.3744251662846403,
        0.2496673797027653,
        1.8406245937279886,
        -0.716805742586871,
        -1.0835715142998037,
        -2.8692551741767,
        -1.0142829333960175,
        0.27121062892473846,
        0.33197733616490144,
        1.363914835828135,
        0.40354106223186115,
        0.6218572486113025,
        1.8077324953950757,
        2.288024164747765,
        1.9156297680911916,
        -1.4815332252829163,
        0.49399948671315874,
        -2.2878061385722064,
        0.47215045733477545,
        -2.8732461523736585,
        1.9721328625056227,
        -1.3432578969727325,
        2.807964494593704,
        2.0480359071919585,
        -2.8761355781010147,
        -0.6624231992419629,
        -1.2241454708515218,
        1.6813635975262828,
        -2.651227798597092,
        -0.001082322442041761
    ],
    "oo": false,
    "mo": [
        [
            [
                -4.3459830264747455e-05,
                0.021771076410179387,
                -1.8902339476520467e-17,
                -6.230188728967678e-17,
                -0.206459557814672,
                0.28337686643549487,
                1.288482960182489,
                3.017832736099933e-16,
                -2.2141852363875284e-16,
                0.1814457798511691,
                0.029936190842325884
            ],
            [
                0.0006400487006649095,
                0.015663483517214853,
                5.227320323287547e-17,
                1.2161950039646693e-16,
                -0.3342873735449159,
                0.7221592364968404,
                -1.2180755938112948,
                -1.7876740635058708e-16,
                2.528477107373755e-16,
                0.03910984101872264,
                -0.32754470912792283
            ],
            [
                0.9955898033955555,
                -0.23924854553525468,
                -1.6055565609013296e-17,
                -3.7955979672082067e-16,
                -0.021090144278885902,
                0.02631695003881517,
                -0.016655868244513764,
                9.608356158530937e-17,
                -1.340396484152424e-16,
                0.03591507192308058,
                0.11383501692323444
            ],
            [
                0.02042861353356656,
                0.5235042420054925,
                1.7887799919486588e-16,
                1.3841108973064886e-16,
                0.06013626937445671,
                -0.0474038318268373,
                0.03004686776840156,
                -1.1702470835613178e-15,
                1.781736978662826e-15,
                -0.41708818880452436,
                -1.4487779545750776
            ],
            [
                -0.004286024652335039,
                0.5622022067353935,
                -2.0087632770355687e-16,
                -4.175500103750061e-17,
                0.06918865102816409,
                -0.15723404116050635,
                0.1807657792550634,
                1.0973632080690195e-15,
                -1.7789572210609155e-15,
                0.3921549070291692,
                1.4821625432990315
            ],
            [
                1.466290113629277e-16,
                -4.0305317751565636e-17,
                0.11043217534273292,
                0.6588131352869178,
                -6.602972187654262e-17,
                -6.424920194915405e-17,
                2.5164806324269876e-17,
                -0.8877905750710191,
                -0.31316671514555006,
                8.080487767269499e-16,
                1.1691149792237234e-16
            ],
            [
                1.8604990393922458e-17,
                3.898670873759372e-17,
                0.6588131352869178,
                -0.11043217534273264,
                5.552734999665192e-17,
                2.953067261967872e-17,
                -4.708513970195168e-18,
                0.31316671514554983,
                -0.8877905750710193,
                -1.5091085823688192e-15,
                -1.2419523897683458e-15
            ],
            [
                -0.0005903553546029513,
                -0.005453842513137288,
                -6.340272407725931e-17,
                1.0819381609478967e-16,
                0.4996942339912991,
                0.378749090154618,
                0.10094551459978172,
                -1.051413658228459e-15,
                6.953392447789982e-16,
                -0.9274943921739442,
                0.3023559902250879
            ],
            [
                1.709234299894853e-16,
                -1.678602549285947e-17,
                0.07966015176139772,
                0.47523427095843734,
                -6.22491059373883e-17,
                -1.062279141511366e-17,
                -3.266889348825676e-17,
                0.9892032728778637,
                0.3489398832079361,
                -9.086274718596047e-16,
                -7.13318072113922e-17
            ],
            [
                -7.113247162853274e-17,
                4.968384907832633e-18,
                0.4752342709584378,
                -0.07966015176139789,
                4.188551883213702e-17,
                2.4168308609804863e-17,
                1.9312115857211886e-17,
                -0.34893988320793545,
                0.9892032728778637,
                1.4882520062744144e-15,
                1.0650603827698566e-15
            ],
            [
                0.00041264729621172565,
                -0.014203906470216372,
                1.6018260932064836e-17,
                2.649514485488354e-16,
                0.40163988497003095,
                0.392191552914269,
                -0.2154788853340535,
                1.0359835445205109e-15,
                -7.369995736648674e-16,
                1.0172456489287496,
                -0.38691332786073357
            ]
        ],
        [
            [
                -4.346005832697243e-05,
                0.0217709073533224,
                -1.3206809631456012e-16,
                8.688210106018689e-17,
                -0.20645703965780826,
                0.28337749493033654,
                1.2884831770043352,
                -8.106111385670453e-17,
                1.2195340436322146e-16,
                0.18144608541224194,
                0.029936546921615216
            ],
            [
                0.000640049367798498,
                0.015663272402420488,
                -1.7768510735077525e-16,
                6.152115920689908e-17,
                -0.3342832626599485,
                0.7221620381220549,
                -1.2180750438929613,
                8.218650540816148e-17,
                -9.878957662905839e-17,
                0.03911044848977998,
                -0.32754471027296445
            ],
            [
                0.9955897990043062,
                -0.2392486155336706,
                -7.318222116733066e-19,
                1.2305635793739668e-17,
                -0.021090028402532685,
                0.02631696087237988,
                -0.016655857039803785,
                -5.3812894503479584e-17,
                6.670209679578652e-17,
                0.03591483372285627,
                0.11383500396738638
            ],
            [
                0.020428633489595588,
                0.5235048322295557,
                -2.2826089262861413e-16,
                -1.6180637464826713e-16,
                0.06013589043742975,
                -0.04740413459698816,
                0.030046901578155333,
                6.521411672443084e-16,
                -7.912462584726785e-16,
                -0.4170850146015914,
                -1.4487786599585442
            ],
