{
    "dist": 1.7,
    "thetas": [
        -0.485632194328141,
        -0.7671863714960319,
        2.2058628717934416,
        -0.00983268767414236,
        0.2991997046172967,
        1.252080172939956,
        -1.8559306988226674,
        -2.6983709538979874,
        -0.8559765547093554,
        2.3799525745062535,
        -0.2823271905508098,
        -0.4255673234466637,
        -2.0494026704695405,
        -1.9800306645750347,
        -0.1641425856253087,
        1.9996298921060802,
        -0.9392595787998337,
        2.3384695298489593,
        0.9205032020379997,
        2.2212117546283254,
        1.0104267682871626,
        -2.5667210747053706,
        0.3183583542672346,
        -1.1771808841356899,
        0.44065677369874745,
        2.0725161184900145,
        -2.9116880194542154,
        0.0008883315555285876,
        0.9161192104764773,
        1.8938914441496797,
        2.631500069573991,
        -0.3192017378028167,
        -0.8935733353289592,
        -1.9605392863764173,
        -2.157361704247257,
        -0.9330906655898241,
        3.06381984431897,
        -0.8112154932405922,
        2.4758493372933383,
        2.6808767738093326
    ],
    "oo": false,
    "mo": [
        [
            [
                -4.345983026477711e-05,
                0.02177107641017959,
                -5.151923646095875e-17,
                2.1291666780171368e-17,
                -0.2064595578146743,
                0.28337686643549403,
                1.2884829601824894,
                -5.344343404135467e-16,
                9.389864419801652e-17,
                0.18144577985117014,
                0.02993619084232397
            ],
            [
                0.0006400487006649464,
                0.015663483517213656,
                -1.4660311064491527e-16,
                -7.669915267520126e-17,
                -0.3342873735449216,
                0.7221592364968382,
                -1.218075593811296,
                1.5644372698011175e-16,
                -8.233681274707616e-17,
                0.03910984101871931,
                -0.32754470912792005
            ],
            [
                0.9955898033955557,
                -0.2392485455352541,
                6.354859485613253e-17,
                1.0625761697110365e-17,
                -0.02109014427888631,
                0.026316950038814492,
                -0.016655868244513573,
                -1.3821693392507049e-16,
                5.143580095591402e-17,
                0.03591507192308095,
                0.1138350169232348
            ],
            [
                0.020428613533566647,
                0.523504242005491,
                -9.316640795017465e-17,
                -1.618837445255272e-16,
                0.06013626937445704,
                -0.04740383182683546,
                0.030046867768399866,
                1.1962954413794702e-15,
                -5.797521220791833e-16,
                -0.4170881888045268,
                -1.4487779545750765
            ],
            [
                -0.004286024652335314,
                0.562202206735395,
                1.3287060610409312e-16,
                1.8863555120228958e-16,
                0.06918865102816577,
                -0.1572340411605062,
                0.18076577925506498,
                -1.1273769804922062e-15,
                5.704516408176892e-16,
                0.3921549070291724,
                1.4821625432990286
            ],
            [
                -3.4746684222372046e-17,
                -9.415000317956888e-17,
                -0.2478320273720827,
                0.6203299918480064,
                2.809053073052284e-17,
                -2.884724820272131e-17,
                -7.205507775778379e-17,
                -0.9413901674577658,
                -0.005481721794091592,
                -2.239609840971507e-15,
                -2.1490381524843188e-16
            ],
            [
                -2.861944122837936e-17,
                -1.1252667666082693e-17,
                0.620329991848006,
                0.24783202737208287,
                -2.7270567729992997e-16,
                -3.8847674722243306e-17,
                4.0763073964944895e-18,
                0.00548172179409176,
                -0.941390167457766,
                4.499245615641577e-16,
                3.4145366823015623e-16
            ],
            [
                -0.0005903553546027765,
                -0.005453842513137112,
                1.932371270492822e-16,
                1.2908157438779605e-16,
                0.49969423399129426,
                0.3787490901546192,
                0.10094551459978322,
                2.0228311573725125e-15,
                -3.028555883064922e-16,
                -0.9274943921739454,
                0.30235599022508997
            ],
            [
                6.308183666394025e-17,
                -5.321431525730102e-17,
                -0.17877341318799156,
                0.44747448956243796,
                -4.388539239617152e-17,
                -1.0384566615928668e-16,
                1.0694820024952712e-16,
                1.0489255696702635,
                0.006107901223537533,
                2.305767361643312e-15,
                1.3653326721745172e-16
            ],
            [
                -3.1484394323400016e-17,
                6.015429397458097e-18,
                0.4474744895624384,
                0.17877341318799117,
                -2.013768315893797e-16,
                -3.5815614840821905e-17,
                -7.217066947501964e-18,
                -0.006107901223537334,
                1.0489255696702635,
                -4.689140963770147e-16,
                -3.2236886993141935e-16
            ],
            [
                0.0004126472962115736,
                -0.01420390647021761,
                1.5091650908806245e-16,
                -4.6666991941915756e-17,
                0.4016398849700296,
                0.3921915529142759,
                -0.21547888533405524,
                -2.049001146825136e-15,
                3.213091340835391e-16,
                1.0172456489287467,
                -0.3869133278607345
            ]
        ],
        [
            [
                -4.3460058327192794e-05,
                0.021770907353322332,
                3.650173814354697e-17,
                1.2787110693584171e-17,
                -0.2064570396578084,
                0.2833774949303369,
                1.2884831770043352,
                1.4624133605327043e-16,
                -1.8508502450249513e-16,
                0.18144608541224164,
                0.029936546921611663
            ],
            [
                0.0006400493677988944,
                0.015663272402420984,
                6.054191714009146e-17,
                1.0387875637921579e-16,
                -0.3342832626599504,
                0.7221620381220545,
                -1.2180750438929613,
                -1.532083002691415e-16,
                1.7637752803298206e-16,
                0.03911044848977574,
                -0.3275447102729628
            ],
            [
                0.9955897990043062,
                -0.23924861553367055,
                5.5436431674409505e-17,
                3.381109775124261e-17,
                -0.02109002840253335,
                0.02631696087237954,
                -0.016655857039803646,
                8.009599464186423e-17,
                -1.2109422226956238e-16,
                0.03591483372285797,
                0.11383500396738572
            ],
            [
                0.020428633489595283,
                0.5235048322295542,
                -6.505509954022874e-17,
                2.4438347633180567e-16,
                0.060135890437430256,
                -0.047404134596987266,
                0.030046901578153856,
                -8.169712288972867e-16,
                1.3279311077974308e-15,
                -0.41708501460160957,
                -1.4487786599585393
