{
    "dist": 1.825,
    "thetas": [
        0.0041979616052225666,
        -0.20063828010322737,
        0.004916753617765668,
        -2.204278596269102,
        2.0123656205543545,
        -1.12240289192412,
        1.7541019567718958,
        1.9797079610483523,
        -3.0485872024626652,
        -1.7116670481088534,
        1.3303487237216896,
        2.017611826950281,
        1.8430183187708211,
        -0.03005884899993827,
        0.38060203635481615,
        0.0938127945663263,
        -1.3382347235245735,
        -1.9597896027308164,
        -0.9989910534481625,
        -1.4683217553975476,
        -1.8673072594636073,
        -0.5801417420434314,
        0.1334834942899632,
        -3.088481703315672,
        2.910021795475287,
        2.2649266903510474,
        1.8222796736284623,
        1.5842660155966026,
        2.7594641571641203,
        3.0424658479416467,
        -2.6070862416883784,
        0.20512283176273893,
        1.6075647637327464,
        -1.1916817754211517,
        1.2049176098936316,
        -1.9141566965251737,
        2.2255113678159137,
        -0.38900592398375444,
        0.8455951269240969,
        -1.3883354549218891
    ],
    "oo": false,
    "mo": [
        [
            [
                -0.0001067240843277309,
                0.017330378051169076,
                1.2078789661822795e-18,
                -8.380686162328496e-17,
                -0.20004114251784655,
                0.3558772615431286,
                -2.0270124138223832e-16,
                -5.1769993994184605e-17,
                -0.03913887738230364,
                1.0135938448487793,
                0.7917000729459571
            ],
            [
                0.0005925333158312077,
                0.015403348830977673,
                -3.90198506173601e-17,
                -2.0898201754383688e-16,
                -0.3533393077974043,
                0.4872340021915155,
                2.959174015957046e-17,
                -2.984545797759501e-16,
                -0.1055590479421985,
                -0.6029428108813173,
                -1.1884175592541206
            ],
            [
                0.9955904424618371,
                -0.23954295047625576,
                4.5222112601687924e-17,
                8.020256179737988e-17,
                -0.017930861916523794,
                0.0231678836220295,
                1.293014638480448e-16,
                2.557962309303271e-16,
                0.12083409827636156,
                -0.007358505032023469,
                0.00020738767501145
            ],
            [
                0.0203980960265831,
                0.524863890762813,
                -7.587249074961227e-17,
                -1.4042361858712338e-16,
                0.05257977572597534,
                -0.09267755864479886,
                -1.6086754782049115e-15,
                -3.1617739179766347e-15,
                -1.4842535981559881,
                0.02827317520173434,
                -0.2166619919712072
            ],
            [
                -0.004226060646842845,
                0.5623644368235539,
                6.086696097383938e-17,
                5.605412738378042e-17,
                0.05556760265385006,
                -0.03637837094115051,
                1.5851542986612917e-15,
                3.13902746912564e-15,
                1.4665048157230935,
                0.050247365275338934,
                0.41168993918653995
            ],
            [
                3.0370408763611396e-17,
                1.1108288723928376e-16,
                0.12437335664580469,
                0.6567212147364756,
                -2.6462049195744135e-16,
                4.7792518247554206e-17,
                -0.9252025497122678,
                -0.17240726642202098,
                1.5262969011523384e-15,
                -9.193626224091198e-17,
                -2.214549697941189e-17
            ],
            [
                -9.765645539417549e-19,
                -3.635090336898632e-18,
                0.6567212147364749,
                -0.1243733566458047,
                5.899547290659225e-17,
                -4.6590485896931e-17,
                -0.17240726642202064,
                0.9252025497122692,
                -1.8076091270945775e-15,
                7.25754024307338e-17,
                -8.500594899412911e-17
            ],
            [
                -0.0005076937470440585,
                -0.00312689383852172,
                -2.183039190387085e-17,
                1.395071180606063e-16,
                0.4986146936512581,
                0.67649144760473,
                -1.0870680646602335e-16,
                5.042291476615247e-17,
                -0.09637799871493821,
                -0.5704363595473625,
                0.5565423892027092
            ],
            [
                2.0825950132593432e-17,
                4.2876968449251553e-17,
                0.08958331144227964,
                0.4730214146911849,
                -1.573985056536285e-16,
                2.518865063864447e-17,
                1.031388548900296,
                0.19219454203857878,
                -1.8136631229681813e-15,
                1.3703487720481457e-16,
                3.151994614085535e-17
            ],
            [
                -1.928365342946644e-18,
                -1.774286873312532e-18,
                0.4730214146911856,
                -0.0895833114422799,
                4.582315084947182e-17,
                1.1610202628845695e-16,
                0.19219454203857841,
                -1.0313885489002965,
                2.2958207874348694e-15,
                -1.2846402088434188e-16,
                1.9648080533119563e-16
            ],
            [
                0.0003416559258178006,
                -0.011064479935147073,
                -5.190380284721671e-17,
                7.322904196950181e-17,
                0.404296703250148,
                -0.009298570924534528,
                1.0941877402173503e-16,
                -7.735595996739355e-17,
                0.09115141627962753,
                0.6778280428239813,
                -0.9349785401416074
            ]
        ],
        [
            [
                -0.0001067240843277309,
                0.017330378051169076,
                1.2078789661822795e-18,
                -8.380686162328496e-17,
                -0.20004114251784655,
                -0.3558772615431281,
                -3.251265824351469e-17,
                1.3059441262160854e-16,
                0.039138877382303726,
                1.0135938448487802,
                0.7917000729459573
            ],
            [
                0.0005925333158312077,
                0.015403348830977673,
                -3.90198506173601e-17,
                -2.0898201754383688e-16,
                -0.3533393077974043,
                -0.4872340021915153,
                1.7077966755936967e-16,
                -4.696571529355334e-17,
                0.10555904794219746,
                -0.6029428108813197,
                -1.1884175592541204
            ],
            [
                0.9955904424618371,
                -0.23954295047625576,
                4.5222112601687924e-17,
                8.020256179737988e-17,
                -0.017930861916523794,
                -0.023167883622029477,
                -1.4148244523793441e-16,
                -1.3725909338967122e-16,
                -0.12083409827636166,
                -0.007358505032023457,
                0.00020738767501141703
            ],
            [
                0.0203980960265831,
                0.524863890762813,
                -7.587249074961227e-17,
                -1.4042361858712338e-16,
                0.05257977572597534,
                0.09267755864479876,
                1.707499108817533e-15,
                1.6399960900354874e-15,
                1.4842535981559888,
                0.028273175201733846,
                -0.2166619919712064
            ],
