{
    "dist": 1.825,
    "thetas": [
        0.10303561663791783,
        0.4440175435037328,
        -2.9626838121493106,
        -2.0638903033331175,
        1.1641296091591355,
        2.0979358614283568,
        -1.2128670123447274,
        2.47314391898043,
        1.392001137158437,
        -1.9481710072691576,
        0.34072200379900464,
        -0.9290823338613339,
        -1.9987289817083937,
        1.7944887938507428,
        2.924717343797493,
        -1.6816715396059143,
        -2.6165606813494104,
        0.6506139255218115,
        1.4388039280401017,
        -1.40593290510329,
        1.1643140023190055,
        0.11226465135129837,
        -2.836955320406834,
        -2.275334685827516,
        -1.966841668758823,
        3.1058909736072735,
        0.129844516818022,
        0.495049251658644,
        1.475411656763927,
        0.2636535907361983,
        2.5959203631973624,
        1.934719368471801,
        -0.609482604949342,
        -0.8970859114113354,
        2.84550831983512,
        -0.9824917722923239,
        2.293989801545284,
        2.0751960685763695,
        0.2397754572129318,
        2.6544533544477575
    ],
    "oo": false,
    "mo": [
        [
            [
                -0.00010672408432760947,
                0.017330378051168573,
                -2.1818393465769908e-17,
                -4.0949321434465235e-18,
                -0.20004114251784164,
                -0.35587726154312865,
                -2.1037835155763453e-16,
                -2.6188082350525265e-18,
                -0.039138877382303774,
                1.0135938448486013,
                0.7917000729461888
            ],
            [
                0.0005925333158309864,
                0.015403348830978087,
                9.552297863708382e-18,
                -7.888554497883577e-18,
                -0.3533393077973933,
                -0.4872340021915166,
                9.419230150803561e-17,
                -1.4485561612200537e-16,
                -0.10555904794219584,
                -0.6029428108810378,
                -1.1884175592542665
            ],
            [
                0.9955904424618359,
                -0.2395429504762561,
                -4.7850692024843786e-17,
                -7.972077427272046e-18,
                -0.017930861916523422,
                -0.02316788362203015,
                1.579738362265238e-16,
                9.585960633245647e-17,
                0.12083409827636114,
                -0.007358505032023813,
                0.00020738767500984146
            ],
            [
                0.020398096026582695,
                0.5248638907628137,
                1.576814900050267e-16,
                -6.004389346079853e-17,
                0.05257977572597494,
                0.09267755864480315,
                -1.8924813258776615e-15,
                -1.171930700497772e-15,
                -1.4842535981559886,
                0.028273175201787026,
                -0.21666199197120475
            ],
            [
                -0.004226060646842332,
                0.5623644368235534,
                -1.8582578742520775e-16,
                8.638515408285146e-17,
                0.05556760265384814,
                0.03637837094114798,
                1.8242712544959223e-15,
                1.1602955822385204e-15,
                1.4665048157230929,
                0.05024736527524071,
                0.4116899391865566
            ],
            [
                -2.29852187981156e-17,
                3.2691116188232034e-17,
                0.5745094419012503,
                -0.341599746625502,
                -1.1908253670305718e-16,
                -5.188084663197218e-18,
                0.6716653046158627,
                0.6592342088245099,
                -1.437378049573147e-15,
                -1.0707798984813224e-17,
                9.616586810424344e-17
            ],
            [
                -2.088323598113112e-17,
                2.3882129500366117e-18,
                0.3415997466255028,
                0.57450944190125,
                -6.136640446102425e-17,
                1.3735307345847004e-16,
                -0.6592342088245093,
                0.6716653046158622,
                4.2574715642782393e-16,
                1.3862918868385637e-16,
                -2.2065354393124402e-16
            ],
            [
                -0.0005076937470444115,
                -0.003126893838520897,
                9.197525464094258e-17,
                2.2985046554096908e-18,
                0.4986146936512696,
                -0.6764914476047331,
                -4.834497133723816e-16,
                1.6219191780840695e-16,
                -0.09637799871494274,
                -0.5704363595474827,
                0.5565423892025699
            ],
            [
                -1.9078765472840423e-17,
                1.5215077121637473e-17,
                0.4138061370084148,
                -0.24604655945489134,
                -7.039874031281562e-17,
                4.885303301393544e-17,
                -0.7487526964661608,
                -0.7348948770584316,
                1.6487865407608397e-15,
                -2.0259283436309603e-18,
                -1.1676458949609802e-16
            ],
            [
                -1.4246305683375966e-17,
                2.1902347978458403e-18,
                0.2460465594548914,
                0.41380613700841434,
                -4.914203849394252e-17,
                -1.557208259723629e-16,
                0.7348948770584308,
                -0.7487526964661608,
                -1.673342932684279e-16,
                -2.104776434756684e-16,
                3.651765339476651e-16
            ],
            [
                0.000341655925817853,
                -0.011064479935148036,
                1.1032345596487088e-16,
                1.6032883019506038e-17,
                0.4042967032501487,
                0.009298570924559359,
                5.189835672057077e-16,
                -1.8764105527848975e-16,
                0.09115141627963409,
                0.6778280428241968,
                -0.9349785401414491
            ]
        ],
        [
            [
                -0.00010672408432760947,
                0.017330378051168573,
                -2.1818393465769908e-17,
                -4.0949321434465235e-18,
                -0.20004114251784164,
                -0.3558772615431283,
                4.735806352596506e-16,
                -3.039337258625035e-17,
                0.039138877382305634,
                1.013593844848601,
                0.79170007294619
            ],
            [
                0.0005925333158309864,
                0.015403348830978087,
                9.552297863708382e-18,
                -7.888554497883577e-18,
                -0.3533393077973933,
                -0.48723400219151736,
                1.9350800005406047e-16,
                -1.0183369301578848e-16,
                0.10555904794219434,
                -0.6029428108810374,
                -1.1884175592542674
            ],
            [
                0.9955904424618359,
                -0.2395429504762561,
                -4.7850692024843786e-17,
                -7.972077427272046e-18,
                -0.017930861916523422,
                -0.023167883622030285,
                -6.541961073769934e-16,
                1.1062601049469258e-16,
                -0.12083409827636109,
                -0.007358505032023879,
                0.00020738767501001458
            ],
            [
                0.020398096026582695,
                0.5248638907628137,
                1.576814900050267e-16,
                -6.004389346079853e-17,
                0.05257977572597494,
                0.09267755864480418,
                7.979700745167693e-15,
                -1.3790499408357613e-15,
                1.4842535981559875,
                0.028273175201787838,
                -0.21666199197120653
            ],
