{
    "dist": 0.725,
    "thetas": [
        1.704757879308132,
        -3.011204310279467,
        0.8397366260192594,
        1.563280899135842,
        -0.009380718364163876,
        -1.7291536732871136,
        -1.8971269718342263,
        1.6369627429575306,
        -2.0790379300152217,
        -2.586537231132677,
        1.1646500873100205,
        2.8487544111850127,
        -3.1167849646094092,
        0.07660625016677525,
        1.9642554329689128,
        0.70702212977712,
        1.3933297522764283,
        -1.3076812305427234,
        2.6249522282931705,
        1.3482194095209188,
        0.2673141479915979,
        -2.2483118993788564,
        -0.7958234754631421,
        1.0941137716709264,
        -0.3654729438307087,
        -0.4146023075677032,
        0.7399517487893483,
        0.08255001257991035,
        0.94497336375301,
        0.6348464674842362,
        1.917773905749895,
        0.1360130698619595,
        2.567616643692406,
        -1.1357731497354906,
        -2.5732197993538017,
        -1.2522384758651308,
        -2.425407785880496,
        2.0651656802006935,
        -2.846934388642458,
        0.7934855547557511
    ],
    "oo": false,
    "mo": [
        [
            [
                -0.00014375669288767812,
                0.22016009164569958,
                -0.32612222184941486,
                -1.2223472239715848e-16,
                -7.499098664922113e-17,
                0.024847077841493363,
                -1.7043178478528156,
                -1.4138179614953797e-15,
                -3.604867234794742e-14,
                0.5304552437436377,
                -0.3478818168435793
            ],
            [
                0.0025070537293650583,
                -0.02242314077858316,
                -0.057010242186240324,
                -9.249395396083075e-17,
                2.531548194641967e-17,
                1.5732328812703298,
                0.1475461630409774,
                2.2609839834090014e-16,
                3.650370554128518e-15,
                -0.46788083236959394,
                -0.9851468973955566
            ],
            [
                0.9954258180467745,
                -0.22472874532524073,
                -0.07917427712777708,
                1.7000373032877274e-16,
                4.7082747832727696e-18,
                0.06869619240380694,
                -0.06874150644111023,
                -5.3663088297082135e-17,
                -1.3996493529029855e-15,
                -0.016960671383519327,
                0.08867449996012583
            ],
            [
                0.021991796968081626,
                0.48898165612812794,
                0.16467100372810775,
                6.595787876909042e-17,
                2.423341150153458e-17,
                -0.07733855442592197,
                0.2363533511667216,
                1.4048200647633899e-16,
                4.5426363865440105e-15,
                0.20787318331272275,
                -1.6376314118621491
            ],
            [
                -0.0065548690591872285,
                0.4490602564966264,
                0.360142834486002,
                1.3851022786932832e-16,
                6.647775576408207e-18,
                -0.9404724572826687,
                0.6703170417973294,
                5.506654275449387e-16,
                1.4289303608741554e-14,
                -0.21659016995623065,
                2.4141281358395177
            ],
            [
                -1.5509098184144621e-16,
                1.615696395575106e-17,
                -1.7760275255597606e-16,
                0.6600389753289331,
                -0.04540104156285084,
                1.5937027512905973e-16,
                -1.6395681008568283e-15,
                0.9447499028071115,
                0.04701517686010783,
                2.6049647696389076e-16,
                8.280426394979917e-17
            ],
            [
                -3.01105438752108e-17,
                3.9062804915556916e-19,
                -2.2909399347595652e-17,
                0.04540104156285082,
                0.6600389753289337,
                9.791570029145842e-17,
                -1.9309359945173694e-14,
                -0.047015176860107935,
                0.9447499028071111,
                1.636908597364804e-15,
                -1.4383847799850735e-17
            ],
            [
                -0.0018955953352021975,
                -0.14659223408019903,
                0.5673423894042596,
                1.338125308584219e-16,
                8.898482704677857e-17,
                0.18493829341938361,
                0.03045597333971368,
                -1.4465134400869875e-16,
                -1.020675314334718e-15,
                0.9796411254017818,
                0.21689504979939217
            ],
            [
                -1.1990613103640005e-16,
                6.931720748341009e-18,
                -1.2092943080847202e-16,
                0.4878211707107432,
                -0.03355497186456255,
                3.9108038003141844e-17,
                1.8433230787694996e-15,
                -1.0443557758116875,
                -0.05197203128443855,
                -2.797584918829438e-16,
                2.8496968516038837e-18
            ],
            [
                2.814526809111654e-18,
                4.5138019576846825e-18,
                -1.3912635000634957e-17,
                0.03355497186456253,
                0.4878211707107425,
                -1.2318470722205559e-16,
                2.1367497932194556e-14,
                0.05197203128443904,
                -1.0443557758116875,
                -1.7299634646180921e-15,
                -5.481544368148755e-18
            ],
            [
                0.0014429211267054545,
                -0.02559038360985246,
                0.29013164720884094,
                6.46342735164662e-17,
                -1.2257870620552912e-16,
                0.37278436040816504,
                -1.3241390914400928,
                -8.619322360394615e-16,
                -2.6068671359936666e-14,
                -0.7757050026943666,
                -0.7686885910917691
            ]
        ],
        [
            [
                -0.00014375699978368066,
                0.220159962552151,
                -0.32612206031503943,
                2.4950741612415505e-19,
                1.2273109343949022e-16,
                0.024847252231742414,
                -1.7043172982333117,
                1.6859286980701805e-14,
                1.1536908074417112e-14,
                0.5304568250095788,
                -0.3478823190314218
            ],
            [
                0.002507055531296426,
                -0.02242329970734921,
                -0.05701002944216298,
                -7.848848086096644e-17,
                -2.360700963718152e-16,
                1.5732328065851704,
                0.14754607670027522,
                -2.553252987332101e-15,
                -6.072908089395238e-16,
                -0.4678811111750052,
                -0.9851469058704226
            ],
            [
                0.9954258150593888,
                -0.22472881425983862,
                -0.07917424760367424,
                -1.3044880647668532e-17,
                -8.668282451065494e-17,
                0.06869615474326729,
                -0.06874152368652266,
                5.895480204756822e-16,
                4.893355343786112e-16,
                -0.016960578382134522,
                0.08867441874961927
            ],
            [
                0.021991812051584125,
                0.4889821483184996,
                0.1646711541545296,
                9.051382892806016e-17,
                1.8284705004490812e-16,
                -0.07733850163168997,
                0.2363539658871117,
                -1.6412054869447336e-15,
                -1.7360951694152184e-15,
                0.20787285950664305,
                -1.6376312044451227
            ],
