{
    "dist": 1.375,
    "thetas": [
        0.7003270491300002,
        -0.053869488946690414,
        1.2521357632657004,
        -1.9190780120328719,
        1.7275848218570173,
        1.3062330150862813,
        -0.8477272751259246,
        2.9662757615906044,
        -2.557455115564175,
        -0.5417974658723006,
        -2.7579177865614644,
        -1.2611919830145855,
        3.116726685272372,
        2.6474127966978234,
        -0.2979985587264111,
        2.634381324251887,
        -1.3107404352401797,
        0.3796338484110535,
        -0.2565573770438969,
        -3.0272038179249767,
        2.8195056772726383,
        -1.1887936715863368,
        2.1463338267637173,
        -3.0008659805164486,
        0.5090497007790056,
        0.6544887072823364,
        2.188024353240066,
        -1.163240541119771,
        2.7880790271266633,
        1.5137781885772634,
        2.5272337397359106,
        2.304403660937262,
        2.5192370373805115,
        1.4045127989437134,
        0.1702470555831357,
        1.6657501249314342,
        -1.7526813500610607,
        1.5617571314008787,
        1.6891796897122564,
        -0.763262672723064
    ],
    "oo": false,
    "mo": [
        [
            [
                0.00019431248459067068,
                0.04200493531169322,
                -1.9609302004525807e-17,
                -3.7205314009839623e-16,
                -0.2304075442470628,
                -0.39164696100243507,
                3.162792919820098e-17,
                -7.414743795691698e-18,
                0.04215605672609582,
                -0.00092162741921887,
                1.2761010116227574
            ],
            [
                0.0008191070783114808,
                0.013124053994882525,
                6.125119460340924e-19,
                -4.0516058329605148e-16,
                -0.2636359170413129,
                -0.3809855607753227,
                1.904495533207342e-16,
                -2.5861967439804492e-17,
                0.18321069366771586,
                0.9786241113203606,
                -1.103710532699157
            ],
            [
                0.9955806145007787,
                -0.23769592970204587,
                -7.150355802283708e-18,
                -9.688566639729585e-17,
                -0.032592488350760035,
                -0.041515709393790894,
                -8.91540200346307e-17,
                -4.0571495800906874e-17,
                -0.11651757882995932,
                -0.0010047499442206124,
                -0.008688119585186555
            ],
            [
                0.02060423869068812,
                0.516780604699445,
                1.4733690138570124e-16,
                1.0699884059807504e-16,
                0.08587429045734489,
                0.20653081150980868,
                1.2742024484039092e-15,
                -2.930441610326124e-16,
                1.4774155107775866,
                0.35453249615176635,
                0.046098882520362705
            ],
            [
                -0.004580229924713949,
                0.5612795212012548,
                -1.6743343783294154e-16,
                1.659749348485628e-16,
                0.11506016909576391,
                0.013794773100929318,
                -1.3118240006183829e-15,
                3.0756476924906244e-16,
                -1.5076960078107773,
                -0.6943633420766916,
                0.16910902613252338
            ],
            [
                3.976430024563129e-17,
                2.9948123343981323e-18,
                0.182662241551391,
                0.6401117319087748,
                -1.0583957996652567e-15,
                1.221336907341094e-16,
                0.8942088701689583,
                0.29959553056215066,
                -9.1713825447623e-16,
                1.2694061103361603e-16,
                -1.502489675362284e-18
            ],
            [
                -4.741404080319231e-17,
                5.383198274892597e-18,
                0.6401117319087732,
                -0.18266224155139,
                2.8008997591725195e-16,
                -1.1916239808996696e-17,
                -0.2995955305621512,
                0.8942088701689601,
                6.528050458205083e-16,
                -9.681765204837054e-18,
                -2.0035953026663623e-18
            ],
            [
                -0.0008868655551256423,
                -0.018530088720447875,
                3.181564419539868e-17,
                7.862334424604019e-16,
                0.5091162435893388,
                -0.7755901000472553,
                5.205367696289335e-16,
                8.761188141945249e-17,
                0.19702855642711745,
                -0.6420089874297269,
                -0.24996642387401466
            ],
            [
                3.9501084546648623e-17,
                1.4369510010677493e-17,
                0.13294111839091674,
                0.4658717029439124,
                -7.257040696002512e-16,
                -1.9091215928472472e-16,
                -0.993466678233348,
                -0.33285084334368176,
                9.89417418344529e-16,
                -2.232405758823643e-16,
                -2.291303072339197e-17
            ],
            [
                3.035805581891315e-17,
                4.6137191084055756e-18,
                0.4658717029439126,
                -0.1329411183909181,
                2.0961943718675699e-16,
                -2.1243359399018066e-17,
                0.33285084334368065,
                -0.993466678233349,
                -4.794938274699423e-16,
                1.3291698222931437e-18,
                4.57065295233696e-18
            ],
            [
                0.0007097663217555128,
                -0.027528213171577814,
                -6.878566818154702e-17,
                6.21497461637933e-16,
                0.39583362269403843,
                0.14966725054479657,
                -4.146184413627238e-16,
                -7.5460759985031e-17,
                -0.16647976241691795,
                1.1971281505625502,
                0.3174238277990941
            ]
        ],
        [
            [
                0.00019431248459067068,
                0.04200493531169322,
                -1.9609302004525807e-17,
                -3.7205314009839623e-16,
                -0.2304075442470628,
                -0.3916469610024338,
                -1.610786567683523e-17,
                5.212080101567634e-17,
                -0.0421560567260965,
                -0.0009216274193129276,
                1.2761010116227571
            ],
            [
                0.0008191070783114808,
                0.013124053994882525,
                6.125119460340924e-19,
                -4.0516058329605148e-16,
                -0.2636359170413129,
                -0.3809855607753233,
                -2.95668787744663e-16,
                1.2149139082989407e-16,
                -0.18321069366771658,
                0.978624111320442,
                -1.1037105326990835
            ],
            [
                0.9955806145007787,
                -0.23769592970204587,
                -7.150355802283708e-18,
                -9.688566639729585e-17,
                -0.032592488350760035,
                -0.04151570939379087,
                1.0661717067162997e-16,
                -3.9921911777905414e-17,
                0.11651757882995939,
                -0.0010047499442199226,
                -0.008688119585186664
            ],
            [
                0.02060423869068812,
                0.516780604699445,
                1.4733690138570124e-16,
                1.0699884059807504e-16,
                0.08587429045734489,
                0.2065308115098087,
                -1.7110440311449937e-15,
                1.2501695881980985e-15,
                -1.477415510777587,
                0.3545324961517625,
                0.04609888252039006
            ],
            [
