{
    "dist": 1.7,
    "thetas": [
        -1.2505772065726115,
        -1.5892573810424488,
        2.678742656538237,
        2.4605169696278546,
        1.151561845422318,
        0.42024870984405016,
        0.2950953286817728,
        -1.819460699037379,
        1.6949173110487727,
        2.489587148595139,
        1.3926708920249595,
        -0.007663287536284535,
        -0.3630877934619958,
        1.900227048743333,
        2.166638993680615,
        -1.7018748543102284,
        2.9038843056064927,
        -2.77139783336574,
        -1.3204875036640336,
        -1.1802075024498442,
        1.268614493515388,
        1.3044449462369565,
        2.7836318370578113,
        0.6684251508296,
        -0.9096337654423947,
        -0.4976330838188763,
        2.554112145376455,
        -1.5586760466297462,
        -1.2382874039468406,
        -2.6637713125372455,
        -1.5614152906569299,
        2.5800995086330216,
        2.1591747296674244,
        0.8620180788284371,
        3.0794339883431086,
        2.7640959639582094,
        2.2301402312698464,
        2.6461352571082326,
        1.04148016903377,
        -0.6719528336182714
    ],
    "oo": false,
    "mo": [
        [
            [
                -4.345983026447136e-05,
                0.02177107641018004,
                7.305817492420943e-18,
                2.9272738593457566e-17,
                -0.20645955781467426,
                -0.28337686643549315,
                1.2884829601824903,
                -6.741622758944102e-16,
                1.6205420629515348e-16,
                0.18144577985117075,
                0.029936190842325773
            ],
            [
                0.0006400487006643657,
                0.015663483517213955,
                -3.198948259734157e-17,
                1.7373019923264888e-17,
                -0.33428737354492005,
                -0.7221592364968392,
                -1.2180755938112973,
                7.305466704373529e-16,
                4.6984963943913025e-17,
                0.03910984101872441,
                -0.32754470912791966
            ],
            [
                0.9955898033955557,
                -0.2392485455352542,
                1.993347944531899e-17,
                -5.448196330799511e-18,
                -0.021090144278886315,
                -0.026316950038814773,
                -0.016655868244513667,
                -5.5414728574752993e-17,
                1.0477673447364001e-16,
                0.03591507192307908,
                0.1138350169232353
            ],
            [
                0.020428613533566693,
                0.5235042420054912,
                -4.7718358844929353e-17,
                -6.384781717382494e-17,
                0.06013626937445739,
                0.047403831826835705,
                0.030046867768399387,
                7.88168692129986e-16,
                -1.244315427777941e-15,
                -0.4170881888045059,
                -1.4487779545750838
            ],
            [
                -0.004286024652334842,
                0.5622022067353949,
                -2.9502303075370736e-17,
                1.0332617393129148e-16,
                0.0691886510281658,
                0.15723404116050596,
                0.18076577925506535,
                -9.036427182795813e-16,
                1.1853174311979959e-15,
                0.39215490702915046,
                1.4821625432990353
            ],
            [
                3.826019769413789e-18,
                -1.1280399671090655e-16,
                -0.431740427301219,
                0.5097354372723816,
                -3.7794083102238015e-17,
                9.690982015206671e-17,
                9.112938253884361e-17,
                0.2144930221444158,
                0.9166451004130999,
                -1.3954983145441366e-15,
                -3.156669230227611e-16
            ],
            [
                4.133394012660349e-19,
                8.53202951433032e-18,
                0.5097354372723825,
                0.4317404273012191,
                9.286702883363751e-17,
                -2.5134682607040884e-17,
                -1.9925364119687534e-16,
                -0.9166451004130992,
                0.2144930221444155,
                -7.099129845090899e-16,
                -5.691032047880047e-16
            ],
            [
                -0.0005903553546032961,
                -0.00545384251313866,
                -1.0544763624593273e-16,
                -1.4804359295099508e-17,
                0.49969423399129625,
                -0.3787490901546204,
                0.10094551459978397,
                1.8081124442581854e-16,
                -1.3789942420400316e-15,
                -0.9274943921739486,
                0.3023559902250758
            ],
            [
                -3.059996649718573e-19,
                -4.2514224333295626e-17,
                -0.31143557440217634,
                0.3676972056853765,
                -5.913746502777923e-17,
                8.718945602962827e-17,
                -7.581141595343458e-17,
                -0.23899465197380226,
                -1.021353863013875,
                1.51963713182907e-15,
                2.7346707042891957e-16
            ],
            [
                4.290843988237652e-19,
                2.231816496509493e-18,
                0.3676972056853759,
                0.31143557440217573,
                7.181658734453575e-17,
                -2.7351821423142497e-17,
                2.270121862143347e-16,
                1.021353863013875,
                -0.23899465197380237,
                7.661104187492096e-16,
                5.649606549979166e-16
            ],
            [
                0.0004126472962115218,
                -0.014203906470216902,
                -1.218640264922625e-16,
                -2.172867895111418e-17,
                0.40163988497002906,
                -0.39219155291427277,
                -0.21547888533405543,
                -1.0992404384125011e-16,
                1.4414766100091296e-15,
                1.0172456489287542,
                -0.3869133278607203
            ]
        ],
        [
            [
                -4.346005832719247e-05,
                0.021770907353322017,
                2.3624055472952736e-17,
                1.0976070315655744e-17,
                -0.20645703965780537,
                -0.2833774949303376,
                -1.2884831770043361,
                -7.832641870727291e-16,
                -4.864304228388112e-16,
                0.18144608541224416,
                0.029936546921607667
            ],
            [
                0.000640049367798922,
                0.015663272402421182,
                1.5013895941723593e-16,
                -1.8507070913592585e-17,
                -0.3342832626599451,
                -0.7221620381220578,
                1.218075043892963,
                7.7012744992311655e-16,
                4.398614191432311e-16,
                0.03911044848977026,
                -0.32754471027296156
            ],
            [
                0.9955897990043064,
                -0.23924861553367052,
                2.7683930779834822e-17,
                1.494443928211996e-17,
                -0.02109002840253247,
                -0.02631696087238003,
                0.016655857039803584,
                1.1531634449674035e-16,
                6.265526157449914e-17,
                0.03591483372285934,
                0.11383500396738558
            ],
            [
                0.02042863348959561,
                0.5235048322295545,
                1.2383253244032183e-16,
                -1.3931856484810994e-16,
                0.06013589043742858,
                0.04740413459698837,
                -0.030046901578152718,
                -1.4391568252661791e-15,
                -6.541271781993226e-16,
                -0.41708501460162717,
                -1.4487786599585328
            ],
            [
