{
    "dist": 1.7,
    "thetas": [
        1.2344523002620233,
        -1.3437261884234306,
        -1.71624293364286,
        0.3224202031429355,
        1.3789642063384902,
        -0.4831363599630145,
        3.0207305475081876,
        1.1613194978062573,
        -0.1198083964293164,
        -0.6778456245845823,
        -0.9853415847636118,
        1.4391617560491943,
        -0.3859619696820067,
        -2.766625370449171,
        -0.6406068368903868,
        1.4953692364717712,
        -1.9949632941225846,
        -2.0391967572450125,
        0.1982431285443691,
        0.1999786276100073,
        0.844466128040513,
        2.1955447144109703,
        1.4102943992825638,
        0.6975812910408847,
        1.3976529930445434,
        -1.112381951244826,
        -0.8684074882794137,
        -1.7073724751617976,
        -1.296132872807237,
        0.8229472569938512,
        -2.5628802482082387,
        -0.4165678177032248,
        -0.4344020696261799,
        -0.039677701659869946,
        -0.46602203025102895,
        -1.1795975254072706,
        -0.46274838598426316,
        2.471737009701255,
        2.7907397004152337,
        0.011540174930514624
    ],
    "oo": false,
    "mo": [
        [
            [
                -4.345983026454243e-05,
                0.021771076410179436,
                -3.3603364035001737e-17,
                -1.4924428899172619e-16,
                -0.20645955781467315,
                -0.283376866435496,
                1.2884829601824899,
                -1.6373455251861102e-16,
                2.310467274981933e-16,
                0.18144577985116958,
                0.029936190842326967
            ],
            [
                0.0006400487006644486,
                0.015663483517215287,
                -4.1896078172879744e-17,
                -9.924812138199878e-17,
                -0.33428737354492216,
                -0.7221592364968363,
                -1.218075593811298,
                2.1326787308616936e-16,
                -2.414169565744562e-16,
                0.03910984101872444,
                -0.32754470912792105
            ],
            [
                0.9955898033955555,
                -0.23924854553525435,
                5.854000134092667e-18,
                3.324870421220522e-17,
                -0.021090144278886117,
                -0.026316950038815096,
                -0.01665586824451371,
                -1.2345664410681956e-16,
                2.604956312548293e-17,
                0.03591507192307966,
                0.1138350169232352
            ],
            [
                0.020428613533566824,
                0.5235042420054901,
                -2.839939913199349e-17,
                -2.611096170548747e-17,
                0.06013626937445755,
                0.04740383182683623,
                0.030046867768400813,
                1.5908901979297993e-15,
                -3.5342851688694047e-16,
                -0.4170881888045095,
                -1.4487779545750827
            ],
            [
                -0.004286024652334893,
                0.5622022067353957,
                7.991562373457384e-17,
                2.1856859369599277e-17,
                0.06918865102816511,
                0.15723404116050674,
                0.18076577925506457,
                -1.593971626695603e-15,
                3.8643991966908265e-16,
                0.39215490702915407,
                1.4821625432990346
            ],
            [
                -2.753838965793928e-17,
                1.3337352437895707e-16,
                -0.23102994142519787,
                0.6267816037046516,
                -1.4020384226033525e-16,
                -1.1112191288490503e-16,
                1.4573459970357922e-16,
                -0.15986432045203902,
                -0.9277332028694429,
                1.278731674376563e-16,
                -2.57731382704221e-17
            ],
            [
                -1.4728662993751617e-17,
                -5.442858432406176e-18,
                0.6267816037046527,
                0.23102994142519762,
                -3.2589702112627454e-16,
                4.97364484018279e-17,
                2.9222774528336284e-17,
                -0.9277332028694416,
                0.1598643204520384,
                -1.0803737291921656e-15,
                -1.1057001309370372e-15
            ],
            [
                -0.0005903553546031252,
                -0.005453842513136782,
                2.659045630395707e-16,
                1.1391897535845556e-16,
                0.4996942339912955,
                -0.37874909015462105,
                0.10094551459978139,
                6.201403970327083e-16,
                -2.360583347269118e-16,
                -0.9274943921739475,
                0.3023559902250788
            ],
            [
                -1.8316971260556775e-17,
                3.605284598456294e-17,
                -0.16665324338889967,
                0.4521283540544741,
                -1.0803324213529414e-16,
                -7.454095355010012e-17,
                -1.5516515331298444e-16,
                0.1781256902788159,
                1.0337085641650359,
                -1.6033482092679208e-16,
                6.3984384372702125e-18
            ],
            [
                -2.6306572756128327e-17,
                -2.514947612551247e-18,
                0.4521283540544733,
                0.16665324338889925,
                -2.5161935497019127e-16,
                6.75690882039384e-17,
                -2.5842134310404527e-17,
                1.0337085641650352,
                -0.17812569027881583,
                1.0408728796165925e-15,
                9.486993074846734e-16
            ],
            [
                0.0004126472962113045,
                -0.014203906470216575,
                1.697788912741848e-16,
                3.6711461271867384e-16,
                0.4016398849700286,
                -0.39219155291427327,
                -0.21547888533405557,
                -6.217925979941582e-16,
                1.5228859688748314e-16,
                1.0172456489287525,
                -0.38691332786072286
            ]
        ],
        [
            [
                -4.3460058327105136e-05,
                0.02177090735332215,
                3.813152094802619e-16,
                -7.901384699191513e-17,
                -0.2064570396578079,
                -0.28337749493033865,
                -1.288483177004335,
                2.991905137300747e-16,
                -1.0600591846892723e-17,
                0.18144608541224247,
                0.029936546921613995
            ],
            [
                0.000640049367798733,
                0.015663272402421782,
                5.842527453557672e-16,
                -1.0210697077231499e-16,
                -0.33428326265995073,
                -0.7221620381220524,
                1.218075043892962,
                -3.4233781539531773e-16,
                -8.262681625752577e-17,
                0.03911044848977702,
                -0.3275447102729642
            ],
            [
                0.9955897990043064,
                -0.2392486155336708,
                -1.2262048059629096e-16,
                2.4853225511205903e-17,
                -0.02109002840253311,
                -0.026316960872379634,
                0.016655857039803885,
                -9.338723062913847e-17,
                3.888318717719088e-17,
                0.03591483372285694,
                0.11383500396738605
            ],
            [
                0.020428633489595487,
                0.5235048322295555,
                -3.853482294951808e-17,
                3.995904352974804e-17,
                0.06013589043743024,
                0.04740413459698865,
                -0.030046901578155896,
                1.003241678297901e-15,
                -6.165891237016988e-16,
                -0.4170850146015994,
                -1.4487786599585413
