{
    "dist": 1.7,
    "thetas": [
        -0.485632194328141,
        -0.7671863714960319,
        2.2058628717934416,
        -0.00983268767414236,
        0.2991997046172967,
        1.252080172939956,
        -1.8559306988226674,
        -2.6983709538979874,
        -0.8559765547093554,
        2.3799525745062535,
        -0.2823271905508098,
        -0.4255673234466637,
        -2.0494026704695405,
        -1.9800306645750347,
        -0.1641425856253087,
        1.9996298921060802,
        -0.9392595787998337,
        2.3384695298489593,
        0.9205032020379997,
        2.2212117546283254,
        1.0104267682871626,
        -2.5667210747053706,
        0.3183583542672346,
        -1.1771808841356899,
        0.44065677369874745,
        2.0725161184900145,
        -2.9116880194542154,
        0.0008883315555285876,
        0.9161192104764773,
        1.8938914441496797,
        2.631500069573991,
        -0.3192017378028167,
        -0.8935733353289592,
        -1.9605392863764173,
        -2.157361704247257,
        -0.9330906655898241,
        3.06381984431897,
        -0.8112154932405922,
        2.4758493372933383,
        2.6808767738093326
    ],
    "oo": false,
    "mo": [
        [
            [
                -4.345983026455978e-05,
                0.021771076410178867,
                -3.173883638596047e-17,
                1.9685757884833654e-16,
                -0.20645955781467223,
                -0.28337686643549437,
                -1.2884829601824899,
                1.0695679439555875e-15,
                -1.3732392923159743e-16,
                0.1814457798511698,
                0.029936190842322
            ],
            [
                0.0006400487006645361,
                0.015663483517215304,
                -4.5819845160036497e-17,
                3.3431868452265225e-16,
                -0.3342873735449169,
                -0.7221592364968407,
                1.2180755938112957,
                -1.0347368231544401e-15,
                9.500043298204503e-17,
                0.039109841018716326,
                -0.3275447091279216
            ],
            [
                0.9955898033955553,
                -0.23924854553525435,
                2.647712633606646e-17,
                -1.4558968193076157e-16,
                -0.021090144278885746,
                -0.02631695003881513,
                0.01665586824451368,
                -3.8378801810856093e-17,
                -8.676638996338921e-18,
                0.03591507192308223,
                0.11383501692323408
            ],
            [
                0.0204286135335669,
                0.5235042420054911,
                2.8245478330055996e-17,
                -4.322559918727998e-18,
                0.06013626937445586,
                0.04740383182683712,
                -0.03004686776840049,
                2.9720557155421273e-16,
                8.634413883135706e-17,
                -0.417088188804547,
                -1.448777954575071
            ],
            [
                -0.004286024652334955,
                0.5622022067353944,
                -3.73016868861356e-17,
                -1.971078697198663e-16,
                0.06918865102816378,
                0.1572340411605073,
                -0.18076577925506476,
                -1.2486187089753814e-16,
                -8.376671146027926e-17,
                0.39215490702919287,
                1.4821625432990237
            ],
            [
                -4.151017449947176e-17,
                -2.023246159916629e-17,
                -0.10656914283840749,
                0.6594490354623265,
                8.49530895626922e-16,
                -9.603574248227484e-17,
                5.775343230157639e-16,
                0.9268803079386267,
                -0.16473734068383544,
                9.578018339257657e-17,
                1.9875421863283644e-16
            ],
            [
                -6.554953125378955e-20,
                3.6784833603769244e-17,
                0.6594490354623261,
                0.1065691428384069,
                5.0660075674918864e-17,
                -2.538615443083147e-17,
                -5.993358536124099e-17,
                -0.16473734068383544,
                -0.9268803079386271,
                -2.1078751623344533e-16,
                -8.878764564980657e-17
            ],
            [
                -0.0005903553546032525,
                -0.005453842513135586,
                3.9605864133990905e-17,
                -6.693070005001303e-16,
                0.49969423399129775,
                -0.37874909015461694,
                -0.10094551459978261,
                1.1090415570062957e-16,
                1.6027763065427011e-16,
                -0.9274943921739403,
                0.3023559902251028
            ],
            [
                -3.751066072887676e-17,
                6.4189860064268415e-18,
                -0.07687355668981863,
                0.4756929769861071,
                6.3612793064036e-16,
                -7.717885488820554e-17,
                -6.441541953827798e-16,
                -1.0327582426808088,
                0.18355535769976994,
                -2.966026048197233e-17,
                -1.374671480886365e-16
            ],
            [
                -3.644115012361641e-18,
                6.0256329891809705e-18,
                0.4756929769861071,
                0.07687355668981902,
                3.753946189087656e-17,
                -2.866899628163054e-17,
                6.557626620224679e-17,
                0.18355535769977016,
                1.032758242680809,
                2.180272301729893e-16,
                7.533412284727357e-17
            ],
            [
                0.0004126472962115013,
                -0.014203906470216143,
                6.95528477149659e-17,
                -5.666665067218515e-16,
                0.4016398849700316,
                -0.3921915529142714,
                0.2154788853340541,
                -2.302240061976535e-16,
                -1.7052685067489147e-16,
                1.0172456489287425,
                -0.38691332786074945
            ]
        ],
        [
            [
                -4.346005832696392e-05,
                0.021770907353322457,
                2.1602912913507649e-19,
                -1.1089254696361795e-16,
                -0.20645703965780918,
                -0.28337749493033715,
                -1.2884831770043348,
                -9.460927351045874e-16,
                -1.9329844709385478e-16,
                0.18144608541224236,
                0.029936546921609165
            ],
            [
                0.0006400493677985256,
                0.01566327240242139,
                -1.5301613615152375e-17,
                -2.0961630341595753e-16,
                -0.3342832626599535,
                -0.7221620381220518,
                1.2180750438929617,
                8.602294822685467e-16,
                1.9246960829332413e-16,
                0.039110448489769564,
                -0.327544710272965
            ],
            [
                0.9955897990043063,
                -0.23924861553367058,
                -5.789610276175878e-18,
                -9.068762492403707e-17,
                -0.021090028402533104,
                -0.026316960872379693,
                0.016655857039803774,
                -4.8376883541744884e-17,
                -1.1172420734548439e-16,
                0.03591483372286001,
                0.11383500396738508
            ],
            [
                0.02042863348959576,
                0.5235048322295551,
                -1.431483677914161e-16,
                -3.353951404920445e-17,
                0.06013589043743014,
                0.04740413459698819,
                -0.030046901578155046,
                8.490603951003501e-16,
                1.4534270110020693e-15,
                -0.41708501460163666,
                -1.4487786599585304
