{
    "dist": 0.2,
    "thetas": [
        -0.788287681898749,
        2.8319215077704234,
        1.4576609265440963,
        0.6198895383354297,
        -2.1612986243157413,
        -2.1614501754128375,
        -2.776642555026645,
        2.3007525789727232,
        0.6353243561202211,
        1.3073585636350948,
        -3.012256461474685,
        2.952530678803174,
        2.088798716157191,
        -1.8074266732364683,
        -1.9991526911557285,
        -1.9892281320082241,
        -1.2299822628030639,
        0.15554924748987276,
        -0.427602058948239,
        -1.3117459988749123,
        0.7027924646851598,
        -2.265126877899127,
        -1.3059936903421663,
        -0.8396733026956396,
        -0.27602042971168705,
        1.7918134105853962,
        -1.8870052793034098,
        0.0894376142963571,
        0.5806578612433215,
        -2.8497361028750756,
        0.6757242333299223,
        -2.0701579851181284,
        -2.732861440336058,
        2.8204310122755585,
        2.9256523487662305,
        1.9377176864584964,
        -1.2276478947550764,
        -2.5279006619437125,
        1.1575702452784116,
        -0.3760329720066755
    ],
    "oo": false,
    "mo": [
        [
            [
                -0.0021792748330763012,
                0.49468264843366727,
                -0.39622041858217905,
                -2.515453159614689e-16,
                8.155496989889475e-17,
                0.05171436165428124,
                -0.9005064610950326,
                -4.0883142839366895e-17,
                -1.0995667828225046e-16,
                -1.1930253402048132,
                9.243593320191222
            ],
            [
                0.005498959763590539,
                0.08653753307758681,
                -0.059184548172269924,
                1.021746884451663e-16,
                -6.484274658295502e-17,
                1.9900161129959584,
                -0.8527678566240493,
                -3.569926394588044e-16,
                3.228283248899913e-17,
                -1.678060948162714,
                1.1119838701506273
            ],
            [
                0.9956109905617102,
                -0.2787737749460532,
                -0.052037929932849655,
                2.123399043984381e-18,
                8.769946273044577e-18,
                0.0780521317426737,
                0.06940304482739909,
                -1.0226054225166792e-17,
                1.582277379156967e-17,
                0.18444685497173846,
                -0.8699053965958579
            ],
            [
                0.024395308211866782,
                0.3929852518068047,
                0.302140523708322,
                4.811958150951825e-17,
                -8.084380888115822e-17,
                -0.09871137737581084,
                0.17878533540110614,
                1.7700709378079052e-17,
                5.7042279338000696e-18,
                -1.1612420226413067,
                -4.729393088763895
            ],
            [
                -0.009743861438940866,
                0.029596955878664632,
                0.623735923141116,
                3.213536975048888e-16,
                -4.8837183937633904e-17,
                -1.4828126564739763,
                1.4391281352435024,
                3.009625483195297e-16,
                8.171078394265023e-17,
                3.6398344766851833,
                -5.115842020198383
            ],
            [
                -1.2344170548761935e-20,
                1.0277903445694628e-17,
                -3.302051936325575e-16,
                0.6543147510440601,
                -0.33163724938145733,
                -7.02450952894448e-17,
                5.28671090778861e-17,
                -0.051830269854059585,
                -0.8897629312087558,
                9.20205258441566e-17,
                -4.633396836220134e-19
            ],
            [
                -1.3409613471435023e-19,
                4.814623196143393e-18,
                2.37658349364867e-18,
                0.33163724938145794,
                0.6543147510440606,
                -6.704129598375416e-17,
                1.907779909243609e-17,
                -0.8897629312087557,
                0.05183026985405943,
                1.3390513959365777e-17,
                9.774798326846767e-20
            ],
            [
                -0.01562375762462431,
                -0.32386499464596696,
                0.6481991450926886,
                2.7005088017379627e-16,
                -1.5539827548694972e-16,
                0.04495506820840408,
                0.5514907754696418,
                9.250371277191022e-18,
                5.730747147879365e-17,
                -0.4504585905115442,
                2.1505393894591047
            ],
            [
                1.3227214585813355e-20,
                2.1149627452126705e-18,
                -1.715283803726434e-16,
                0.3618602141826037,
                -0.18340764272945875,
                -4.1599004270613464e-17,
                -1.5452333018730073e-16,
                0.06284566774274118,
                1.0788627128896446,
                -8.320036918012511e-18,
                2.272774377822896e-19
            ],
            [
                3.889544523431821e-20,
                1.0179828444667354e-18,
                9.155696805376972e-19,
                0.18340764272945884,
                0.3618602141826038,
                9.484954751187785e-17,
                -2.2482805961833294e-17,
                1.0788627128896449,
                -0.06284566774274124,
                -8.057579604164389e-18,
                -1.151147645173652e-19
            ],
            [
                0.006167192128584701,
                0.05128499108891965,
                0.17741364765388995,
                6.122885542313549e-17,
                -2.1424465328460075e-18,
                0.024854451739522793,
                -1.3324947962438198,
                -4.8664043104227836e-17,
                -1.707762425824083e-16,
                -0.22838629308222633,
                1.4626704449480419
            ]
        ],
        [
            [
                -0.002179270636730757,
                0.49468254198147965,
                -0.3962203580838807,
                2.550303101831209e-16,
                1.2924548304177472e-17,
                0.05171423747090566,
                -0.9005063697917298,
                -1.430342416367585e-17,
                -2.3964213884066847e-17,
                -1.1930255494495103,
                9.243593311065638
            ],
            [
                0.005498959398652306,
                0.0865375507633336,
                -0.059184710109063524,
                3.659399519521152e-16,
                -3.804326158855111e-16,
                1.9900160972237473,
                -0.8527677479882342,
                8.095448968828498e-17,
                -8.532196408795073e-17,
                -1.6780610199805708,
                1.1119838633166257
            ],
            [
                0.9956109909562875,
                -0.2787737587133892,
                -0.05203792890116757,
                -9.96582596129613e-18,
                -2.081136119541358e-17,
                0.07805215546884468,
                0.06940305556092298,
                6.085578552716037e-18,
                5.805275001800232e-18,
                0.18444688237041876,
                -0.8699053926134283
            ],
            [
                0.024395301750780526,
                0.3929851622620637,
                0.30214054968455334,
                1.0151792286843082e-16,
                5.4177248247347435e-17,
                -0.09871137102218222,
                0.17878531309089982,
                -1.292559836121717e-17,
                -9.36062711732675e-17,
                -1.1612419665148104,
                -4.729393109335508
            ],
            [
