{
    "dist": 1.625,
    "thetas": [
        -2.8354451983958078,
        -1.325063087034727,
        1.3883725037911319,
        -3.0057737497215755,
        -1.8477417604476294,
        -2.822574873123744,
        -1.2423623306579668,
        1.0298787548813921,
        -1.2056528250732828,
        0.5252194785450901,
        -2.7044654537614434,
        2.30847045561727,
        -2.304417780706233,
        -2.022402397232817,
        -0.02557539272590459,
        2.285192262914668,
        1.6269921026744445,
        2.9561452268403734,
        1.6292459897763445,
        -0.7272784976778075,
        -0.573539651253947,
        1.3405831056173065,
        -1.4409243148323205,
        2.2248939625261066,
        2.5959857833208897,
        1.6383787056745502,
        0.10473151153364979,
        -2.0870494395307757,
        -1.2648536355851678,
        -1.357525884977483,
        -1.0856553998608915,
        -0.2504456690610555,
        0.278774624247891,
        -1.7756227029474454,
        1.8841282659115013,
        1.4243004011860876,
        2.194670844684585,
        -1.460703581689548,
        0.7214649379889844,
        0.9597947146749215
    ],
    "oo": false,
    "mo": [
        [
            [
                3.976911465449927e-06,
                0.02508159948563596,
                1.8870808711975886e-17,
                -5.830753302096738e-16,
                -0.2109132032359739,
                0.2767763106452953,
                1.2802399529695545,
                1.2946817614707071e-17,
                2.421594129797662e-16,
                0.22947928346246665,
                -0.03412194668082303
            ],
            [
                0.0006700508001248105,
                0.01563052659636999,
                -1.2866474850830526e-17,
                -8.266219102018727e-16,
                -0.32099212216319334,
                0.7498865217691951,
                -1.2273506576850424,
                -1.9610513535681554e-17,
                -1.960745645107347e-16,
                -0.006747458026222285,
                -0.31572994072265403
            ],
            [
                0.9955888287491644,
                -0.23901202675931235,
                1.0776099059739367e-17,
                5.00575997145015e-17,
                -0.02327582836727739,
                0.0291611402283559,
                -0.014032742544573346,
                6.1103381641380795e-18,
                8.919823786538262e-17,
                0.04263348171065977,
                0.11124598179552694
            ],
            [
                0.020453986254019445,
                0.5224176142226737,
                -1.5206631785078995e-16,
                1.2193053137216132e-16,
                0.06525283423146615,
                -0.05105819645433467,
                0.006216295101806283,
                -1.691886705254242e-16,
                -1.2362601444536579e-15,
                -0.49948689980560507,
                -1.4269929637305878
            ],
            [
                -0.00433172341793073,
                0.5621007855167889,
                1.5786861455685824e-16,
                -4.2837458378456404e-17,
                0.07832753052751162,
                -0.18375374664342786,
                0.21984303394140262,
                2.0735998600526208e-16,
                1.26731502074424e-15,
                0.47756214391033525,
                1.4696532740689618
            ],
            [
                5.2248641679216097e-17,
                1.885044355187992e-16,
                -0.013666762031646887,
                0.6675064470028332,
                -1.7204078623900843e-15,
                2.6040883821873895e-17,
                -4.437037597224906e-18,
                -0.735005849152746,
                -0.5886342444795121,
                7.783504255778352e-16,
                4.049802214662957e-16
            ],
            [
                9.032774364176713e-18,
                5.190056176969995e-18,
                0.6675064470028333,
                0.013666762031646889,
                -2.906773485567845e-17,
                -8.521200536086822e-18,
                -3.6644286907339616e-18,
                0.5886342444795127,
                -0.7350058491527454,
                8.408883758059802e-16,
                6.18377040894953e-16
            ],
            [
                -0.000647498673435876,
                -0.007394124214015194,
                -1.7960032456689355e-18,
                1.3665449126186039e-15,
                0.5008925257957951,
                0.3781718735478596,
                0.1357137432008725,
                -5.733402010292375e-17,
                -7.509871029187722e-16,
                -0.9054409361059825,
                0.35535008296540954
            ],
            [
                2.6076373751038637e-17,
                7.283983281364112e-17,
                -0.009871962477114849,
                0.48216238658324834,
                -1.3174748603409597e-15,
                -1.2993123032425534e-17,
                -4.544603632325295e-18,
                0.8186018084217074,
                0.6555826155469634,
                -7.413460512616374e-16,
                -3.426748172476504e-16
            ],
            [
                -9.569036851872484e-18,
                -1.440572369004808e-18,
                0.4821623865832481,
                0.009871962477114768,
                -3.0926345841281677e-17,
                -1.0148150022035838e-17,
                -1.8860885993857586e-17,
                -0.6555826155469643,
                0.8186018084217068,
                -8.043722843077175e-16,
                -3.951253554946645e-16
            ],
            [
                0.00046417289396097,
                -0.0165600894012198,
                2.458702648605323e-17,
                1.0682041205689365e-15,
                0.4002811274684028,
                0.40272486185551404,
                -0.2299081370544124,
                8.134973370648726e-17,
                8.008067401442025e-16,
                0.9970763840126645,
                -0.454788990456615
            ]
        ],
        [
            [
                3.976745127985671e-06,
                0.025081417353286325,
                2.9719244677652334e-16,
                -2.0580505491066612e-18,
                -0.2109108288167513,
                0.2767768761795496,
                1.2802401408606083,
                6.972796320992974e-17,
                -2.476068085546146e-16,
                0.22947980955917946,
                -0.034121582132533086
            ],
            [
                0.0006700514280314688,
                0.015630314969992,
                4.238379377637962e-16,
                1.542293811859637e-17,
                -0.32098834669893817,
                0.7498890050168002,
                -1.227350122416105,
                5.505578061972294e-17,
                2.0809891318730317e-16,
                -0.0067469449173543465,
                -0.3157299833608038
            ],
            [
                0.9955888246424786,
                -0.23901209189851327,
                5.83148837515781e-17,
                -2.6140369072899358e-18,
                -0.023275709275467057,
                0.02916115057357521,
                -0.014032732476620825,
                -1.4881353694966386e-17,
                -1.129904842776366e-16,
                0.042633248115647754,
                0.11124599159376657
            ],
            [
                0.02045400489020599,
                0.5224181471761574,
                1.3380811956998383e-16,
                9.353989070266306e-17,
                0.06525244315810837,
                -0.05105849634986096,
                0.006216287485370276,
                2.445740664424433e-16,
                1.4126575777863463e-15,
                -0.49948377568252966,
                -1.4269938690618849
            ],
            [
