{
    "dist": 1.625,
    "thetas": [
        0.294613256958542,
        1.8717547535460444,
        2.0131443841702277,
        -2.3747307235790482,
        0.6408975103747956,
        0.1603128553151607,
        -0.2267701743268664,
        -0.1794116790893332,
        0.8338593844408817,
        2.6745250395828872,
        1.982363284615495,
        2.792509888472135,
        2.6363311996993595,
        -0.5351338889914508,
        2.0471369344465034,
        2.803935021872041,
        0.8045370803309129,
        -1.556534800769932,
        0.5802578357350745,
        2.2644839303848023,
        -2.8371570470623593,
        2.2292650194782846,
        1.3836454793888402,
        -1.2819367038142457,
        -0.09169383958187582,
        2.1631467507044597,
        0.6439708501900405,
        -2.1542163484495758,
        0.16400525666869292,
        -1.962884432298467,
        1.0709501151623249,
        0.30630008724336744,
        -2.1587397116031073,
        2.717454011962359,
        0.2698832560893676,
        0.9585453434528839,
        1.076608259682457,
        2.003991946138771,
        -3.0564006241564026,
        2.1855732178661036
    ],
    "oo": false,
    "mo": [
        [
            [
                3.9769114654027646e-06,
                0.025081599485635743,
                -4.0864573544873764e-17,
                -5.7799962032491715e-18,
                -0.21091320323597643,
                0.27677631064529473,
                1.2802399529695545,
                -1.305942555551036e-16,
                -2.1083174664487734e-16,
                0.22947928346246768,
                -0.03412194668081792
            ],
            [
                0.0006700508001248197,
                0.015630526596372606,
                -1.780167280576885e-16,
                1.9487894907797192e-17,
                -0.32099212216319617,
                0.7498865217691929,
                -1.2273506576850444,
                1.2384456774261824e-16,
                9.228730259692603e-17,
                -0.006747458026215261,
                -0.31572994072265476
            ],
            [
                0.9955888287491654,
                -0.23901202675931268,
                4.573454084040234e-17,
                -4.1997770702614745e-18,
                -0.02327582836727813,
                0.029161140228356162,
                -0.014032742544573845,
                -7.341287069373522e-17,
                -7.830685958523067e-17,
                0.042633481710657783,
                0.11124598179552816
            ],
            [
                0.020453986254019788,
                0.5224176142226729,
                -1.0298687788903773e-16,
                -5.4702133601225867e-17,
                0.06525283423146774,
                -0.051058196454334855,
                0.0062162951018075304,
                8.142113654317218e-16,
                6.343842464740974e-16,
                -0.49948689980557626,
                -1.4269929637305985
            ],
            [
                -0.004331723417930892,
                0.5621007855167897,
                -2.658487468875056e-18,
                9.614647491303336e-17,
                0.07832753052751418,
                -0.18375374664342795,
                0.21984303394140275,
                -8.258230176415008e-16,
                -6.1036968140152e-16,
                0.47756214391030394,
                1.4696532740689718
            ],
            [
                4.644270731383414e-18,
                9.209644673248868e-17,
                0.6488368871081229,
                -0.1573605131620268,
                1.8194367269173705e-17,
                1.2745021092133793e-16,
                3.378068521651215e-18,
                0.13894810895318285,
                -0.931352401124864,
                -6.636548313518839e-16,
                -1.703274432340511e-16
            ],
            [
                3.1567714241954433e-18,
                -2.928514977318967e-18,
                0.15736051316202682,
                0.6488368871081228,
                -6.20301494562198e-17,
                -8.972129745881811e-18,
                -4.360930771416351e-18,
                -0.9313524011248646,
                -0.13894810895318252,
                -6.973484402973521e-16,
                -4.056979677622304e-16
            ],
            [
                -0.0006474986734357651,
                -0.0073941242140172616,
                -1.0667362063793757e-16,
                5.174096708997316e-17,
                0.5008925257957928,
                0.378171873547863,
                0.13571374320087262,
                4.20426975619311e-16,
                6.491749431965512e-16,
                -0.9054409361059901,
                0.35535008296539095
            ],
            [
                9.91715381861802e-18,
                3.562382721776035e-17,
                0.4686767347281823,
                -0.11366679815730003,
                2.7287318587491937e-17,
                9.670956098975753e-17,
                3.445027752983902e-17,
                -0.15475138517192175,
                1.0372798539189212,
                6.971934437897674e-16,
                1.0202888785187128e-16
            ],
            [
                3.506072898608562e-18,
                2.014270685694755e-18,
                0.1136667981573001,
                0.46867673472818244,
                -4.517933717105183e-17,
                -1.0186188441274815e-17,
                1.1318225173885946e-17,
                1.0372798539189214,
                0.15475138517192139,
                7.215670439196032e-16,
                3.7033608103917947e-16
            ],
            [
                0.0004641728939607271,
                -0.01656008940121988,
                -1.417070846540288e-16,
                1.0655523109288983e-16,
                0.40028112746840094,
                0.40272486185551504,
                -0.22990813705441204,
                -4.3711517453720634e-16,
                -7.078516747033927e-16,
                0.9970763840126745,
                -0.45478899045659493
            ]
        ],
        [
            [
                3.976745127871342e-06,
                0.025081417353285815,
                -2.1554683851221006e-16,
                3.576207708643504e-18,
                -0.21091082881674866,
                0.2767768761795505,
                1.2802401408606074,
                -3.1127330414258523e-16,
                2.350440962333023e-16,
                0.22947980955918312,
                -0.034121582132519764
            ],
            [
                0.0006700514280315749,
                0.015630314969992787,
                -4.0418664664437304e-16,
                4.8464230988414604e-17,
                -0.32098834669893533,
                0.7498890050168016,
                -1.2273501224161036,
                2.2813428830999827e-16,
                3.6038950122045454e-17,
                -0.006746944917338627,
                -0.3157299833608057
            ],
            [
                0.9955888246424772,
                -0.2390120918985132,
                2.481151489335527e-17,
                9.82763918533605e-19,
                -0.023275709275466478,
                0.029161150573575722,
                -0.014032732476621035,
                -1.3053553551007247e-16,
                2.1392262486187243e-17,
                0.042633248115641516,
                0.11124599159376859
            ],
            [
                0.02045400489020569,
                0.5224181471761566,
                -8.561831175044659e-17,
                1.1548006461181372e-17,
                0.06525244315810716,
                -0.05105849634986259,
                0.0062162874853724515,
                1.554120776072551e-15,
                -2.1952247968440255e-16,
                -0.49948377568245256,
                -1.426993869061911
            ],
