{
    "dist": 0.4,
    "thetas": [
        1.7448557058857794,
        -1.649077150016919,
        2.0375021118516665,
        2.926388517974451,
        2.9694403750439315,
        -0.2924870046656962,
        0.6851339998803385,
        1.7311841483035746,
        0.8897828870907407,
        1.394981677626908,
        -2.921451680140999,
        -1.2663793231633795,
        -2.773947824309876,
        2.243480068231582,
        -0.7988817039240748,
        1.1300180068818442,
        -1.531338241455982,
        -0.9576754694920289,
        -3.0824504749171866,
        -0.8901150950318448,
        2.8217419638603713,
        -1.7724928009645748,
        -1.1347975131086745,
        2.6249413174642493,
        -2.941136005369488,
        -2.7326544467196805,
        0.815739659640105,
        2.3487391344402075,
        -3.0868300924373417,
        1.5492904725652465,
        1.9656390491245403,
        -2.6658459083030457,
        0.9830378595694711,
        0.05819611947691916,
        -0.12639637898020917,
        2.862456773761779,
        -3.1415170444428115,
        -1.5897797083310843,
        1.3334972435574386,
        -1.1021834873956844
    ],
    "oo": false,
    "mo": [
        [
            [
                -0.0019975304028067293,
                0.44954860880802655,
                -0.3803371008332697,
                -1.881138002986177e-17,
                5.952107346256709e-17,
                7.571037292170393e-17,
                7.836200837107746e-16,
                0.2722184560197481,
                -1.1937537941307608,
                -2.5405234194971396,
                2.0250216342981076
            ],
            [
                0.004219629385761029,
                0.05007659742397059,
                -0.04546710908706094,
                -4.1705843676803196e-18,
                -3.5141914126608616e-16,
                -3.3181274833667547e-18,
                6.62861109984819e-16,
                -0.015805236995724316,
                0.1065089111530103,
                0.9236964974838953,
                2.275684161628113
            ],
            [
                0.9951243354769616,
                -0.2317237815464281,
                -0.0937640110123036,
                -5.6540590826483344e-18,
                1.7245707661301008e-17,
                -2.82557817657405e-17,
                3.1329952818295556e-16,
                -0.10176054574862953,
                -0.04331056580750348,
                0.05501594242858664,
                -0.010844760720678623
            ],
            [
                0.02509264770754626,
                0.4481776800202958,
                0.24649416250118744,
                9.983367496887161e-18,
                -9.671443288912465e-17,
                2.983879501761941e-16,
                -4.024392036171496e-15,
                1.0735911950206385,
                1.2802593263167645,
                1.0005733379115063,
                0.29411441136501254
            ],
            [
                -0.008410271821514815,
                0.10136853025359317,
                0.608495351287589,
                4.04857102443283e-17,
                1.591751069027721e-16,
                -3.524851089113294e-16,
                2.841306212469464e-15,
                -1.256855231473959,
                -0.3687759576090072,
                0.535063753312521,
                -3.7358350924667896
            ],
            [
                -2.7204554788602897e-19,
                -6.282442430953693e-18,
                1.2111467423843438e-16,
                -0.06125932911714364,
                0.6829224503751881,
                -0.03333313767832355,
                -0.9280240473929945,
                -3.1843341755539995e-15,
                -1.5669196475486054e-15,
                2.020618685170119e-16,
                1.2032246879141123e-16
            ],
            [
                -2.0540290649450399e-19,
                -1.704558938214369e-18,
                -3.559956023793785e-17,
                0.6829224503751882,
                0.061259329117143504,
                -0.9280240473929945,
                0.033333137678323604,
                3.4393539746841644e-16,
                1.3661928322922122e-16,
                -4.5495491245774126e-17,
                -1.1036179299635618e-17
            ],
            [
                -0.0053394599784804255,
                -0.27980679574404504,
                0.5770704695938074,
                3.258223535711004e-17,
                -1.8822536026414438e-16,
                6.600884337223656e-17,
                -4.960197481763865e-16,
                0.6500929271172328,
                -0.9200086170290018,
                -0.5565930583469658,
                0.3657455349628822
            ],
            [
                1.1723426288496415e-19,
                -3.337445076421948e-18,
                9.532318240455848e-17,
                -0.041273654831013765,
                0.4601210280843153,
                0.03797202931606615,
                1.057174895255574,
                3.4139745409979446e-15,
                1.7143708042447108e-15,
                -1.8212689495439598e-16,
                -1.475820495252499e-16
            ],
            [
                8.108219176373391e-20,
                -1.2363056857283222e-18,
                -1.310435897945684e-17,
                0.4601210280843151,
                0.04127365483101392,
                1.057174895255574,
                -0.037972029316066164,
                -3.679738786279045e-16,
                -1.8406355257768108e-16,
                8.148456110417888e-17,
                1.507356821638219e-17
            ],
            [
                0.0019203778954935142,
                0.07568783828971597,
                0.17890504422833373,
                1.3191780577652377e-17,
                -1.383500053082691e-16,
                1.3508723838756762e-17,
                1.078082672217366e-15,
                -0.5538910672897983,
                0.4142941472274101,
                -1.0227589296733042,
                1.4297730234265789
            ]
        ],
        [
            [
                -0.0019975304028067293,
                0.44954860880802655,
                -0.3803371008332697,
                -1.881138002986177e-17,
                5.952107346256709e-17,
                -8.897906009586844e-17,
                -1.1355801084094901e-15,
                -0.27221845601974043,
                1.193753794130753,
                -2.5405234194971236,
                2.025021634298135
            ],
            [
                0.004219629385761029,
                0.05007659742397059,
                -0.04546710908706094,
                -4.1705843676803196e-18,
                -3.5141914126608616e-16,
                2.4963629705855445e-16,
                1.6119217080105794e-16,
                0.01580523699571629,
                -0.10650891115302767,
                0.923696497483912,
                2.275684161628106
            ],
            [
                0.9951243354769616,
                -0.2317237815464281,
                -0.0937640110123036,
                -5.6540590826483344e-18,
                1.7245707661301008e-17,
                9.505918594033462e-17,
                3.3982058637787136e-16,
                0.10176054574862961,
                0.043310565807502796,
                0.05501594242858681,
                -0.010844760720678442
            ],
            [
                0.02509264770754626,
                0.4481776800202958,
                0.24649416250118744,
                9.983367496887161e-18,
                -9.671443288912465e-17,
                -1.020698058921801e-15,
                -3.3585226347084093e-15,
                -1.0735911950206494,
                -1.2802593263167608,
                1.0005733379115043,
                0.2941144113649928
            ],
            [
