{
    "dist": 0.4,
    "thetas": [
        2.3463261368903874,
        2.9439278084526643,
        2.319717710563025,
        0.1938720278250048,
        -1.6793174426784083,
        -3.0699718540344296,
        -0.4368772992954577,
        -0.6135444998792989,
        0.1424691618875915,
        -0.1357683511288812,
        0.34781498297773794,
        0.2726023879603252,
        1.639255247336484,
        1.3343888034911187,
        0.7519847877695871,
        -0.4643791018236456,
        -1.3252806848740173,
        2.9773202892406827,
        -1.0444284749192585,
        -1.766825043051343,
        -2.7281063583560097,
        3.033965123374311,
        -2.3382515167002618,
        -1.1175851867391877,
        -2.695845613805822,
        -1.7293214755701178,
        -0.6683115396232484,
        2.4890524741785924,
        -0.9709933288902195,
        3.045770542014389,
        -2.961063865698451,
        -0.931892285898047,
        -0.7479573583046881,
        1.6597670561412299,
        2.7570863008471456,
        -1.1329224215729323,
        -0.4242662269722661,
        -1.444216899225165,
        1.891589921605929,
        0.8685800355148432
    ],
    "oo": false,
    "mo": [
        [
            [
                -0.001997530402806767,
                0.44954860880802944,
                -0.38033710083327343,
                -9.877239824521167e-17,
                -5.553909412256494e-17,
                -7.154395749764158e-16,
                -1.216218233209195e-17,
                -0.2722184560196935,
                1.1937537941308118,
                -2.54052341949727,
                2.0250216342979206
            ],
            [
                0.004219629385761002,
                0.05007659742397471,
                -0.045467109087047604,
                -1.126792547886449e-16,
                5.2351717061817296e-17,
                6.349052053943586e-16,
                -1.700891241710566e-16,
                0.01580523699573622,
                -0.10650891115301458,
                0.9236964974837277,
                2.27568416162818
            ],
            [
                0.9951243354769618,
                -0.23172378154642753,
                -0.09376401101230351,
                -2.27943867117894e-17,
                -2.0479138270300774e-17,
                5.013717479117463e-16,
                -2.957716078525046e-17,
                0.10176054574863366,
                0.04331056580749649,
                0.055015942428587185,
                -0.01084476072067447
            ],
            [
                0.025092647707545993,
                0.44817768002029107,
                0.24649416250119202,
                4.759865819603759e-17,
                7.869095437794104e-17,
                -5.4390526432176755e-15,
                2.9462658113490075e-16,
                -1.073591195020721,
                -1.2802593263166908,
                1.0005733379114896,
                0.29411441136508987
            ],
            [
                -0.008410271821514598,
                0.10136853025359194,
                0.6084953512875795,
                2.258903263947158e-16,
                3.500660617130227e-17,
                5.452584540596063e-15,
                -1.5676516076588024e-16,
                1.2568552314739885,
                0.36877595760888915,
                0.535063753312772,
                -3.7358350924667563
            ],
            [
                -6.7021324357674064e-21,
                2.069227850568493e-18,
                -1.087121778930978e-16,
                0.013317886636776705,
                0.6855351285863189,
                0.05515627920088863,
                -0.9269830178983186,
                -5.550785988540634e-16,
                -1.1324819595529468e-16,
                -5.361193317383127e-17,
                -3.602267884039253e-17
            ],
            [
                -2.21524703599925e-19,
                5.4151252481182295e-18,
                -1.4623680418764822e-16,
                0.6855351285863192,
                -0.013317886636776709,
                0.926983017898317,
                0.055156279200888565,
                -3.93576642822026e-15,
                -5.3169532070896645e-16,
                -2.3076062510174576e-16,
                -1.3690810465289761e-16
            ],
            [
                -0.005339459978480305,
                -0.27980679574404355,
                0.5770704695938119,
                1.2794689286091205e-16,
                1.2448591224878288e-16,
                -2.2630779352010223e-15,
                9.483036578084549e-17,
                -0.6500929271171672,
                0.9200086170290555,
                -0.5565930583469777,
                0.3657455349628406
            ],
            [
                9.930408985913467e-21,
                -2.5854421986608415e-19,
                -8.102755998540552e-17,
                0.008972965653505123,
                0.4618813277843784,
                -0.06283224432673952,
                1.055988988219989,
                5.431240209737253e-16,
                1.2738690354893839e-16,
                6.914809894404499e-17,
                6.945316883360253e-17
            ],
            [
                5.635758148869857e-20,
                1.5833823641514055e-18,
                -8.674498893275526e-17,
                0.46188132778437785,
                -0.008972965653505123,
                -1.0559889882199882,
                -0.06283224432673949,
                4.636725737888093e-15,
                6.813123678416033e-16,
                3.312384580165393e-16,
                1.89558881106687e-16
            ],
            [
                0.001920377895493521,
                0.0756878382897149,
                0.17890504422832604,
                2.07227158817764e-17,
                6.149047118829561e-17,
                2.0548790279939367e-15,
                -1.4404511385653427e-16,
                0.553891067289753,
                -0.4142941472274413,
                -1.0227589296734236,
                1.4297730234265031
            ]
        ],
        [
            [
                -0.001997530402806767,
                0.44954860880802944,
                -0.38033710083327343,
                -9.877239824521167e-17,
                -5.553909412256494e-17,
                -4.869638658272709e-16,
                -4.4788318954569e-16,
                0.27221845601969213,
                -1.193753794130809,
                -2.5405234194972754,
                2.025021634297916
            ],
            [
                0.004219629385761002,
                0.05007659742397471,
                -0.045467109087047604,
                -1.126792547886449e-16,
                5.2351717061817296e-17,
                -2.248190354072559e-16,
                3.3402236771084e-16,
                -0.015805236995725225,
                0.10650891115302326,
                0.9236964974837212,
                2.275684161628183
            ],
            [
                0.9951243354769618,
                -0.23172378154642753,
                -0.09376401101230351,
                -2.27943867117894e-17,
                -2.0479138270300774e-17,
                -1.932071437567047e-17,
                2.878107550591665e-17,
                -0.1017605457486338,
                -0.043310565807495954,
                0.0550159424285874,
                -0.01084476072067372
            ],
            [
                0.025092647707545993,
                0.44817768002029107,
                0.24649416250119202,
                4.759865819603759e-17,
                7.869095437794104e-17,
                4.497096483050646e-16,
                8.921171089002424e-17,
                1.0735911950207295,
                1.280259326316688,
                1.0005733379114858,
                0.2941144113650832
            ],
            [
