{
    "dist": 1.275,
    "thetas": [
        0.08760861272552134,
        1.7163466416595838,
        2.32746579231868,
        -3.091032184819611,
        -1.1954644373498238,
        2.8752090916942024,
        0.08241473380009046,
        -1.141752631729318,
        0.24630047087519147,
        -1.751406850186827,
        1.9256791650342215,
        -0.9911434186133583,
        0.24434584507180768,
        -3.1046865705178597,
        1.0879491068056106,
        -1.8219712953171123,
        2.717839512084492,
        -0.7901435423585768,
        1.5859948625045268,
        1.6533511101416858,
        2.3279167336815005,
        -2.4497437162116813,
        -1.256059131577146,
        -0.15767172267494178,
        1.0865934529393346,
        -1.5230916638223246,
        1.2638710166126836,
        0.9864604662866885,
        -1.9980041845417171,
        -1.1180111890597026,
        2.4349696553066904,
        -2.6178944295162165,
        1.5492080569438746,
        -2.749835741914887,
        1.4544388133711452,
        1.523743782519647,
        -0.5785820079441057,
        3.08745043887678,
        -0.3007302212031986,
        -1.9485505812597712
    ],
    "oo": false,
    "mo": [
        [
            [
                0.00027143218705113033,
                0.0528602236286809,
                -0.24091120629549514,
                -3.608499751814296e-16,
                -1.0101168620078846e-15,
                -0.4031712093351246,
                9.060817986507622e-17,
                -1.4040712883875363e-16,
                -0.04317470795647333,
                1.2862171180214663,
                -0.053128436435581294
            ],
            [
                0.0009254320396736681,
                0.010211285076086858,
                -0.23400021042353217,
                -3.9235247307447065e-16,
                -9.441894856501375e-16,
                -0.3485576023707837,
                1.151024774312511e-16,
                1.7581254764351988e-16,
                -0.1977951385557382,
                -0.9872272944647899,
                1.1414830368040587
            ],
            [
                0.9955740361966238,
                -0.23681621761837987,
                -0.03741902079094339,
                -1.027366814922008e-16,
                -2.93344556307019e-16,
                -0.04694183406622944,
                -7.936759641578675e-17,
                3.218058851345683e-17,
                0.11499234432588924,
                -0.00746874193964472,
                0.0010198342810962314
            ],
            [
                0.02070661617143653,
                0.5134345846215898,
                0.09573659233173826,
                3.255300967825525e-16,
                5.689699690230016e-16,
                0.24638190664471624,
                1.1811543994148236e-15,
                -1.9468967367639126e-16,
                -1.4703896982488358,
                0.12202759990908334,
                0.3967965404462987
            ],
            [
                -0.0047467283923643645,
                0.5601653153153434,
                0.1334649958416398,
                2.1656916316205436e-17,
                4.742377892585585e-16,
                -0.0021929764049035696,
                -1.2227281020582791e-15,
                1.193379376173265e-16,
                1.515760875035836,
                0.04079987450698869,
                -0.8318002368805425
            ],
            [
                4.5830656986788353e-17,
                -4.823629253464639e-17,
                -2.564499484680107e-15,
                -0.16880563608857727,
                0.642730932043688,
                6.918377310881219e-17,
                -0.17221271609539043,
                -0.9280193402464855,
                9.849178061224e-19,
                -5.1294907819827866e-17,
                5.113491207705405e-17
            ],
            [
                2.971827346316723e-17,
                -7.798820324091027e-18,
                -1.6751561433745936e-15,
                0.6427309320436894,
                0.1688056360885774,
                -7.712862354972626e-17,
                -0.9280193402464845,
                0.17221271609539063,
                -8.732964632525432e-16,
                2.052125507923507e-17,
                -4.921109756424041e-17
            ],
            [
                -0.0010038948440181245,
                -0.02611975957685314,
                0.5148145262218323,
                8.182458503690417e-16,
                2.2860554167126434e-15,
                -0.7943370987069284,
                2.993884704208271e-16,
                1.40786253636658e-17,
                -0.22932267797289935,
                -0.29960923750072394,
                -0.5851696214294771
            ],
            [
                9.888981775415787e-18,
                -2.3251796185994574e-17,
                -1.877553380869873e-15,
                -0.12338637301392281,
                0.4697961535307724,
                9.053768985846352e-17,
                0.19105971507189362,
                1.0295819887684017,
                5.800258307303912e-17,
                1.2354891017198817e-16,
                -9.32660847146566e-17
            ],
            [
                2.680058670313319e-18,
                -3.9445472610232216e-18,
                -1.2187885893735704e-15,
                0.4697961535307704,
                0.1233863730139229,
                4.3918655624890073e-17,
                1.0295819887684023,
                -0.19105971507189434,
                9.661786339046784e-16,
                -3.397806591951709e-17,
                9.71765664493549e-17
            ],
            [
                0.0008478700707382041,
                -0.033226218457090596,
                0.3927354964448329,
                4.494132022327628e-16,
                1.8317037487789296e-15,
                0.1849424014004257,
                -2.5844903123263107e-16,
                -3.65990153158561e-18,
                0.19422347336235743,
                0.4983987455027208,
                1.1736939036167222
            ]
        ],
        [
            [
                0.00027143218705113033,
                0.0528602236286809,
                -0.24091120629549514,
                -3.608499751814296e-16,
                -1.0101168620078846e-15,
                0.40317120933512496,
                -1.0261565612214153e-16,
                -1.3075541755315578e-16,
                0.04317470795647457,
                1.286217118021466,
                -0.053128436435593986
            ],
            [
                0.0009254320396736681,
                0.010211285076086858,
                -0.23400021042353217,
                -3.9235247307447065e-16,
                -9.441894856501375e-16,
                0.348557602370784,
                -4.3234448753743783e-16,
                2.5717819263551615e-16,
                0.19779513855573752,
                -0.9872272944647813,
                1.1414830368040685
            ],
            [
                0.9955740361966238,
                -0.23681621761837987,
                -0.03741902079094339,
                -1.027366814922008e-16,
                -2.93344556307019e-16,
                0.046941834066229406,
                1.7323998221356267e-16,
                -2.4747764735375232e-17,
                -0.1149923443258893,
                -0.007468741939644626,
                0.0010198342810965526
            ],
            [
                0.02070661617143653,
                0.5134345846215898,
                0.09573659233173826,
                3.255300967825525e-16,
                5.689699690230016e-16,
                -0.2463819066447158,
                -2.4570205136869475e-15,
                4.939460447314815e-16,
                1.4703896982488367,
                0.12202759990908636,
                0.39679654044629514
            ],
            [
