{
    "dist": -0.5,
    "thetas": [
        1.7448557058857794,
        -1.649077150016919,
        2.0375021118516665,
        2.926388517974451,
        2.9694403750439315,
        -0.2924870046656962,
        0.6851339998803385,
        1.7311841483035746,
        0.8897828870907407,
        1.394981677626908,
        -2.921451680140999,
        -1.2663793231633795,
        -2.773947824309876,
        2.243480068231582,
        -0.7988817039240748,
        1.1300180068818442,
        -1.531338241455982,
        -0.9576754694920289,
        -3.0824504749171866,
        -0.8901150950318448,
        2.8217419638603713,
        -1.7724928009645748,
        -1.1347975131086745,
        2.6249413174642493,
        -2.941136005369488,
        -2.7326544467196805,
        0.815739659640105,
        2.3487391344402075,
        -3.0868300924373417,
        1.5492904725652465,
        1.9656390491245403,
        -2.6658459083030457,
        0.9830378595694711,
        0.05819611947691916,
        -0.12639637898020917,
        2.862456773761779,
        -3.1415170444428115,
        -1.5897797083310843,
        1.3334972435574386,
        -1.1021834873956844
    ],
    "oo": false,
    "mo": [
        [
            [
                -0.0011851172752684314,
                0.37238472824393387,
                0.36254460856782156,
                2.5071783639110967e-16,
                1.50119144163719e-16,
                -0.017533202965372533,
                -0.8979277825215173,
                2.3822175923440416e-16,
                7.380826105017308e-16,
                -1.0002029711238458,
                2.245222020313751
            ],
            [
                0.003523097553735652,
                0.014413889651475574,
                0.0409750931181987,
                2.834649160943785e-16,
                2.2680700819965975e-16,
                1.7639003882230502,
                -0.7104981552198686,
                2.6448034792737624e-16,
                7.627289593130905e-16,
                -1.2097373933531397,
                -0.3337623168989024
            ],
            [
                0.9952305084331519,
                -0.22312329626173935,
                0.0948318351599107,
                4.3038518588499577e-17,
                -1.0296399423486427e-17,
                0.07430138915315883,
                -0.03684770574824623,
                -5.4710969870734e-18,
                3.4051550241698267e-18,
                0.07483341885645065,
                0.054030408695541335
            ],
            [
                0.023624797073386123,
                0.47050612756059523,
                -0.21455767050799518,
                -2.0896323003660874e-17,
                2.2558784780454037e-16,
                -0.07287475723427672,
                0.10790421685642354,
                1.8610566849747682e-16,
                3.1065065164846874e-16,
                -1.4365981187805053,
                -1.0052271487703837
            ],
            [
                -0.007602817726069297,
                0.2291613030764458,
                -0.537235366073664,
                -5.535134696207172e-16,
                -5.003341771409057e-16,
                -1.15884782491982,
                1.1396676134919037,
                -5.630243871150198e-16,
                -1.44667595589564e-15,
                3.058453565928688,
                -0.5235531351091823
            ],
            [
                -2.337674303274617e-19,
                -4.561939897037041e-18,
                -2.7529628097353417e-16,
                0.6670760047905804,
                -0.09141971407216044,
                -3.381837964944589e-17,
                -1.025553544932284e-16,
                -0.9369172276832057,
                -0.03624441225223458,
                -1.9238411856507038e-16,
                4.395965158187997e-18
            ],
            [
                -8.500561897987248e-20,
                -2.7634330976611603e-18,
                -3.820918604694274e-17,
                0.09141971407216058,
                0.6670760047905796,
                -1.0998430421681941e-17,
                -4.3511068711571515e-16,
                0.0362444122522346,
                -0.9369172276832063,
                -4.530252604001595e-16,
                9.384770001723913e-18
            ],
            [
                0.0034201259703669743,
                0.23956783843380838,
                0.5750989210442303,
                2.264724756180604e-16,
                -7.796702238902654e-17,
                -0.09693503395028355,
                -0.6209638474490071,
                2.662945053660026e-17,
                2.2858796929342587e-16,
                0.3345382228558449,
                -0.8703818652438455
            ],
            [
                1.0042362402190104e-19,
                2.868990131764923e-19,
                -1.9445068670422644e-16,
                0.4715246578267104,
                -0.06462029676816802,
                -4.704653401415925e-17,
                1.5960383860837552e-16,
                1.0508623173303597,
                0.04065234998810215,
                1.709953070473434e-16,
                5.792304299208257e-21
            ],
            [
                3.3533515136035825e-20,
                1.5514604018446907e-18,
                -2.3208500861219207e-17,
                0.06462029676816816,
                0.4715246578267109,
                -8.049778897805422e-17,
                5.616176547277319e-16,
                -0.04065234998810191,
                1.0508623173303597,
                2.505254608876398e-16,
                -3.607184691563534e-18
            ],
            [
                -0.0014968945861047389,
                -0.0443129365427213,
                0.20692916930870836,
                -2.864255887469552e-17,
                -7.87110243770809e-17,
                -0.22051370143114207,
                1.6094154228650377,
                -2.901260298716592e-16,
                -1.0354618903709006e-15,
                0.6914579755955085,
                -0.6213254064679458
            ]
        ],
        [
            [
                -0.0011851055598817893,
                0.37238520727760027,
                0.3625442048619673,
                -1.1063378111072204e-16,
                1.1228302939350538e-17,
                -0.017533342275685596,
                -0.8979300641949868,
                -4.575226627352578e-16,
                -9.520969336682835e-16,
                -1.0002024713546709,
                2.245221315099448
            ],
            [
                0.0035230917720222273,
                0.014414148666924847,
                0.040973149147166786,
                -2.8219472066526646e-16,
                -5.062453055856377e-17,
                1.7639003471805654,
                -0.7105000890708084,
                -5.359860998484091e-16,
                -9.668955244868217e-16,
                -1.2097362584894462,
                -0.3337627579947881
            ],
            [
                0.9952305170326741,
                -0.22312307263545866,
                0.09483181865974893,
                -3.5297675244945947e-17,
                2.21639955087854e-18,
                0.07430160276367738,
                -0.036847812906200046,
                -1.1587984221971344e-17,
                8.060621462804159e-19,
                0.07483367882679748,
                0.05403047583964728
            ],
            [
                0.02362475103135505,
                0.4705047757362947,
                -0.2145561901433672,
                1.091983465033174e-16,
                1.6045704734102074e-18,
                -0.07287510617788094,
                0.1079029874595084,
                -1.0033175225089169e-16,
                -4.567728043342333e-16,
                -1.4365983947252252,
                -1.0052278108656287
            ],
            [
