{
    "dist": 1.375,
    "thetas": [
        -0.00192064113892787,
        -1.5334922117210585,
        -1.5198985611886016,
        -2.532615592894908,
        0.4032869687551237,
        -3.0411240589617163,
        -2.182808553520649,
        -0.1241071691169231,
        -2.5140735967996206,
        -0.5217312516932693,
        2.5990447134551884,
        -0.9379569794999609,
        -2.4215121476907453,
        1.3358579153864216,
        -2.5014230735418677,
        -0.5925016137506689,
        1.03975054660485,
        -2.2722550862248503,
        2.076172331284596,
        -2.3675061766595737,
        0.5516106050035505,
        -2.745133174819262,
        -0.018203995556216768,
        2.6916827881223995,
        1.9228484850886236,
        -1.8950637410754403,
        -0.9721121955634815,
        0.21825569210966034,
        3.0070286190191906,
        0.01912918844371969,
        -0.9585156002323929,
        -1.8046154715910256,
        -2.026616131905825,
        -2.4879616580176984,
        -1.9637753010659786,
        -2.8882939001022034,
        -1.6341479896602276,
        0.29055147512465496,
        -1.8360525055672188,
        3.0957504019029525
    ],
    "oo": false,
    "mo": [
        [
            [
                0.00019431241038248248,
                0.04200511897410385,
                -5.1484965256441795e-18,
                6.220207265378589e-16,
                -0.23040899414019636,
                0.24356894594640527,
                1.2464478849549843,
                -2.3869481253160394e-17,
                2.1984420039625684e-16,
                0.3047827965993426,
                -0.2788327786283659
            ],
            [
                0.0008191068404396343,
                0.01312418093608957,
                3.2398512922962525e-17,
                7.011212570903647e-16,
                -0.2636377947908762,
                0.8853864049523911,
                -1.2147202901136995,
                2.6727213539555217e-17,
                -1.5096284901725251e-16,
                -0.11195543375382089,
                -0.2874174058528568
            ],
            [
                0.9955806154965985,
                -0.23769590213514025,
                -1.6522136689871755e-17,
                -6.8073423224842614e-18,
                -0.03259261294180463,
                0.04052935225530158,
                -0.0020125745000394153,
                -4.870646744605977e-17,
                1.3435975547589503e-17,
                0.06555212922105341,
                0.09712175735764872
            ],
            [
                0.020604234448242345,
                0.5167804242716366,
                5.0293088725930835e-17,
                -9.805220479415395e-17,
                0.08587460040285792,
                -0.06394576490907927,
                -0.06413880868389107,
                5.267630153379901e-16,
                -6.514266033933214e-16,
                -0.767828343527471,
                -1.3249403330181262
            ],
            [
                -0.004580229269451872,
                0.5612796176789048,
                1.89444392626523e-17,
                -4.4402088341049966e-16,
                0.11506080185022473,
                -0.3087145386666071,
                0.3137115326675842,
                -5.218469194470363e-16,
                6.290773667770227e-16,
                0.7502788776764213,
                1.423881182180167
            ],
            [
                3.484334190860459e-17,
                -1.4419721931514602e-17,
                0.5589544727427223,
                -0.3614944656628095,
                -1.135484875808005e-15,
                7.250475477372491e-18,
                -1.5679318343565792e-17,
                -0.8720454499998782,
                -0.359031880294867,
                -1.1534908939189494e-16,
                -1.631037748904288e-16
            ],
            [
                -5.420861980981468e-18,
                -5.167086603930059e-17,
                0.3614944656628099,
                0.5589544727427228,
                1.5156689224914312e-15,
                -1.9066490424734715e-17,
                3.3464023946071297e-18,
                0.35903188029486655,
                -0.8720454499998775,
                8.187458664976821e-16,
                1.8050876901132805e-16
            ],
            [
                -0.0008868634364740506,
                -0.0185298602254707,
                1.3144668612152528e-16,
                -1.3861794462180818e-15,
                0.5091146539222795,
                0.36832522896908876,
                0.23687784891445623,
                2.1349313807215033e-16,
                -5.092614511703288e-16,
                -0.8076673258907674,
                0.5204993146497697
            ],
            [
                -4.226371428074902e-18,
                -8.126592482667197e-18,
                0.406805854624249,
                -0.26309488914955653,
                -8.270667153456457e-16,
                -2.5385642192843756e-17,
                -5.3899853739185894e-17,
                0.9688429474541452,
                0.39888460530919745,
                1.4571505110011912e-16,
                1.8475958511322232e-16
            ],
            [
                -4.445428205480601e-17,
                -4.254989416339089e-18,
                0.26309488914955637,
                0.40680585462424823,
                1.1222910511096472e-15,
                -4.784939819301426e-19,
                -1.8260563149769342e-17,
                -0.3988846053091972,
                0.9688429474541452,
                -8.151934135021706e-16,
                -1.594299844475881e-16
            ],
            [
                0.0007097654449687938,
                -0.027528178420637386,
                1.319888339250241e-16,
                -1.3038147408293779e-15,
                0.3958327680275892,
                0.44095019169613303,
                -0.19856110805270855,
                -2.3776114421784607e-16,
                5.364402075929978e-16,
                0.9177783660706484,
                -0.7126075053028487
            ]
        ],
        [
            [
                0.00019431241996528014,
                0.0420048036949447,
                3.627880524406947e-16,
                -1.3025307607043727e-15,
                -0.23040616477813877,
                0.24356942488158656,
                1.2464480339131347,
                1.4030749076061518e-17,
                -6.173733247479456e-16,
                0.3047840970316067,
                -0.2788326584024738
            ],
            [
                0.0008191072214490073,
                0.013123949775254742,
                4.4108176518741687e-16,
                -1.4768183542353689e-15,
                -0.2636339708952488,
                0.8853886043680874,
                -1.2147195207382282,
                -1.3994652833933006e-17,
                4.2186210440399535e-16,
                -0.11195522878399598,
                -0.2874174800917301
            ],
            [
                0.9955806125229072,
                -0.23769594384015166,
                5.919375261277215e-17,
                -2.0751822363880825e-16,
                -0.03259241561395179,
                0.040529401353699805,
                -0.002012566739571096,
                3.434676664758682e-17,
                -2.4618935319210473e-16,
                0.06555196624142857,
                0.09712184166609433
            ],
            [
                0.020604247257140714,
                0.5167806440670103,
                1.6074469364382352e-17,
                4.4336686461446047e-16,
                0.08587400031673696,
                -0.06394616115974061,
                -0.06413889897812114,
                -4.062291037026402e-16,
                2.156160641554004e-15,
                -0.7678257722584192,
                -1.3249417525847187
