{
    "dist": 1.375,
    "thetas": [
        2.285571396673803,
        -1.3514756789437503,
        -2.681309192325017,
        1.6539681345510768,
        -0.297074922600983,
        0.265759097311558,
        1.4239946207429375,
        2.1922354457653626,
        1.6851501599552883,
        1.4648852168254765,
        -1.621147105353423,
        1.3842403401038794,
        -2.7747972234408573,
        -0.5675668759471639,
        0.6953744050146056,
        -1.5336320738538296,
        -1.3466629957570095,
        1.1590199036646274,
        2.142061872320946,
        1.9424682268417985,
        -3.1411936979972466,
        2.661620723129924,
        1.9287190028927457,
        2.865210417567324,
        -0.09595058622705643,
        1.0214825905762295,
        1.4690505556903348,
        -0.21292378582540206,
        1.9191876336743157,
        -0.38963584749314606,
        -2.330811864735062,
        0.8931583869241067,
        -0.13418557120045138,
        0.9935021116792697,
        -2.6178707404175032,
        1.0287028169829453,
        -0.056925124332792176,
        1.6041885760146908,
        -0.4531873031628644,
        -1.0693315257619167
    ],
    "oo": false,
    "mo": [
        [
            [
                0.00019431241038258992,
                0.04200511897410424,
                3.5102078489750475e-15,
                -1.8299197036921585e-16,
                -0.23040899414020638,
                0.24356894594641415,
                1.2464478849549732,
                5.762922806201395e-17,
                -1.945219228987139e-16,
                0.3047827965993531,
                -0.2788327786283892
            ],
            [
                0.0008191068404394408,
                0.01312418093608857,
                4.145929104789998e-15,
                -2.4903238128641475e-16,
                -0.26363779479087984,
                0.8853864049523703,
                -1.2147202901137129,
                -1.2928605032985388e-16,
                9.742330674859391e-18,
                -0.11195543375384857,
                -0.28741740585285214
            ],
            [
                0.9955806154965985,
                -0.2376959021351412,
                6.31941472609378e-16,
                -6.108474674631399e-18,
                -0.032592612941802185,
                0.04052935225530277,
                -0.002012574500040075,
                4.447339870387749e-17,
                -3.695358320209027e-17,
                0.06555212922105562,
                0.09712175735764449
            ],
            [
                0.020604234448241627,
                0.5167804242716484,
                -1.2284745135473546e-15,
                -2.0388067294889316e-16,
                0.08587460040285945,
                -0.06394576490908949,
                -0.06413880868388772,
                -6.15474701965785e-16,
                3.805226704922225e-16,
                -0.7678283435275189,
                -1.3249403330180929
            ],
            [
                -0.00458022926945158,
                0.5612796176788951,
                -1.9831793456907346e-15,
                3.548319215832752e-16,
                0.11506080185021146,
                -0.30871453866659476,
                0.31371153266758534,
                6.542715117614616e-16,
                -3.607953625948994e-16,
                0.7502788776764822,
                1.4238811821801405
            ],
            [
                -1.3875661954706733e-16,
                6.58619101690689e-17,
                0.6285030977287182,
                -0.21929935578874454,
                1.0343960657171328e-14,
                1.9272874480187885e-16,
                3.7672223946052295e-17,
                -0.30774228733947406,
                -0.8914380755367184,
                -3.44313864075288e-16,
                6.138466277969239e-17
            ],
            [
                -5.1413654719054777e-17,
                4.603821794783916e-17,
                0.21929935578874427,
                0.6285030977287176,
                3.029547690490554e-15,
                1.0711773262958175e-16,
                6.03299445387571e-18,
                -0.8914380755367183,
                0.30774228733947395,
                8.370877743141442e-16,
                3.109091835588235e-16
            ],
            [
                -0.0008868634364742033,
                -0.01852986022546007,
                -8.50548012592181e-15,
                3.14805274766733e-16,
                0.5091146539222833,
                0.3683252289691079,
                0.23687784891447083,
                -2.7333147670503955e-16,
                4.074254964548326e-16,
                -0.8076673258907359,
                0.5204993146497947
            ],
            [
                -1.2628731157236273e-16,
                2.215936452292162e-17,
                0.45742319325386444,
                -0.1596055961631887,
                7.58953966654922e-15,
                2.8156813974017056e-16,
                5.27680319314466e-17,
                0.3419018409215971,
                0.990388164488422,
                4.188668469531495e-16,
                -3.0073817765885375e-17
            ],
            [
                -2.662631015869229e-17,
                9.5867287483935e-18,
                0.1596055961631893,
                0.4574231932538641,
                2.2291856498105612e-15,
                1.059186602407127e-16,
                1.8447101754855354e-17,
                0.9903881644884215,
                -0.3419018409215975,
                -6.845282031258752e-16,
                -2.3900533680930733e-16
            ],
            [
                0.0007097654449688533,
                -0.027528178420631873,
                -6.334402711925737e-15,
                4.259046193121171e-16,
                0.3958327680275773,
                0.4409501916961207,
                -0.1985611080527341,
                2.1391804662988757e-16,
                -5.969736349261836e-16,
                0.9177783660706252,
                -0.7126075053028872
            ]
        ],
        [
            [
                0.00019431241996527244,
                0.0420048036949406,
                -2.4933056819419155e-15,
                8.142894115107373e-17,
                -0.2304061647781134,
                0.24356942488159766,
                1.246448033913127,
                4.563039090073255e-16,
                2.9312991019024435e-17,
                0.30478409703163367,
                -0.27883265840249294
            ],
            [
                0.0008191072214491547,
                0.013123949775252377,
                -2.6383426678140882e-15,
                6.365445625492037e-17,
                -0.2636339708952116,
                0.8853886043680953,
                -1.2147195207382289,
                -1.458398557443891e-16,
                -1.1388525604881597e-16,
                -0.11195522878402064,
                -0.287417480091728
            ],
            [
                0.995580612522908,
                -0.2376959438401526,
                -3.5911620968426803e-16,
                1.2827581506925801e-17,
                -0.03259241561394698,
                0.040529401353701776,
                -0.0020125667395715805,
                1.6458984261329764e-17,
                5.976852231785959e-17,
                0.06555196624142816,
                0.09712184166609142
            ],
            [
                0.020604247257140294,
                0.5167806440670247,
                1.0390015580092234e-15,
                -1.0727673552179918e-16,
                0.085874000316733,
                -0.0639461611597544,
                -0.0641388989781172,
                -5.59273632583257e-16,
                -7.557336538668449e-16,
                -0.7678257722584318,
                -1.3249417525847045
            ],
            [
