{
    "dist": 1.375,
    "thetas": [
        2.6642912079054266,
        -2.1496625415376767,
        2.3053954196316866,
        -2.6128189992718975,
        0.4622770899119768,
        -1.3701128529271016,
        -1.5313344182421782,
        0.4020007843637723,
        -1.7604017992677186,
        0.9338120242786836,
        0.8026910124677635,
        -0.5593642767808649,
        -0.6123381419475225,
        -0.3131409369257323,
        -1.6718146755238117,
        -2.297561711699521,
        -2.483662932392931,
        -0.16970739510385746,
        -2.4262674891507134,
        -1.3443064296088185,
        2.125046712902188,
        -1.1682111365695702,
        -2.6617063424381278,
        1.6928598255164848,
        -1.5207194334820011,
        2.7295255334943684,
        1.9354703609260708,
        -1.0346545769819757,
        -0.05436527175048056,
        -1.7421129792025705,
        -0.4131309769728362,
        0.907253796106815,
        2.9013660158372616,
        -0.38018158604402075,
        -0.382485110624724,
        0.881078877024569,
        2.595581313190542,
        0.3522367566250084,
        0.2227459122705251,
        -0.35651160698077966
    ],
    "oo": false,
    "mo": [
        [
            [
                0.000194312410382538,
                0.04200511897410401,
                -8.554704411768101e-16,
                2.3824114371288496e-18,
                -0.23040899414020632,
                -0.24356894594641582,
                1.2464478849549714,
                4.8442436828021746e-17,
                -2.4929191916321338e-17,
                0.30478279659935625,
                -0.27883277862838945
            ],
            [
                0.0008191068404395883,
                0.01312418093608764,
                -9.34531099312571e-16,
                -7.731883494679444e-17,
                -0.2636377947908724,
                -0.8853864049523719,
                -1.2147202901137122,
                5.788489409388418e-17,
                8.046376780654549e-18,
                -0.1119554337538521,
                -0.28741740585285275
            ],
            [
                0.9955806154965987,
                -0.23769590213514105,
                -1.0588779786080086e-16,
                3.782609659605104e-17,
                -0.03259261294180229,
                -0.04052935225530262,
                -0.0020125745000400337,
                -3.919691182824213e-17,
                5.382922512919941e-18,
                0.06555212922105581,
                0.09712175735764501
            ],
            [
                0.02060423444824201,
                0.5167804242716474,
                1.3088211597119719e-16,
                -1.8469115809059365e-16,
                0.0858746004028595,
                0.0639457649090898,
                -0.06413880868388647,
                4.782630135488404e-16,
                -2.286267170165372e-16,
                -0.7678283435275196,
                -1.3249403330180949
            ],
            [
                -0.004580229269451768,
                0.5612796176788962,
                7.638429223905703e-16,
                1.1219362582133852e-16,
                0.11506080185021102,
                0.3087145386665937,
                0.31371153266758417,
                -5.251107341396938e-16,
                2.4402512647393437e-16,
                0.7502788776764837,
                1.4238811821801425
            ],
            [
                1.40938749931077e-17,
                -1.1516583896158444e-16,
                0.586502250242517,
                -0.3148387869440739,
                -2.583127794786797e-15,
                2.77619180062614e-16,
                -3.577618895725025e-18,
                -0.8953113930122408,
                0.29628477428990607,
                -3.512908182984631e-16,
                -2.1087852664076e-16
            ],
            [
                1.4818922116913666e-17,
                1.3486605907109404e-17,
                0.3148387869440735,
                0.5865022502425172,
                -1.2682614662466104e-15,
                1.553646012463007e-17,
                -5.347790620425889e-17,
                -0.2962847742899058,
                -0.895311393012241,
                1.7408534466488536e-16,
                -1.869759031843718e-17
            ],
            [
                -0.0008868634364742779,
                -0.018529860225461315,
                2.346694540534638e-15,
                -1.7964218870003357e-16,
                0.5091146539222873,
                -0.3683252289691047,
                0.23687784891447358,
                1.6204696882706056e-16,
                -1.4747455170295003e-16,
                -0.8076673258907352,
                0.5204993146497934
            ],
            [
                -6.225278157613936e-17,
                -2.3033260540709485e-17,
                0.4268550674229251,
                -0.2291389872294515,
                -1.933807569533845e-15,
                2.034395740590982e-16,
                -8.455698300956348e-17,
                0.994691422213591,
                -0.3291725379782254,
                3.496737042480658e-16,
                1.8339105319831307e-16
            ],
            [
                -5.187176322581708e-17,
                -4.856743954812498e-18,
                0.22913898722945156,
                0.4268550674229258,
                -9.496003000920124e-16,
                5.788090083634728e-17,
                5.141690280499953e-17,
                0.3291725379782248,
                0.9946914222135911,
                -1.4963764743386277e-16,
                -2.6834502754532414e-17
            ],
            [
                0.0007097654449689403,
                -0.02752817842063429,
                1.9719894380152907e-15,
                -9.067067411686172e-17,
                0.39583276802757844,
                -0.4409501916961172,
                -0.19856110805273663,
                -7.793247330402887e-17,
                1.4901895105681319e-16,
                0.9177783660706258,
                -0.7126075053028874
            ]
        ],
        [
            [
                0.0001943124199652616,
                0.04200480369494093,
                3.0918713704664996e-15,
                1.4689355495551937e-16,
                -0.23040616477811196,
                -0.24356942488160294,
                1.2464480339131248,
                -1.5488258177680608e-15,
                -1.4071078984038812e-16,
                0.3047840970316377,
                -0.27883265840249144
            ],
            [
                0.0008191072214492192,
                0.013123949775251486,
                3.661313860551743e-15,
                2.5170138018340767e-16,
                -0.26363397089520346,
                -0.8853886043680937,
                -1.2147195207382309,
                1.4306056270701187e-15,
                2.0595289894778956e-16,
                -0.11195522878402069,
                -0.28741748009172857
            ],
            [
                0.9955806125229085,
                -0.23769594384015316,
                2.2976711413384163e-16,
                -2.5243115692882545e-17,
                -0.032592415613946206,
                -0.04052940135370212,
                -0.0020125667395716083,
                -1.1085803283769002e-16,
                -3.858613538690845e-17,
                0.06555196624142731,
                0.09712184166609183
            ],
            [
                0.020604247257140388,
                0.5167806440670257,
                -1.1598144802528552e-15,
                3.510803527758638e-16,
                0.08587400031673223,
                0.06394616115975588,
                -0.06413889897811668,
                1.1253098837925225e-15,
                5.025246884449667e-16,
                -0.7678257722584215,
                -1.3249417525847103
            ],
