{
    "dist": 1.375,
    "thetas": [
        -1.280204273705289,
        1.9419297300422045,
        -0.940891133303507,
        1.8184119877683536,
        0.38546698317217754,
        -1.5482462623708158,
        -2.4820021837889543,
        -2.7742730588529536,
        1.0888281406992553,
        1.243000394197522,
        1.4626200193935919,
        1.8087660546709712,
        -2.6617060794763305,
        -1.1455465965311886,
        1.514393913888437,
        -1.0776025393438475,
        -0.18758145050334907,
        -2.003797532579155,
        -1.1089545493349307,
        -0.2833329782724672,
        0.18617401951910573,
        -1.3004274157417277,
        -1.4013064739751477,
        1.1193687642619112,
        -1.6747283761111225,
        1.1137283347171385,
        -0.4251674570616557,
        -0.7058135459189301,
        -1.0339219766896837,
        0.08307705720900582,
        3.0642536441871373,
        0.19424072343329168,
        1.1337138145690409,
        -0.6840206445593826,
        -2.4092484788668456,
        1.3020376391937685,
        -0.5427660854375911,
        -0.27625260685593744,
        -1.0558733579582715,
        -2.5527624137262657
    ],
    "oo": false,
    "mo": [
        [
            [
                0.00019431241038256358,
                0.042005118974104964,
                1.3944014504979805e-15,
                3.098708027048512e-19,
                -0.230408994140206,
                -0.24356894594640172,
                -1.2464478849549863,
                1.6160746904954933e-16,
                -3.4967906805753333e-16,
                0.30478279659933716,
                -0.27883277862835704
            ],
            [
                0.0008191068404395514,
                0.013124180936093003,
                1.407547079056918e-15,
                6.057842171891347e-17,
                -0.2636377947908978,
                -0.8853864049523827,
                1.214720290113701,
                -1.622674185259274e-16,
                2.0229620302761926e-16,
                -0.11195543375381152,
                -0.2874174058528591
            ],
            [
                0.9955806154965978,
                -0.23769590213514,
                2.6180767647296555e-16,
                -2.135667003331233e-17,
                -0.03259261294180693,
                -0.04052935225530106,
                0.0020125745000398243,
                4.133101603620623e-18,
                -9.311238041632729e-18,
                0.06555212922105294,
                0.09712175735765
            ],
            [
                0.020604234448242525,
                0.5167804242716325,
                -7.687013785400247e-16,
                3.738272314403049e-16,
                0.08587460040286107,
                0.06394576490907464,
                0.06413880868389016,
                -1.986563214170651e-16,
                5.429241285623157e-16,
                -0.7678283435274581,
                -1.3249403330181357
            ],
            [
                -0.0045802292694518245,
                0.5612796176789074,
                -3.734762938647707e-16,
                -3.9747945930923607e-16,
                0.11506080185023747,
                0.3087145386666084,
                -0.31371153266758467,
                2.479843826385607e-16,
                -5.709521292734645e-16,
                0.7502788776764043,
                1.423881182180173
            ],
            [
                9.912792735814431e-17,
                -5.720945215207071e-17,
                0.6195062313434898,
                0.24355775625200923,
                3.639205124425596e-15,
                -1.8616831213416327e-18,
                9.401369758160241e-17,
                -0.10160326010571026,
                -0.9375734293747116,
                -6.844764992508811e-16,
                -4.4639668572920603e-17
            ],
            [
                -3.009905301794446e-17,
                3.427520607221074e-17,
                -0.24355775625200898,
                0.6195062313434916,
                -1.4003459173248452e-15,
                6.339951501760054e-17,
                -2.95890276375468e-16,
                -0.9375734293747106,
                0.10160326010571086,
                2.5617681363456414e-16,
                1.3242274542154606e-16
            ],
            [
                -0.0008868634364741851,
                -0.018529860225472795,
                -3.0688311108191634e-15,
                8.760788641632191e-17,
                0.5091146539222644,
                -0.3683252289690984,
                -0.23687784891444977,
                -7.559536615050468e-17,
                6.141827038067404e-16,
                -0.807667325890778,
                0.5204993146497647
            ],
            [
                -7.580918169474791e-17,
                -1.9688468890864042e-17,
                0.4508752933850167,
                0.17726080747916298,
                2.669150985153943e-15,
                4.354830367223347e-17,
                -1.1233181515713494e-16,
                0.11288127469936338,
                1.0416445665420375,
                7.434530193713687e-16,
                -1.9543667515031342e-17
            ],
            [
                -9.025778344174526e-18,
                -7.727915538516816e-18,
                -0.17726080747916328,
                0.4508752933850145,
                -1.0455519181636817e-15,
                -6.972152567227177e-17,
                3.535483584715032e-16,
                1.041644566542039,
                -0.11288127469936263,
                -2.55697402257439e-16,
                -5.056295650332907e-17
            ],
            [
                0.0007097654449689357,
                -0.027528178420638615,
                -2.4220234427264745e-15,
                -1.2130693363520095e-16,
                0.39583276802758177,
                -0.44095019169615085,
                0.19856110805269872,
                9.662232173391547e-17,
                -7.109518832888409e-16,
                0.9177783660706549,
                -0.7126075053028381
            ]
        ],
        [
            [
                0.00019431241996522257,
                0.04200480369494493,
                -4.973032601241753e-18,
                6.389441954141264e-16,
                -0.23040616477813625,
                -0.24356942488158254,
                1.246448033913139,
                2.669872878659359e-16,
                -1.3875023028703948e-16,
                0.3047840970315954,
                -0.278832658402473
            ],
            [
                0.000819107221449293,
                0.013123949775255824,
                -1.030337266343032e-18,
                7.489161770250222e-16,
                -0.26363397089525326,
                -0.885388604368092,
                -1.2147195207382238,
                -2.505241725465476e-16,
                4.717002478812185e-17,
                -0.11195522878399436,
                -0.2874174800917294
            ],
            [
                0.9955806125229076,
                -0.23769594384015125,
                -1.3620103523850243e-17,
                1.9413402257227305e-16,
                -0.03259241561395365,
                -0.04052940135369938,
                -0.0020125667395711894,
                4.507102405560645e-17,
                1.4143597284834724e-17,
                0.06555196624143064,
                0.09712184166609467
            ],
            [
                0.02060424725714126,
                0.5167806440670041,
                1.0519091088439343e-16,
                -2.3889923980791876e-16,
                0.08587400031673846,
                0.06394616115973686,
                -0.06413889897812057,
                -5.101428265707397e-16,
                -1.3787163795339094e-17,
                -0.7678257722584395,
                -1.324941752584709
            ],
