{
    "dist": 1.325,
    "thetas": [
        -0.056784993922660565,
        1.5911842628401223,
        2.728305721859358,
        2.8837385028787432,
        -2.1477625946102386,
        -2.0986974907536826,
        -1.308909074574009,
        -1.5691489511639578,
        -1.8493797504998024,
        -2.4215032714249807,
        -2.6488184893990607,
        -0.5580480557362817,
        0.3159365582514617,
        -1.9976496835134472,
        -3.1278068030376294,
        -2.0778811943265163,
        -2.21886710169794,
        2.788801461577231,
        0.524161380762699,
        -0.5156381060402917,
        2.9628146148000987,
        -1.0340249760717626,
        0.06303165428460211,
        -0.39537330509245106,
        0.13648006206794872,
        2.0956074340357036,
        -0.49270271999243453,
        -2.580400886513673,
        0.5528710069747036,
        -2.1496237489294936,
        -1.2268216978598252,
        0.42543971194492114,
        1.3054065778213815,
        2.32934393294354,
        2.7029814988600966,
        -1.943340834947688,
        2.756999815558255,
        0.44675721779021194,
        3.0323044464058295,
        -1.5496211951749024
    ],
    "oo": false,
    "mo": [
        [
            [
                0.00023370932498116727,
                0.04703729402832438,
                -0.23543364107543086,
                -2.3609383821128594e-15,
                7.184296657640465e-14,
                -0.2337989651026391,
                1.24295683868446,
                -4.126746802661606e-16,
                -2.607502941408874e-16,
                0.31022427302874306,
                -0.32127846262489684
            ],
            [
                0.0008673465156876806,
                0.011856917873239423,
                -0.24932064165501874,
                -2.487185728601379e-15,
                7.632639413076144e-14,
                -0.922678903658864,
                -1.2012205132535385,
                3.6339417826662184e-16,
                2.3269151483380857e-16,
                -0.11837310178763286,
                -0.2946507536958969
            ],
            [
                0.9955776431375657,
                -0.23728946417119126,
                -0.03491466542385442,
                -3.532828803508722e-16,
                1.0529853674286888e-14,
                -0.04311151609241229,
                0.0010155218290865428,
                2.1751408030844574e-17,
                2.2970580416369086e-18,
                0.06800979125465631,
                0.09454709180737088
            ],
            [
                0.020651662046156403,
                0.5151940007183531,
                0.0906931645504227,
                8.326858894973044e-16,
                -2.748169888392391e-14,
                0.0665416858736575,
                -0.07500041980666902,
                -2.3468775154704664e-16,
                -2.5797640746052346e-17,
                -0.7914676226344733,
                -1.3176667351006848
            ],
            [
                -0.004657181066894314,
                0.5608349960180513,
                0.12390578017413732,
                1.382085427265367e-15,
                -3.806862474624171e-14,
                0.3421844469505181,
                0.3198106811699304,
                1.6265032421140946e-16,
                -1.0938467276233562e-17,
                0.7712311229352046,
                1.4369916398939038
            ],
            [
                6.290828896640436e-17,
                1.5297833637088316e-17,
                1.96595304781052e-13,
                -0.1892874121961259,
                0.6376145235519026,
                -3.255985817303065e-17,
                3.1640046955518494e-16,
                0.9287967309083259,
                0.16562046018312943,
                -5.820742090342479e-17,
                -1.0919699983974054e-16
            ],
            [
                1.5793900802042432e-17,
                -3.7465445638027004e-17,
                5.127224103163891e-14,
                0.637614523551902,
                0.18928741219612596,
                6.595888696613435e-17,
                8.477513382038224e-17,
                -0.16562046018312937,
                0.9287967309083267,
                3.733093980180347e-16,
                4.6279935031717536e-17
            ],
            [
                -0.0009440078974647606,
                -0.022023995790303105,
                0.5117642061732998,
                5.256681667991927e-15,
                -1.5620031976522538e-13,
                -0.3639739908864825,
                0.25504684817436113,
                -3.188112214336513e-17,
                9.564640374836708e-17,
                -0.7955699989155482,
                0.5341123157355478
            ],
            [
                5.2640389517852844e-17,
                2.1895042120041356e-17,
                1.4335787879344591e-13,
                -0.13804853379720142,
                0.4650163953477238,
                -1.2267446642972535e-17,
                -3.429527173230473e-16,
                -1.0311963823254626,
                -0.18388008236516798,
                3.439713748505249e-17,
                1.6778985691224275e-16
            ],
            [
                1.571694793119639e-17,
                -1.169180339209354e-17,
                3.737573399652081e-14,
                0.4650163953477244,
                0.13804853379720142,
                5.99519680995192e-17,
                -1.2179712078420138e-16,
                0.18388008236516717,
                -1.0311963823254624,
                -1.6805012139885196e-16,
                2.4095751673914613e-17
            ],
            [
                0.0007758419841485247,
                -0.030305120517013055,
                0.39449160993037946,
                4.086819863252385e-15,
                -1.2024142079021913e-13,
                -0.44836171979536943,
                -0.17498430321150651,
                1.9470633552631743e-17,
                -1.1477089551918407e-16,
                0.914477065921292,
                -0.7540148460145203
            ]
        ],
        [
            [
                0.0002337091537095753,
                0.047037414008060364,
                -0.23543482089204232,
                5.831167532801793e-16,
                -2.282704035758488e-14,
                -0.2337986881735504,
                -1.242956825764182,
                -2.5918426535985184e-16,
                2.192149566581069e-16,
                0.31022367079791474,
                -0.32127841350481484
            ],
            [
                0.000867346072508576,
                0.011857028860231772,
                -0.24932241679557043,
                6.360109347176213e-16,
                -2.4271116773009223e-14,
                -0.9226780575203589,
                1.2012207971507205,
                2.8365408090871825e-16,
                -1.169894621013094e-16,
                -0.11837305685134566,
                -0.29465075747506586
            ],
            [
                0.9955776457316867,
                -0.23728942117377974,
                -0.034914808887749525,
                9.03528649276568e-17,
                -3.211657838606803e-15,
                -0.043111466786966264,
                -0.0010155090377759165,
                -7.000134584340938e-17,
                5.4013034819906775e-17,
                0.0680098715762983,
                0.09454708426762974
            ],
            [
                0.02065165002676315,
                0.5151936934269614,
                0.09069339177299902,
                -3.949421232791961e-16,
                8.727855606064566e-15,
                0.06654151383068493,
                0.07500039799207012,
                9.354082315643744e-16,
                -7.424398550380578e-16,
                -0.7914684619360883,
                -1.3176663455931907
            ],
