{
    "dist": 0.8,
    "thetas": [
        1.7448557058857794,
        -1.649077150016919,
        2.0375021118516665,
        2.926388517974451,
        2.9694403750439315,
        -0.2924870046656962,
        0.6851339998803385,
        1.7311841483035746,
        0.8897828870907407,
        1.394981677626908
    ],
    "oo": false,
    "mo": [
        [
            [
                0.3172928504998362,
                -0.13421349535749053,
                -0.7924175374860738,
                -1.0780217086293342
            ],
            [
                0.28655772102715826,
                -1.5741350888620758,
                0.6898830311482386,
                1.3070869833715686
            ],
            [
                0.3172928504998365,
                0.13421349535748892,
                -0.7924175374860761,
                1.0780217086293327
            ],
            [
                0.28655772102715926,
                1.5741350888620766,
                0.6898830311482387,
                -1.3070869833715675
            ]
        ],
        [
            [
                0.3172928618685467,
                -0.13421349902006077,
                -0.7924175329339136,
                -1.0780217081733463
            ],
            [
                0.2865577111294982,
                -1.5741350844212576,
                0.6898830352594439,
                1.3070869887196817
            ],
            [
                0.31729286186854616,
                0.1342134990200588,
                -0.7924175329339178,
                1.0780217081733428
            ],
            [
                0.2865577111294973,
                1.5741350844212598,
                0.6898830352594444,
                -1.307086988719678
            ]
        ]
    ],
    "uhf_energy": -1.1237129360075522,
    "ump2_energy": -1.1324614734243834,
    "ump2_no_energy": -1.1324614734243839,
    "iterations": 55,
    "final_energy": -1.797642,
    "iter_energies": [
        -1.7851609290880717,
        -1.7855184401221404,
        -1.7855345423501647,
        -1.7856692210969982,
        -1.787030049561831,
        -1.787649831275048,
        -1.7884864228794575,
        -1.7899717817455592,
        -1.792493640766093,
        -1.795857541922063,
        -1.7966581251055826,
        -1.7967806044250803,
        -1.7969062070665474,
        -1.797086808349751,
        -1.7973316010576579,
        -1.7975378882584174,
        -1.7976051786175404,
        -1.797609776671962,
        -1.7976126838673936,
        -1.797617718244501,
        -1.797625980954465,
        -1.797635892764649,
        -1.7976384148059565,
        -1.797639335087089,
        -1.7976393566236015,
        -1.7976393570019071,
        -1.7976393570982747,
        -1.7976393578768999,
        -1.797639359220308,
        -1.7976393616498738,
        -1.7976393661320333,
        -1.7976393744372776,
        -1.7976393897534166,
        -1.7976394177153547,
        -1.7976394683229318,
        -1.7976395608699014,
        -1.7976403775834982,
        -1.7976404961919523,
        -1.7976407185702767,
        -1.7976411016719196,
        -1.7976414985479068,
        -1.797641502062538,
        -1.7976415299985324,
        -1.7976415706632425,
        -1.7976416243459765,
        -1.7976417115447376,
        -1.797641843741285,
        -1.7976419617727086,
        -1.7976420257120562,
        -1.7976420476257946,
        -1.7976420712357708,
        -1.797642072157697,
        -1.7976420725408035,
        -1.7976420726100877,
        -1.7976420726141673
    ],
    "function_evaluations": 65,
    "gradient_evaluations": 65
}