{
    "dist": 1.4,
    "thetas": [
        1.0607592975211642,
        -0.9380084697972517,
        2.4699562004424855,
        -1.3946453069212887,
        -2.811806829505575,
        2.6256889639960885,
        -0.17491097986209603,
        -3.1023400166459405,
        -0.07535832863870562,
        2.1433622426575356
    ],
    "oo": false,
    "mo": [
        [
            [
                0.24450543677123743,
                -0.2091958873291891,
                0.9219052129537018,
                0.9335746389695302
            ],
            [
                0.4026190795928159,
                -0.8580550996440389,
                -1.084139365626114,
                -0.6910596824458071
            ],
            [
                0.24450543677123726,
                0.20919588732918984,
                -0.9219052129537749,
                0.9335746389694569
            ],
            [
                0.40261907959281357,
                0.8580550996440393,
                1.0841393656261684,
                -0.691059682445721
            ]
        ],
        [
            [
                0.24450543681818676,
                0.20919588735842903,
                0.9219052129470451,
                0.9335746389572559
            ],
            [
                0.40261907955806076,
                0.8580550996096548,
                -1.0841393656533125,
                -0.6910596824660808
            ],
            [
                0.2445054368181879,
                -0.20919588735842903,
                -0.9219052129471621,
                0.9335746389571383
            ],
            [
                0.40261907955806137,
                -0.8580550996096534,
                1.084139365653399,
                -0.6910596824659435
            ]
        ]
    ],
    "iterations": 20,
    "final_energy": -1.44237,
    "iter_energies": [
        -1.0814778190570364,
        -1.0995963832534459,
        -1.1340655013183556,
        -1.3430579920385344,
        -1.370322889489808,
        -1.4087907121906855,
        -1.4249931321950076,
        -1.4340388346235207,
        -1.4404824408181223,
        -1.4418765324289557,
        -1.4422745413281157,
        -1.442347246181311,
        -1.4423658605449479,
        -1.4423695752631887,
        -1.4423698011719688,
        -1.4423699640645158,
        -1.4423699785784618,
        -1.4423699797050855,
        -1.44236997979668,
        -1.4423699798226164
    ],
    "function_evaluations": 22,
    "gradient_evaluations": 22
}