{
    "dist": 1.6,
    "thetas": [
        0.9725849013986938,
        3.0287421515471404,
        -0.6289173301713022,
        2.16237457127599,
        -0.22718521280628412,
        0.2817572965695807,
        0.7507014191504124,
        -1.056600618389329,
        3.0221833115836887,
        -1.5016108035144697,
        2.7646484878048208,
        -2.8589964351740242,
        -0.5016555425818261,
        2.0733586813341685,
        0.5071355655896048,
        -2.4133419417808275,
        -2.4599761845258357,
        2.4611239750855427,
        -0.34992760330396155,
        0.24580324287761357,
        0.5581641695536286,
        0.24721344885994823,
        -2.6389742316536102,
        -0.9006083675731262,
        -1.1873121949029048,
        2.2458890663324613,
        2.055962515189252,
        -0.019834208791557284,
        1.9019236771753105,
        -0.12214653947925536,
        -1.9160646725362525,
        2.1694379634766676,
        -1.2133649235615256,
        -1.4492425834009157,
        2.2046696769441416,
        -0.22458344705123823,
        0.5066684200980132,
        2.926807060814026,
        -1.3461152645169567,
        2.3256045348177192
    ],
    "oo": false,
    "mo": [
        [
            [
                2.1144233073323407e-05,
                0.026322124186097574,
                -6.4544618190875664e-18,
                -2.4412415723333366e-16,
                -0.21251559476809617,
                0.27431173988442353,
                1.276923822009065,
                -6.10265383817194e-17,
                1.6390458209188042e-16,
                0.24304442569791604,
                -0.057721097849421074
            ],
            [
                0.000680792747359323,
                0.015571857376252399,
                7.432891874987631e-18,
                -2.9966070317710855e-16,
                -0.31620763096870197,
                0.7602452176488187,
                -1.2293586077985608,
                5.740214586624329e-17,
                -1.3154418619152803e-16,
                -0.021595501091361227,
                -0.31124006887372485
            ],
            [
                0.9955883826824456,
                -0.23892064927548393,
                -8.85968302661565e-18,
                1.2538431787036641e-16,
                -0.024059186583469817,
                0.030167436610774867,
                -0.013053274860569973,
                -5.363386918794929e-17,
                7.251355035291696e-17,
                0.04518739201317034,
                0.11012242930385888
            ],
            [
                0.020463987680793966,
                0.5220024185600091,
                8.195130514862918e-17,
                -2.6221924213144067e-17,
                0.06706217954696815,
                -0.052304227514243726,
                -0.00168270252430949,
                7.467891540505409e-16,
                -8.735272749673011e-16,
                -0.5305491240799197,
                -1.4173470830985646
            ],
            [
                -0.004349117074627674,
                0.5620623709236288,
                -4.9518143797006603e-17,
                2.548214313801124e-16,
                0.08154612229022912,
                -0.19355428452346488,
                0.2323249992716636,
                -7.910864280162873e-16,
                8.624774776377214e-16,
                0.5096586399214841,
                1.4635438865525876
            ],
            [
                -1.1808067591899792e-16,
                -1.456174003678836e-17,
                0.1889903482870548,
                0.6401909199026488,
                -8.409561541576818e-16,
                -7.329927837554338e-17,
                -3.1957937307292184e-17,
                -0.9412223849474519,
                -0.031845967403432394,
                -4.2933221301212077e-16,
                -3.333224032710234e-16
            ],
            [
                3.0472006808552226e-17,
                -2.0805078804323105e-17,
                0.6401909199026476,
                -0.1889903482870549,
                1.6997233022367422e-16,
                -1.2182364747913237e-17,
                9.220749439109317e-19,
                0.03184596740343264,
                -0.9412223849474526,
                6.880320232937979e-16,
                3.7968153458081826e-16
            ],
            [
                -0.000667956976890964,
                -0.008152984246251943,
                1.022777669806292e-16,
                6.704365911967975e-16,
                0.5014014091086402,
                0.37780469700902813,
                0.14690749120836438,
                2.8984510647744015e-16,
                -5.118420869022111e-16,
                -0.8963126537933789,
                0.3749947681585267
            ],
            [
                -8.160294585146875e-17,
                -7.706282190873955e-18,
                0.13658801651061867,
                0.46268187095351504,
                -6.320438536055704e-16,
                -7.760331950920354e-17,
                -6.869164504815752e-18,
                1.0480873896190934,
                0.03546171168423881,
                4.3035628734729707e-16,
                3.610688406773455e-16
            ],
            [
                2.365140601240003e-17,
                2.0887614698329917e-18,
                0.46268187095351576,
                -0.1365880165106188,
                1.2699231463169467e-16,
                -7.94605961861081e-18,
                -1.0961732262386245e-17,
                -0.03546171168423904,
                1.0480873896190932,
                -7.535652277118199e-16,
                -3.5940754862475803e-16
            ],
            [
                0.0004832190909018905,
                -0.01743431931929706,
                4.3963064516270474e-17,
                6.756974557896276e-16,
                0.3998585473973868,
                0.4063789546787809,
                -0.23263455348295833,
                -3.6928830911484964e-16,
                5.395867628315401e-16,
                0.9887513417293216,
                -0.4805597115233595
            ]
        ],
        [
            [
                2.1144098462694286e-05,
                0.026321948427288043,
                -2.7547134352694675e-17,
                -2.7280790006462844e-16,
                -0.21251341231788934,
                0.2743122527233807,
                1.2769239874025389,
                -1.7419483829843843e-16,
                1.2860028145107304e-16,
                0.24304498460268514,
                -0.05772076377741729
            ],
            [
                0.000680793330057991,
                0.015571656719246606,
                -2.394873872047019e-17,
                -6.294660804098496e-16,
                -0.316204194674257,
                0.760247445955802,
                -1.229358110963814,
                1.0208722764853432e-16,
                -1.0244246921779806e-16,
                -0.021595051741999906,
                -0.311240120699861
            ],
            [
                0.9955883788773434,
                -0.23892070992594075,
                -1.6494159068096482e-17,
                1.619646041633167e-18,
                -0.02405907479791189,
                0.0301674446565037,
                -0.013053265783624136,
                -1.519550724391272e-17,
                4.896339319802345e-17,
                0.04518717675038738,
                0.110122443742658
            ],
            [
                0.020464004957211318,
                0.522002910987186,
                2.290579312858786e-16,
                -2.5537997282004346e-16,
                0.06706181079355061,
                -0.05230450555376927,
                -0.0016827223890495274,
                1.9009191224604454e-17,
                -6.011164026286806e-16,
                -0.5305462414517443,
                -1.4173479876918673
