{
    "dist": 2.9,
    "thetas": [
        2.3463261368903874,
        2.9439278084526643,
        2.319717710563025,
        0.1938720278250048,
        -1.6793174426784083,
        -3.0699718540344296,
        -0.4368772992954577,
        -0.6135444998792989,
        0.1424691618875915,
        -0.1357683511288812
    ],
    "oo": false,
    "mo": [
        [
            [
                0.2172357486046687,
                0.23688792781327178,
                -0.8976359267298972,
                0.9299557552636788
            ],
            [
                0.524726132194761,
                0.5500587257303364,
                0.712813080110076,
                -0.8414453355337723
            ],
            [
                0.21723574860468606,
                -0.23688792781326284,
                -0.8976359267299334,
                -0.9299557552636403
            ],
            [
                0.5247261321947907,
                -0.5500587257303017,
                0.7128130801101127,
                0.8414453355337441
            ]
        ],
        [
            [
                0.21723575864359035,
                -0.23688793474558278,
                -0.8976359243004175,
                -0.9299557534977816
            ],
            [
                0.5247261242228913,
                -0.5500587194577812,
                0.7128130859784885,
                0.8414453396341465
            ],
            [
                0.2172357586435754,
                0.2368879347455916,
                -0.8976359243004067,
                0.9299557534977931
            ],
            [
                0.5247261242228626,
                0.5500587194578124,
                0.712813085978476,
                -0.8414453396341539
            ]
        ]
    ],
    "uhf_energy": -0.8226275846482152,
    "ump2_energy": -0.9122094747684272,
    "ump2_no_energy": -0.9122094747684272,
    "iterations": 177,
    "final_energy": -1.172745,
    "iter_energies": [
        -0.664624268130209,
        -0.8903950751983755,
        -1.0171663479951685,
        -1.1560124247512913,
        -1.1645383928095745,
        -1.1684678100290682,
        -1.1687117035385808,
        -1.1688222376182418,
        -1.1690310178113177,
        -1.1694294274587962,
        -1.1701338717840213,
        -1.170797683442464,
        -1.1712708192041148,
        -1.1718720274729746,
        -1.1719972191549206,
        -1.1720228689592131,
        -1.1720248663648336,
        -1.172025126740971,
        -1.1720254055610044,
        -1.1720254283080371,
        -1.1720254302306912,
        -1.1720254311381582,
        -1.1720254328486166,
        -1.172025436115077,
        -1.172025442348469,
        -1.1720254541341741,
        -1.1720254760190594,
        -1.1720255154744574,
        -1.172025583569402,
        -1.1720256953758383,
        -1.1720258765092046,
        -1.1720261850884424,
        -1.1720267387848622,
        -1.1720277650297148,
        -1.1720354159497668,
        -1.1720380155824368,
        -1.1720426735179643,
        -1.1720511224460655,
        -1.1720660084569496,
        -1.1720892763959145,
        -1.1720994189631113,
        -1.1721136215238759,
        -1.1721310173278876,
        -1.1721638524551794,
        -1.172224166508253,
        -1.1722972115490795,
        -1.1723165703804281,
        -1.1723521720300196,
        -1.1724114341747056,
        -1.1724702218023464,
        -1.172481662219147,
        -1.1725009485199864,
        -1.1725268612955455,
        -1.1725705798722708,
        -1.172619517658212,
        -1.1726277371774012,
        -1.1726332469931375,
        -1.1726431919706723,
        -1.1726596527857998,
        -1.1726729408854308,
        -1.1726793797817185,
        -1.1726890590284014,
        -1.1726938320988638,
        -1.1726986657456848,
        -1.1727037168203598,
        -1.1727109301084524,
        -1.172713882729232,
        -1.1727176037243143,
        -1.1727196513793274,
        -1.172722111523263,
        -1.172723188838514,
        -1.1727248090665794,
        -1.172726503206215,
        -1.1727280461586707,
        -1.1727296726182306,
        -1.17273063964381,
        -1.172731491869458,
        -1.1727321820423493,
        -1.1727326159596219,
        -1.1727332810844222,
        -1.1727341840706949,
        -1.1727349887504384,
        -1.1727355027794482,
        -1.1727361838422692,
        -1.1727364756620433,
        -1.1727369454129382,
        -1.1727376099566515,
        -1.1727378360845777,
        -1.172738170687651,
        -1.1727386780613074,
        -1.1727390551801982,
        -1.172739582965917,
        -1.1727397721999613,
        -1.1727400470782359,
        -1.1727404450423564,
        -1.1727406026502716,
        -1.1727408321863841,
        -1.1727411631277818,
        -1.1727413008995422,
        -1.1727414978566304,
        -1.172741772850003,
        -1.1727418935031542,
        -1.1727420425413762,
        -1.1727422271695735,
        -1.1727423706777231,
        -1.1727424802155573,
        -1.172742601331425,
        -1.1727427205181138,
        -1.172742855794957,
        -1.1727429859046061,
        -1.1727430803524674,
        -1.1727432127879487,
        -1.1727433668021312,
        -1.1727434692459169,
        -1.17274360628595,
        -1.1727436783238336,
        -1.17274377073997,
        -1.1727438560011592,
        -1.1727439274769813,
        -1.1727439689184382,
        -1.172744024951768,
        -1.172744082233733,
        -1.1727441774958942,
        -1.1727442194359965,
        -1.1727442763792655,
        -1.1727443442993655,
        -1.1727443892257208,
        -1.1727444457108707,
        -1.172744497377848,
        -1.1727445489564043,
        -1.1727445862442993,
        -1.1727446283232417,
        -1.1727446555619885,
        -1.172744699493087,
        -1.1727447591939106,
        -1.1727447770627855,
        -1.1727448029837104,
        -1.172744843616389,
        -1.1727448887508136,
        -1.172744901002226,
        -1.1727449218562114,
        -1.1727449552117504,
        -1.1727449747274097,
        -1.1727450055094788,
        -1.1727450348845396,
        -1.1727450692560168,
        -1.172745085383444,
        -1.1727450917367221,
        -1.172745102211,
        -1.172745119207375,
        -1.1727451340431687,
        -1.172745154273507,
        -1.172745163937799,
        -1.1727451746309243,
        -1.1727451889932865,
        -1.1727451963716422,
        -1.1727452024368785,
        -1.1727452115890038,
        -1.1727452184775609,
        -1.1727452261150602,
        -1.172745229522659,
        -1.1727452320799816,
        -1.172745235672765,
        -1.1727452399089435,
        -1.17274524161499,
        -1.172745243747654,
        -1.172745246297681,
        -1.1727452476979927,
        -1.172745249506632,
        -1.1727452504220064,
        -1.172745251061255,
        -1.1727452515210495,
        -1.1727452518024175,
        -1.172745251949781,
        -1.1727452519959487,
        -1.1727452520106463,
        -1.172745252013525
    ],
    "function_evaluations": 208,
    "gradient_evaluations": 208
}