{
    "dist": 2.0,
    "thetas": [
        0.294613256958542,
        1.8717547535460444,
        2.0131443841702277,
        -2.3747307235790482,
        0.6408975103747956,
        0.1603128553151607,
        -0.2267701743268664,
        -0.1794116790893332,
        0.8338593844408817,
        2.6745250395828872,
        1.982363284615495,
        2.792509888472135,
        2.6363311996993595,
        -0.5351338889914508,
        2.0471369344465034,
        2.803935021872041,
        0.8045370803309129,
        -1.556534800769932,
        0.5802578357350745,
        2.2644839303848023,
        -2.8371570470623593,
        2.2292650194782846,
        1.3836454793888402,
        -1.2819367038142457,
        -0.09169383958187582,
        2.1631467507044597,
        0.6439708501900405,
        -2.1542163484495758,
        0.16400525666869292,
        -1.962884432298467,
        1.0709501151623249,
        0.30630008724336744,
        -2.1587397116031073,
        2.717454011962359,
        0.2698832560893676,
        0.9585453434528839,
        1.076608259682457,
        2.003991946138771,
        -3.0564006241564026,
        2.1855732178661036
    ],
    "oo": false,
    "mo": [
        [
            [
                -0.0001590634788934001,
                0.012663638927062152,
                -1.2695363754600768e-16,
                -2.504898664589868e-17,
                -0.1928102488481747,
                0.3008954241177031,
                1.2895714401144878,
                -2.59729601131874e-16,
                6.861724583906867e-17,
                -0.026659935753617615,
                0.17923916575358861
            ],
            [
                0.000521708016008004,
                0.0147216427713465,
                -2.0775900074547538e-16,
                -5.978658764111823e-18,
                -0.374637835373027,
                0.6493256794496457,
                -1.1561078980721222,
                5.229558589939847e-16,
                -2.1297725637718998e-16,
                0.18103476691375767,
                -0.339275482847448
            ],
            [
                0.9955899516040726,
                -0.23981052673211295,
                1.4155043514393834e-16,
                6.518840016930888e-18,
                -0.014335474713642181,
                0.017287055544780203,
                -0.02192423572953376,
                -8.066005931544996e-17,
                1.144367011339363e-17,
                0.026406401484681805,
                0.11702511648542435
            ],
            [
                0.020370700382784674,
                0.5260448536326281,
                2.047051666109063e-16,
                7.497542243553249e-18,
                0.04381529573089516,
                -0.03429435331032186,
                0.10507549926339274,
                1.1827838819323696e-15,
                -1.410117603985123e-16,
                -0.2970386562738706,
                -1.4630660461637113
            ],
            [
                -0.004163853682030004,
                0.5626447184387794,
                -3.379116850828693e-16,
                2.580372573248463e-17,
                0.03957666172632633,
                -0.08417036487904969,
                0.03859946410861479,
                -1.1052693584786242e-15,
                1.5726035194613913e-16,
                0.2673879591864053,
                1.4685355750659563
            ],
            [
                8.951821114758582e-17,
                -3.146478478541281e-17,
                0.6545516922926385,
                -0.1362596834448978,
                -5.173662861261015e-16,
                -4.605393605919142e-17,
                -2.0520608690447282e-17,
                -0.9383521783254485,
                0.07047041545014986,
                6.055340445258795e-16,
                -9.775688892554423e-16
            ],
            [
                2.458013444643719e-17,
                -3.0030979476903465e-18,
                0.13625968344489753,
                0.6545516922926382,
                -1.2394749934360396e-16,
                4.184339042950949e-18,
                3.8889086837085084e-18,
                -0.0704704154501499,
                -0.9383521783254491,
                -5.357293220949263e-16,
                2.0887087078135694e-16
            ],
            [
                -0.0004129801538814432,
                -0.001217643457518248,
                4.291894405069273e-16,
                -7.579112301496711e-17,
                0.4984914148729506,
                0.3762474553518448,
                -0.032217266309119266,
                -6.810560886305916e-16,
                6.966216005498033e-16,
                -0.9538702059649528,
                0.21352083885214285
            ],
            [
                1.464836554162978e-17,
                -5.162783639305887e-18,
                0.4711185903725147,
                -0.09807395007156294,
                -4.3987552911747964e-16,
                -1.2558831357049366e-16,
                5.987842667249351e-17,
                1.0462934417098646,
                -0.07857682352444931,
                -5.984779532143984e-16,
                1.0468866340869021e-15
            ],
            [
                1.2461403321725307e-17,
                -1.6364687407024618e-18,
                0.098073950071563,
                0.4711185903725154,
                -8.472183112375759e-17,
                6.4488323483979495e-18,
                -1.776905434769256e-20,
                0.0785768235244492,
                1.046293441709865,
                6.385894620501843e-16,
                -1.588894976024295e-16
            ],
            [
                0.0002632092878969886,
                -0.007987423364250797,
                3.1874655774233864e-16,
                7.75273578022658e-17,
                0.40885681095550136,
                0.35737763154425267,
                -0.10841121251359084,
                9.515568325095955e-16,
                -7.821199260691055e-16,
                1.0398786714295332,
                -0.2688795070866414
            ]
        ],
        [
            [
                -0.0001590635161639156,
                0.012663688993389419,
                2.3974892410117193e-17,
                -2.1232152303785995e-16,
                -0.1928101613200722,
                0.3008953603390027,
                1.2895714781889498,
                5.210610904049312e-17,
                -1.8544834850222145e-17,
                -0.026659392141840967,
                0.17923917036065531
            ],
            [
                0.0005217080251285558,
                0.014721776036377384,
                6.619474592314478e-17,
                -4.156628206690538e-16,
                -0.3746379559006697,
                0.6493257120017992,
                -1.1561078766806487,
                -1.6246385210586626e-16,
                -1.4882398174803465e-16,
                0.1810338294967942,
                -0.3392758547645024
            ],
            [
                0.9955899521174635,
                -0.2398105092367482,
                -1.0652405483955797e-17,
                -2.9086549800545666e-17,
                -0.014335316920790226,
                0.017287214903641285,
                -0.02192424157004769,
                9.744943011538177e-18,
                -8.11501870660373e-17,
                0.026406618558571453,
                0.11702509368175303
            ],
            [
                0.02037069791784684,
                0.5260446813674324,
                5.3608621165094555e-17,
                -1.7576144316237152e-17,
                0.0438153619175752,
                -0.034294421291008924,
                0.10507546600574783,
                -1.435401528874232e-16,
                5.685400962829626e-16,
                -0.2970421620151629,
                -1.4630653951921369
            ],
            [
