{
    "dist": 1.8,
    "thetas": [
        0.10303561663791783,
        0.4440175435037328,
        -2.9626838121493106,
        -2.0638903033331175,
        1.1641296091591355,
        2.0979358614283568,
        -1.2128670123447274,
        2.47314391898043,
        1.392001137158437,
        -1.9481710072691576
    ],
    "oo": false,
    "mo": [
        [
            [
                0.22569966915708484,
                0.22795460790685032,
                -0.9280875680259615,
                0.922185878815152
            ],
            [
                0.4518653445448626,
                0.6884986481484261,
                1.0029890104869572,
                -0.6735596157631653
            ],
            [
                0.2256996691570866,
                -0.22795460790684993,
                0.9280875680259684,
                0.9221858788151437
            ],
            [
                0.4518653445448663,
                -0.6884986481484231,
                -1.0029890104869625,
                -0.6735596157631567
            ]
        ],
        [
            [
                0.2256996717263159,
                -0.22795460962560307,
                0.9280875676038585,
                0.9221858781862944
            ],
            [
                0.45186534266831524,
                -0.6884986462909577,
                -1.0029890117620472,
                -0.6735596170220143
            ],
            [
                0.2256996717263138,
                0.2279546096256039,
                -0.9280875676037601,
                0.9221858781863929
            ],
            [
                0.45186534266831163,
                0.6884986462909611,
                1.002989011761975,
                -0.67355961702212
            ]
        ]
    ],
    "uhf_energy": -0.9460522014009195,
    "ump2_energy": -0.9827913641937577,
    "ump2_no_energy": -0.9827913641937573,
    "iterations": 19,
    "final_energy": -1.316153,
    "iter_energies": [
        -1.2191292452961588,
        -1.2344844833903834,
        -1.2465696544332185,
        -1.25493556724452,
        -1.261794341546255,
        -1.2740267705585648,
        -1.2973166280061734,
        -1.3051713300150758,
        -1.3094378358098338,
        -1.3136373495061493,
        -1.3157094444311528,
        -1.3159829655233874,
        -1.3160871443963675,
        -1.3161310493838245,
        -1.3161499530599337,
        -1.3161524965578593,
        -1.3161526402935568,
        -1.3161526433496236,
        -1.3161526433720203
    ],
    "function_evaluations": 22,
    "gradient_evaluations": 22
}