{
    "dist": 0.875,
    "thetas": [
        -2.5287709601213337,
        1.6414803813162866,
        -1.59003560880642,
        -2.2736856643826595,
        -1.0590524771307073,
        -2.620091006236187,
        1.0805638702730578,
        1.9263856478817107,
        3.033156904623949,
        0.8523815356367708,
        -1.784906823715774,
        0.30804844092069095,
        0.2862616587592881,
        -1.6708493100302584,
        -2.4270321077610992,
        -0.0021408882716800193,
        -2.1858672487309487,
        0.2053727011067248,
        -0.709957412307384,
        1.1832958484577194,
        -0.7984222237963152,
        2.803306239164572,
        1.7426911958779803,
        0.6787995457048162,
        0.7240242391939691,
        0.8984175954042657,
        -1.4546610263684288,
        1.5717774374044264,
        -1.339383536813956,
        1.3155485702089766,
        -2.734525337846053,
        1.1929160071994263,
        0.3277801647640688,
        0.33820175022450627,
        -0.9642890583724819,
        -2.057033438959986,
        0.26347053222829064,
        -2.816318163146331,
        2.0455388131817855,
        1.3261728861889042
    ],
    "oo": false,
    "mo": [
        [
            [
                0.00024277259905024744,
                0.14813647166329902,
                -0.30026447717047045,
                -1.7258557472907037e-16,
                -3.267647197229366e-17,
                0.07831836360193746,
                1.4457266221299976,
                -5.8746615320154915e-16,
                5.030439288627941e-17,
                0.4230039458587861,
                -0.488307816200245
            ],
            [
                0.0019228821684172431,
                -0.01723721195922219,
                -0.0942708191121314,
                -2.951037450750392e-17,
                -1.0825779006796514e-16,
                1.409431853149925,
                -0.7524124401326532,
                -1.4897282567395986e-16,
                -6.723258921745712e-17,
                0.0965574890472763,
                -0.7257396571909818
            ],
            [
                0.9954988619407449,
                -0.22936051755651446,
                -0.06538038816857644,
                -4.6456019866282495e-17,
                -3.0060701604066436e-17,
                0.0644955299388065,
                0.03989827833500587,
                -8.347558455668454e-17,
                5.431532944811607e-18,
                0.061050089864678775,
                0.0854244964532832
            ],
            [
                0.021480069081942724,
                0.495320089480186,
                0.14245700748859558,
                3.933123922805616e-17,
                1.713302305034333e-17,
                -0.07978858374453111,
                -0.12943371390354905,
                7.840661328201368e-16,
                -2.4506022848740527e-17,
                -0.5219947684973705,
                -1.542954327663057
            ],
            [
                -0.0059884981134826695,
                0.5183750860754416,
                0.2652975271292131,
                1.8946122333785558e-16,
                1.4770795519008006e-16,
                -0.7777696999195051,
                -0.09875159279479628,
                -4.2228695629085586e-16,
                3.5899123825342255e-17,
                0.2706557672694296,
                2.1226962108277525
            ],
            [
                -6.102933369492167e-17,
                -1.8945310117749168e-17,
                -1.7769925483392961e-16,
                0.36639346887610863,
                0.5493808758907206,
                -1.1265178721329394e-17,
                2.4994866603911428e-17,
                0.07877592063211807,
                -0.943507468299287,
                1.1857384129719796e-16,
                9.478676316138749e-17
            ],
            [
                -5.975379049305893e-17,
                9.733081931313847e-19,
                -9.653299627567649e-17,
                0.5493808758907212,
                -0.3663934688761084,
                1.7934189619333478e-17,
                1.3419121074641739e-17,
                -0.9435074682992872,
                -0.07877592063211833,
                -1.4376748424505578e-15,
                -2.8487486237677997e-18
            ],
            [
                -0.0015551083467311706,
                -0.09581020163725831,
                0.5529533263454299,
                1.3501823390225962e-16,
                2.0155470697216718e-17,
                0.24988271823086777,
                0.42491292222856586,
                1.2140319223758167e-15,
                4.43240821738238e-17,
                -0.8362896741298618,
                0.3499579836491048
            ],
            [
                -2.8362923963677044e-17,
                -1.2845821334384701e-17,
                -1.3108696079861503e-16,
                0.272070010706078,
                0.4079495773868295,
                8.186843249658175e-17,
                -7.01330283993629e-17,
                -0.08694749124566184,
                1.0413792270771867,
                -1.1701117055759717e-16,
                -2.4111194636848802e-18
            ],
            [
                1.1626247851039987e-17,
                -3.439046297533423e-18,
                -6.762974940361006e-17,
                0.40794957738682897,
                -0.2720700107060778,
                2.0323239353368792e-17,
                -1.7700149309771095e-17,
                1.0413792270771873,
                0.08694749124566217,
                1.5555965153054478e-15,
                2.6982859539532013e-17
            ],
            [
                0.0014353311941183423,
                -0.04535797825999585,
                0.33896244551106736,
                4.590840316673101e-17,
                7.465052395025563e-17,
                0.4372515518371415,
                0.36393376722212323,
                -1.7455767836924416e-15,
                -3.239312864840242e-17,
                1.2103619848872171,
                -0.9093300311473628
            ]
        ],
        [
            [
                0.00024277254659201415,
                0.1481364594623095,
                -0.3002645719031431,
                -1.6701389119895198e-17,
                5.879062805928186e-17,
                0.07831843641186377,
                1.4457264967860282,
                -4.970889038615324e-16,
                -4.629452832489656e-16,
                0.42300403788889646,
                -0.48830804135368133
            ],
            [
                0.0019228829644287715,
                -0.017237286649959743,
                -0.094270847334159,
                2.4794816427852938e-17,
                -1.9128902095219143e-16,
                1.4094317819410564,
                -0.7524126262494958,
                -4.194500278577279e-17,
                7.798672166254728e-16,
                0.0965572885961649,
                -0.7257396237532718
            ],
            [
                0.9954988603144337,
                -0.22936055682799758,
                -0.06538038066878418,
                1.3691741312607081e-17,
                1.3047203384578458e-16,
                0.06449550347424338,
                0.039898274639208385,
                -5.841503426733973e-17,
                -7.872379970502379e-17,
                0.06105007902890667,
                0.08542444515449599
            ],
            [
                0.021480077276410048,
                0.4953204045366206,
                0.14245712454091947,
                -1.5397468126683805e-16,
                2.6915215023120167e-16,
                -0.07978854058399214,
                -0.12943380373039348,
                6.284609211302952e-16,
                3.0019224929521647e-16,
                -0.5219949690551761,
                -1.5429541424483384
            ],
