{
    "dist": 0.875,
    "thetas": [
        0.08760861272552134,
        1.7163466416595838,
        2.32746579231868,
        -3.091032184819611,
        -1.1954644373498238,
        2.8752090916942024,
        0.08241473380009046,
        -1.141752631729318,
        0.24630047087519147,
        -1.751406850186827,
        1.9256791650342215,
        -0.9911434186133583,
        0.24434584507180768,
        -3.1046865705178597,
        1.0879491068056106,
        -1.8219712953171123,
        2.717839512084492,
        -0.7901435423585768,
        1.5859948625045268,
        1.6533511101416858,
        2.3279167336815005,
        -2.4497437162116813,
        -1.256059131577146,
        -0.15767172267494178,
        1.0865934529393346,
        -1.5230916638223246,
        1.2638710166126836,
        0.9864604662866885,
        -1.9980041845417171,
        -1.1180111890597026,
        2.4349696553066904,
        -2.6178944295162165,
        1.5492080569438746,
        -2.749835741914887,
        1.4544388133711452,
        1.523743782519647,
        -0.5785820079441057,
        3.08745043887678,
        -0.3007302212031986,
        -1.9485505812597712
    ],
    "oo": false,
    "mo": [
        [
            [
                0.00024277259904905676,
                0.1481364716632359,
                -0.3002644771707284,
                -1.318575310415807e-16,
                -2.670005200219994e-16,
                0.07831836360177359,
                1.4457266221300764,
                4.880062369179996e-16,
                -1.3923566793954382e-16,
                0.4230039458583861,
                -0.48830781620024843
            ],
            [
                0.0019228821684176393,
                -0.01723721195914374,
                -0.09427081911278502,
                9.802830054150667e-18,
                -1.3953111174046696e-16,
                1.409431853149888,
                -0.7524124401325631,
                -1.8269446726656e-17,
                1.44452603635417e-16,
                0.09655748904706159,
                -0.7257396571910941
            ],
            [
                0.9954988619407474,
                -0.22936051755651257,
                -0.06538038816856401,
                9.548121291092124e-18,
                -3.664527368397628e-18,
                0.0644955299387991,
                0.03989827833500321,
                7.006167942287655e-17,
                -2.1283378805515294e-17,
                0.06105008986469221,
                0.08542449645327603
            ],
            [
                0.021480069081934772,
                0.4953200894801187,
                0.14245700748860055,
                1.1503892636628978e-17,
                2.258886825191793e-16,
                -0.07978858374455763,
                -0.12943371390347527,
                -6.574425889851847e-16,
                1.7573040419693767e-16,
                -0.521994768497804,
                -1.542954327662937
            ],
            [
                -0.005988498113479772,
                0.5183750860755408,
                0.26529752712944943,
                8.22541917313109e-17,
                1.8745912276324479e-16,
                -0.7777696999193783,
                -0.09875159279494039,
                4.3593239747273754e-16,
                -1.8184813675416675e-16,
                0.2706557672701416,
                2.122696210827648
            ],
            [
                -8.726376276054809e-17,
                -5.999446984921401e-18,
                -4.791581854526066e-16,
                0.2339711976834833,
                0.6175119427863967,
                5.2973140373701206e-17,
                -5.1371222990516415e-17,
                0.5765783781812505,
                -0.7509789359376848,
                -7.260590175729153e-16,
                -9.779305524140137e-17
            ],
            [
                6.037832442699431e-19,
                2.062955188915366e-17,
                4.2618494070873675e-17,
                0.6175119427863968,
                -0.23397119768348307,
                -5.198480035445387e-18,
                -1.3283922413536444e-17,
                -0.7509789359376844,
                -0.5765783781812508,
                9.781055443294107e-16,
                4.7686011975175667e-17
            ],
            [
                -0.0015551083467316526,
                -0.0958102016370512,
                0.5529533263451125,
                9.430956718054206e-17,
                3.177576353582649e-16,
                0.24988271823111755,
                0.4249129222284686,
                -8.782888538088892e-16,
                -4.289993576238085e-18,
                -0.8362896741299288,
                0.34995798364944414
            ],
            [
                -5.878047171763605e-17,
                -1.0219566790190327e-17,
                -3.431693747340738e-16,
                0.1737382122393375,
                0.4585411453989512,
                1.3526225360932941e-17,
                1.1256242741334874e-16,
                -0.6363879099992512,
                0.8288793572217693,
                7.790349340780757e-16,
                1.176197483903013e-16
            ],
            [
                7.499302316328849e-18,
                7.618711238401426e-18,
                3.128801780491553e-17,
                0.45854114539895013,
                -0.1737382122393376,
                -7.280868748112044e-18,
                4.0651190674117044e-17,
                0.8288793572217688,
                0.6363879099992521,
                -8.654095404355681e-16,
                -2.281881501742946e-17
            ],
            [
                0.0014353311941176655,
                -0.04535797825992181,
                0.33896244551094484,
                3.66599733983533e-17,
                1.6258879716338136e-16,
                0.43725155183748354,
                0.3639337672225189,
                1.252926475856947e-15,
                -6.013043521604956e-17,
                1.2103619848867924,
                -0.9093300311476558
            ]
        ],
        [
            [
                0.0002427725465923611,
                0.1481364594621887,
                -0.30026457190309325,
                5.649451861693247e-17,
                3.391763795649843e-17,
                0.07831843641191806,
                1.4457264967858874,
                7.133654366051393e-16,
                2.618163693713066e-16,
                0.4230040378891453,
                -0.488308041353941
            ],
            [
                0.0019228829644292878,
                -0.01723728665005378,
                -0.0942708473340772,
                2.3591567066175267e-16,
                3.5199557832909776e-17,
                1.4094317819409878,
                -0.7524126262496377,
                2.1191527045506552e-16,
                2.6773000955556937e-17,
                0.0965572885957734,
                -0.725739623753319
            ],
            [
                0.9954988603144335,
                -0.22936055682804513,
                -0.06538038066872348,
                5.996249241435123e-17,
                5.570821669041565e-18,
                0.06449550347422633,
                0.039898274639195326,
                1.4400768129489602e-16,
                2.574247271190082e-17,
                0.06105007902891359,
                0.08542444515444136
            ],
            [
                0.021480077276414662,
                0.49532040453691956,
                0.14245712454089865,
                -1.8218830880225594e-16,
                2.6629632433594483e-17,
                -0.07978854058405138,
                -0.12943380373041063,
                -9.917008403522863e-16,
                -1.7201918731764204e-16,
                -0.5219949690555247,
                -1.542954142448124
            ],
            [
