{
    "dist": 1.8,
    "thetas": [
        0.9725849013986938,
        3.0287421515471404,
        -0.6289173301713022,
        2.16237457127599,
        -0.22718521280628412,
        0.2817572965695807,
        0.7507014191504124,
        -1.056600618389329,
        3.0221833115836887,
        -1.5016108035144697,
        2.7646484878048208,
        -2.8589964351740242,
        -0.5016555425818261,
        2.0733586813341685,
        0.5071355655896048,
        -2.4133419417808275,
        -2.4599761845258357,
        2.4611239750855427,
        -0.34992760330396155,
        0.24580324287761357,
        0.5581641695536286,
        0.24721344885994823,
        -2.6389742316536102,
        -0.9006083675731262,
        -1.1873121949029048,
        2.2458890663324613,
        2.055962515189252,
        -0.019834208791557284,
        1.9019236771753105,
        -0.12214653947925536,
        -1.9160646725362525,
        2.1694379634766676,
        -1.2133649235615256,
        -1.4492425834009157,
        2.2046696769441416,
        -0.22458344705123823,
        0.5066684200980132,
        2.926807060814026,
        -1.3461152645169567,
        2.3256045348177192
    ],
    "oo": false,
    "mo": [
        [
            [
                -9.577305140132464e-05,
                0.01812972750579073,
                5.7926243364907655e-18,
                -9.4415024181337e-16,
                -0.2012352425448382,
                0.29061655051741897,
                1.2943413882962387,
                -6.725831779193303e-18,
                2.434647674571901e-16,
                0.10810371710280545,
                0.09745139843041495
            ],
            [
                0.0006020790742869239,
                0.015477115652947434,
                -2.3248236670416186e-17,
                -1.459744516558642e-15,
                -0.34981107111417764,
                0.6919527442515575,
                -1.1998714233226098,
                2.2197551710628846e-17,
                5.124706695386992e-16,
                0.09697342990169218,
                -0.33801081732622806
            ],
            [
                0.9955903987119653,
                -0.23949235391291573,
                9.71745983443659e-18,
                -5.878168903046767e-17,
                -0.018518963689827802,
                0.022913805913089294,
                -0.019362807088697767,
                -1.2414208770068667e-17,
                1.0296757643606924e-17,
                0.030000969436409595,
                0.1157418676381601
            ],
            [
                0.0204032601225442,
                0.5246314854962397,
                -5.1421005409746394e-17,
                2.9853315064412506e-16,
                0.053999082618323896,
                -0.04274659259527803,
                0.06022136079784743,
                1.2734276722555042e-16,
                -3.1058782077346094e-16,
                -0.34338600973724787,
                -1.462537541257725
            ],
            [
                -0.0042367706053406135,
                0.5623306772971186,
                2.4171312702926645e-17,
                3.9223449154270748e-16,
                0.05813835723948242,
                -0.12773149045648832,
                0.12824390796079588,
                -1.1659117249440818e-16,
                1.7661879001365846e-16,
                0.31531913817535645,
                1.4855761687070903
            ],
            [
                -6.564254824131789e-17,
                -1.450291212954772e-16,
                0.02472392774825609,
                0.66787802808404,
                -4.771942354564766e-15,
                -1.0316797963100296e-15,
                -2.406410936446471e-17,
                -0.03852769824826505,
                -0.940382258820559,
                2.757218424093845e-15,
                -5.207327374334629e-16
            ],
            [
                2.27765163433795e-18,
                3.3734723479574305e-17,
                0.6678780280840408,
                -0.02472392774825584,
                1.9364058176840706e-16,
                5.3067459180565737e-17,
                -1.7560418012573387e-19,
                -0.9403822588205579,
                0.03852769824826496,
                -1.2000369344172122e-16,
                2.652417087467331e-18
            ],
            [
                -0.00052309218532753,
                -0.003515786190494582,
                -1.732609133420956e-17,
                4.622007572413962e-15,
                0.49875131353880153,
                0.3785719602683238,
                0.05344649394510635,
                -1.0222585816377607e-17,
                -2.56638941312277e-15,
                -0.9447947383710658,
                0.2527149277689375
            ],
            [
                5.614993555830356e-17,
                -4.4649702044247926e-17,
                0.017812104701144284,
                0.48116599777176705,
                -3.74404305439108e-15,
                -1.0291739011245453e-15,
                -4.8705459405701255e-18,
                0.042946384115317815,
                1.0482333370215466,
                -2.7869082925006454e-15,
                4.132897141259727e-16
            ],
            [
                -2.393929009730865e-18,
                3.3640413977905656e-18,
                0.481165997771766,
                -0.017812104701144187,
                1.504885134673357e-16,
                5.274437626474719e-17,
                -4.037682998346789e-18,
                1.048233337021547,
                -0.042946384115317864,
                1.2063511212344463e-16,
                1.800994325909155e-18
            ],
            [
                0.00035463288125279043,
                -0.011621427931613451,
                -2.693447929069774e-17,
                3.3581981479228014e-15,
                0.40372288094791664,
                0.37925941479879816,
                -0.18497203984733349,
                1.3621177609280846e-17,
                3.1760828461677047e-15,
                1.0329200292191423,
                -0.32388879600956266
            ]
        ],
        [
            [
                -9.577324215140405e-05,
                0.01812964180986632,
                -2.256560964199195e-16,
                1.5821990658048376e-15,
                -0.2012335554306497,
                0.29061699856933554,
                1.2943415351063596,
                -7.912083751295804e-16,
                2.6626814060696745e-17,
                0.10810377412078424,
                0.09745154887806162
            ],
            [
                0.0006020795449110987,
                0.015476998909999963,
                -2.9991803964464203e-16,
                2.4635498752498756e-15,
                -0.3498082372050323,
                0.6919547490192748,
                -1.1998710688427152,
                -8.168390418886599e-16,
                -8.499282978762153e-17,
                0.09697374529200894,
                -0.3380108193217286
            ],
            [
                0.9955903956223066,
                -0.23949240332125926,
                -4.4806810526123233e-17,
                1.9801812041047835e-16,
                -0.0185188727024931,
                0.022913832740851577,
                -0.01936279807085501,
                1.2700323575148543e-17,
                3.342653756372297e-17,
                0.03000085384178826,
                0.11574183269770971
            ],
            [
                0.020403274244424296,
                0.5246319180813087,
                2.1496558708617343e-16,
                -4.92779566589214e-16,
                0.053998872701323655,
                -0.04274678472215579,
                0.060221417233193894,
                9.824937448161148e-16,
                -4.0358501878306237e-16,
                -0.34338458604675587,
                -1.462537719962399
