{
    "dist": 1.8,
    "thetas": [
        0.10303561663791783,
        0.4440175435037328,
        -2.9626838121493106,
        -2.0638903033331175,
        1.1641296091591355,
        2.0979358614283568,
        -1.2128670123447274,
        2.47314391898043,
        1.392001137158437,
        -1.9481710072691576,
        0.34072200379900464,
        -0.9290823338613339,
        -1.9987289817083937,
        1.7944887938507428,
        2.924717343797493,
        -1.6816715396059143,
        -2.6165606813494104,
        0.6506139255218115,
        1.4388039280401017,
        -1.40593290510329,
        1.1643140023190055,
        0.11226465135129837,
        -2.836955320406834,
        -2.275334685827516,
        -1.966841668758823,
        3.1058909736072735,
        0.129844516818022,
        0.495049251658644,
        1.475411656763927,
        0.2636535907361983,
        2.5959203631973624,
        1.934719368471801,
        -0.609482604949342,
        -0.8970859114113354,
        2.84550831983512,
        -0.9824917722923239,
        2.293989801545284,
        2.0751960685763695,
        0.2397754572129318,
        2.6544533544477575
    ],
    "oo": false,
    "mo": [
        [
            [
                -9.577305140134773e-05,
                0.018129727505791036,
                5.0258279895197695e-18,
                -3.7964491159062355e-17,
                -0.2012352425448381,
                0.29061655051741864,
                1.2943413882962382,
                3.991858974080245e-17,
                -2.877602613454354e-18,
                0.10810371710280273,
                0.09745139843041697
            ],
            [
                0.0006020790742870253,
                0.015477115652946514,
                -4.713593132359859e-17,
                -2.362146356180632e-18,
                -0.3498110711141757,
                0.6919527442515588,
                -1.1998714233226089,
                2.3951177842632832e-17,
                2.1706144626210774e-17,
                0.09697342990170056,
                -0.33801081732622457
            ],
            [
                0.9955903987119655,
                -0.2394923539129158,
                6.868827384593985e-18,
                6.585822825734238e-17,
                -0.01851896368982807,
                0.02291380591308914,
                -0.01936280708869765,
                1.2970794181253253e-17,
                -1.971648027534823e-17,
                0.030000969436406708,
                0.11574186763816155
            ],
            [
                0.020403260122544346,
                0.5246314854962384,
                -2.634411942875657e-16,
                1.473645821038367e-16,
                0.05399908261832456,
                -0.04274659259527702,
                0.06022136079784643,
                -1.0130761026744702e-16,
                2.6291007076949896e-16,
                -0.34338600973721145,
                -1.4625375412577335
            ],
            [
                -0.004236770605341048,
                0.5623306772971203,
                3.204404416323273e-16,
                -1.335939027963441e-16,
                0.05813835723948301,
                -0.12773149045648835,
                0.12824390796079654,
                7.326779451456243e-17,
                -2.676630200030864e-16,
                0.3153191381753197,
                1.4855761687070963
            ],
            [
                -7.174458542245731e-17,
                4.991727926997488e-17,
                0.4676864985703768,
                0.47743237432719854,
                1.5005841239402355e-16,
                1.3774343969806656e-16,
                8.954057048361856e-18,
                -0.6650309516648327,
                -0.6659857427637117,
                2.3676369998676e-16,
                -1.2376145376097202e-16
            ],
            [
                8.768507112789249e-17,
                -6.381790649498958e-17,
                0.47743237432719876,
                -0.46768649857037725,
                -4.149888248963612e-17,
                -5.790809288745388e-17,
                1.3846156566663353e-18,
                -0.6659857427637113,
                0.6650309516648325,
                2.198721959694589e-16,
                6.02926579572387e-17
            ],
            [
                -0.0005230921853277178,
                -0.0035157861904955372,
                -7.536846812057566e-17,
                -3.296969013858045e-16,
                0.49875131353880214,
                0.3785719602683224,
                0.053446493945106546,
                -3.0372866329478343e-16,
                -4.3805018084822476e-17,
                -0.9447947383710716,
                0.25271492776891397
            ],
            [
                -6.204190503430689e-17,
                1.3504785469252018e-17,
                0.3369400268707201,
                0.3439613448891368,
                1.3830475029101984e-16,
                1.2806093467901645e-16,
                -8.181019140653907e-18,
                0.7413023875637172,
                0.7423666822697781,
                -2.4359470405582493e-16,
                1.4668356845971637e-16
            ],
            [
                5.332797428080961e-17,
                -1.0247439004098421e-17,
                0.343961344889136,
                -0.3369400268707201,
                -4.2018404205759545e-17,
                -6.030604486151455e-17,
                4.2461121314521955e-18,
                0.7423666822697782,
                -0.7413023875637177,
                -2.283582222566472e-16,
                -2.3714064105447977e-16
            ],
            [
                0.00035463288125292514,
                -0.011621427931615153,
                -6.730847874931399e-17,
                2.5204725170187525e-17,
                0.40372288094791714,
                0.3792594147987976,
                -0.18497203984733332,
                3.1410345611998856e-16,
                -1.2813593732116197e-17,
                1.03292002921915,
                -0.32388879600953674
            ]
        ],
        [
            [
                -9.577324215137993e-05,
                0.018129641809866013,
                -1.7101030288506943e-17,
                -8.587016758888746e-17,
                -0.2012335554306494,
                0.29061699856933665,
                1.2943415351063592,
                -3.539036522564516e-16,
                1.3787513385753167e-16,
                0.10810377412078481,
                0.09745154887806418
            ],
            [
                0.0006020795449110064,
                0.015476998909999394,
                -9.136365240415316e-17,
                -3.0646096434535094e-16,
                -0.34980823720502807,
                0.6919547490192764,
                -1.1998710688427152,
                -7.985595743536581e-17,
                -1.8564797309517402e-16,
                0.0969737452920115,
                -0.3380108193217281
            ],
            [
                0.9955903956223073,
                -0.23949240332125868,
                1.6839501646503213e-17,
                -6.730522564343363e-17,
                -0.01851887270249231,
                0.022913832740851715,
                -0.01936279807085491,
                -8.757078555807295e-17,
                8.71559843500418e-17,
                0.030000853841786336,
                0.11574183269770999
            ],
            [
                0.0204032742444239,
                0.5246319180813092,
                -8.629308330000898e-17,
                -1.5515217171242326e-16,
                0.05399887270132148,
                -0.042746784722157566,
                0.06022141723319552,
                8.782148940685191e-16,
                -1.1276730566247104e-15,
                -0.3433845860467318,
                -1.4625377199624046
            ],
            [
