{
    "dist": 2.9,
    "thetas": [
        2.3463261368903874,
        2.9439278084526643,
        2.319717710563025,
        0.1938720278250048,
        -1.6793174426784083,
        -3.0699718540344296,
        -0.4368772992954577,
        -0.6135444998792989,
        0.1424691618875915,
        -0.1357683511288812
    ],
    "oo": false,
    "mo": [
        [
            [
                0.21723585244760424,
                0.32653106186475567,
                0.8976359015991642,
                0.9023918565284539
            ],
            [
                0.5247260497330576,
                0.46529723767721093,
                -0.7128131408131195,
                -0.8911191475068552
            ],
            [
                0.21723585244760463,
                -0.32653106186478686,
                0.8976359015988596,
                -0.9023918565287447
            ],
            [
                0.5247260497330583,
                -0.46529723767718506,
                -0.7128131408128465,
                0.8911191475070862
            ]
        ],
        [
            [
                0.21723585244760424,
                0.326531061864757,
                0.8976359015991633,
                0.9023918565284546
            ],
            [
                0.5247260497330576,
                0.46529723767720954,
                -0.7128131408131188,
                -0.8911191475068564
            ],
            [
                0.21723585244760463,
                -0.3265310618647879,
                0.8976359015988605,
                -0.9023918565287434
            ],
            [
                0.5247260497330583,
                -0.4652972376771839,
                -0.7128131408128473,
                0.8911191475070859
            ]
        ]
    ],
    "iterations": 207,
    "final_energy": -1.180097,
    "iter_energies": [
        -1.0067790115165376,
        -1.1441411359884637,
        -1.1597300845687726,
        -1.1689864654976805,
        -1.16957545135914,
        -1.1696713567009034,
        -1.1702622440484198,
        -1.1706366497911012,
        -1.1712406536181341,
        -1.1721662878401633,
        -1.1729824930178236,
        -1.173581378568939,
        -1.174695677204695,
        -1.1764564161332216,
        -1.1779193959302778,
        -1.1787098970776682,
        -1.178820386749236,
        -1.1789006178886512,
        -1.1789471543565502,
        -1.178976565973459,
        -1.1789826042612281,
        -1.1789876592283406,
        -1.1789909779294687,
        -1.178991572297797,
        -1.1789917036861493,
        -1.1789917573946793,
        -1.1789918480591859,
        -1.178992011819767,
        -1.1789923168352303,
        -1.178992892541792,
        -1.1789939846255075,
        -1.178996046650313,
        -1.1789998143114548,
        -1.179006167879073,
        -1.179013515022544,
        -1.1790201629163053,
        -1.179029717836098,
        -1.1790380274782553,
        -1.1790408170470232,
        -1.1790454625188382,
        -1.1790476289786747,
        -1.1790491119064819,
        -1.179051131939195,
        -1.1790531317877773,
        -1.1790561570162688,
        -1.1790588531331614,
        -1.1790625482355805,
        -1.1790656021988442,
        -1.1790677948043347,
        -1.1790686613297572,
        -1.1790697848373153,
        -1.1790699614566842,
        -1.1790699797273718,
        -1.179069983449194,
        -1.1790699838027612,
        -1.1790699838961771,
        -1.179069984001394,
        -1.1790699841967656,
        -1.1790699845667465,
        -1.1790699852689182,
        -1.1790699865917154,
        -1.1790699890435525,
        -1.1790699934657884,
        -1.1790700011110942,
        -1.1790700135477796,
        -1.1790700325117014,
        -1.1790700622414425,
        -1.1790701122191098,
        -1.179070197845304,
        -1.179070339923105,
        -1.1790705500261982,
        -1.1790706071233412,
        -1.17907071281426,
        -1.1790707960308302,
        -1.1790709094162977,
        -1.179071039293155,
        -1.1790712390592657,
        -1.179071484666667,
        -1.1790718050820392,
        -1.1790720942312034,
        -1.1790724617910522,
        -1.179073010567472,
        -1.1790732925072485,
        -1.1790737787350585,
        -1.1790746107769792,
        -1.1790760566392438,
        -1.1790781432278359,
        -1.1790816019509962,
        -1.179087868811644,
        -1.179091740625009,
        -1.1790983651321245,
        -1.179107516430961,
        -1.1791219074648496,
        -1.1791370853058152,
        -1.1791455817119596,
        -1.179161373481629,
        -1.1791884618579618,
        -1.1792159136960638,
        -1.1792310376755084,
        -1.179257690653794,
        -1.179304597290036,
        -1.1793740695325936,
        -1.1794711665276965,
        -1.179507301318241,
        -1.179567498020887,
        -1.1796453070703998,
        -1.179665021748333,
        -1.1796969480494321,
        -1.179740690018108,
        -1.1797884327554689,
        -1.1798477203131659,
        -1.179886034071682,
        -1.1799103564994908,
        -1.1799212516087838,
        -1.1799397729453065,
        -1.1799678469229942,
        -1.1799888276221364,
        -1.1799949308107285,
        -1.18000452297791,
        -1.1800198691836392,
        -1.1800387382536193,
        -1.1800415254731285,
        -1.1800456943565443,
        -1.1800516361110271,
        -1.1800574287040242,
        -1.1800591451430065,
        -1.180061910699831,
        -1.180065933887176,
        -1.1800686201618955,
        -1.180070140977813,
        -1.1800717839264099,
        -1.1800739791698318,
        -1.1800756914101729,
        -1.1800768520851834,
        -1.1800776761735805,
        -1.1800785245155296,
        -1.1800793973060153,
        -1.1800805977296454,
        -1.1800817152184397,
        -1.1800827043801523,
        -1.1800836684034572,
        -1.1800843049972256,
        -1.1800850889838013,
        -1.18008548112332,
        -1.1800860858099862,
        -1.1800870180725231,
        -1.1800874946632003,
        -1.1800882395306058,
        -1.1800886213687947,
        -1.1800892233983495,
        -1.1800899327057912,
        -1.180090168553866,
        -1.180090515197988,
        -1.1800909685520118,
        -1.1800914736746912,
        -1.1800918705593118,
        -1.1800920088011833,
        -1.1800922203266206,
        -1.1800925072185537,
        -1.1800929020855693,
        -1.18009306885947,
        -1.180093280884883,
        -1.1800935683465041,
        -1.1800937525841086,
        -1.180094037190589,
        -1.1800942558778138,
        -1.1800945302357357,
        -1.1800946175559668,
        -1.1800947401554307,
        -1.1800949179815388,
        -1.1800950972486082,
        -1.180095214309957,
        -1.1800952679115753,
        -1.1800953582492046,
        -1.1800954947229043,
        -1.180095563354225,
        -1.1800956733364163,
        -1.1800957918084254,
        -1.180095926626755,
        -1.1800959867673189,
        -1.1800960147366042,
        -1.1800960606231365,
        -1.1800961313390745,
        -1.180096164615667,
        -1.1800962180313448,
        -1.1800962849980277,
        -1.1800963415831747,
        -1.1800963819476247,
        -1.1800963906732855,
        -1.180096405637678,
        -1.1800964299794137,
        -1.1800964534060538,
        -1.1800964829285419,
        -1.1800964947087311,
        -1.1800965051214187,
        -1.1800965186451537,
        -1.1800965259661438,
        -1.1800965321828183,
        -1.1800965379031725,
        -1.1800965403847186,
        -1.180096543425942,
        -1.180096545008084,
        -1.1800965457782395,
        -1.1800965461975215,
        -1.1800965462634012,
        -1.180096546295863,
        -1.180096546300931
    ],
    "function_evaluations": 242,
    "gradient_evaluations": 242
}