{
    "dist": -0.0125,
    "thetas": [
        1.2344523002620233,
        -1.3437261884234306,
        -1.71624293364286,
        0.3224202031429355,
        1.3789642063384902,
        -0.4831363599630145,
        3.0207305475081876,
        1.1613194978062573,
        -0.1198083964293164,
        -0.6778456245845823,
        -0.9853415847636118,
        1.4391617560491943,
        -0.3859619696820067,
        -2.766625370449171,
        -0.6406068368903868,
        1.4953692364717712,
        -1.9949632941225846,
        -2.0391967572450125,
        0.1982431285443691,
        0.1999786276100073,
        0.844466128040513,
        2.1955447144109703,
        1.4102943992825638,
        0.6975812910408847,
        1.3976529930445434,
        -1.112381951244826,
        -0.8684074882794137,
        -1.7073724751617976,
        -1.296132872807237,
        0.8229472569938512,
        -2.5628802482082387,
        -0.4165678177032248,
        -0.4344020696261799,
        -0.039677701659869946,
        -0.46602203025102895,
        -1.1795975254072706,
        -0.46274838598426316,
        2.471737009701255,
        2.7907397004152337,
        0.011540174930514624
    ],
    "oo": false,
    "mo": [
        [
            [
                -1.0015266269048995,
                0.6650728835465438,
                0.0005640540907871726,
                4.240145009295057e-18,
                -4.175807280837956e-17,
                -0.04979709971268555,
                -0.016647121177840982,
                -3.2741476458249026e-17,
                -2.0952306980682053e-16,
                -1.5833485176508566,
                14.421088593279935
            ],
            [
                -0.1597612087855878,
                0.11664220144487367,
                -0.0014321151832477653,
                -2.288629199766725e-17,
                2.3334288813579993e-16,
                2.026239425209061,
                -0.031609671583415724,
                -5.83738087168033e-17,
                -3.737325040713373e-16,
                -1.957993598603392,
                1.7659658422490585
            ],
            [
                1.1701253347869067,
                -0.3191314241205521,
                -3.875949696384417e-06,
                -1.9473801370988513e-19,
                7.753057089198546e-18,
                0.07732082543585608,
                0.004191950049401362,
                8.714796060740673e-18,
                5.3368118216214654e-17,
                0.2727663135275176,
                -2.299816806150345
            ],
            [
                0.49827265705213775,
                0.37031192809505115,
                -0.006272564831341197,
                -5.4792692327973726e-17,
                3.419791494628096e-16,
                -0.06801515710052512,
                0.00509223227675665,
                1.4599387980557992e-17,
                6.244031500652786e-17,
                -0.8625447803026095,
                -8.243572632075471
            ],
            [
                0.607175776571387,
                -0.04553235222019412,
                -0.010236244676940124,
                -8.023492651129255e-17,
                4.738987882131593e-16,
                -1.429681564582708,
                0.03850210469098808,
                6.988589411117557e-17,
                4.677674781527939e-16,
                4.108794784443141,
                -7.666206059963394
            ],
            [
                7.379357604976514e-21,
                2.0692855118649637e-18,
                4.367627941361534e-14,
                0.034778251697389476,
                0.7837234857703896,
                -4.38557525258667e-17,
                3.4266648522358892e-15,
                -0.8370920271054125,
                -0.12775139316197676,
                4.675435948525022e-18,
                -2.6937388569814908e-20
            ],
            [
                1.136420790089709e-20,
                5.147209895728924e-19,
                -8.685541278765466e-15,
                0.7837234857703894,
                -0.03477825169738969,
                3.1547802501526585e-17,
                1.0273482057888921e-14,
                0.12775139316197642,
                -0.8370920271054129,
                4.811158522233581e-19,
                3.803898133439857e-21
            ],
            [
                0.021502068619278173,
                0.002457909140481603,
                0.7857036064592108,
                6.831729501006534e-15,
                -4.397421570640182e-14,
                -0.0019560753640855814,
                -0.845257795553714,
                -1.937324175843845e-15,
                -1.0557464812419902e-14,
                0.02878509647112947,
                -0.24680443838685093
            ],
            [
                -3.65919425295264e-21,
                -3.0953027299205384e-19,
                1.897201663336676e-14,
                0.015148445007788634,
                0.34136828466268593,
                -3.8361257240316485e-17,
                -4.5368705584739326e-15,
                1.0899739542332199,
                0.16634454355641315,
                9.283520952567995e-19,
                1.3067056976301255e-20
            ],
            [
                -3.273086365016908e-21,
                -5.820937838512572e-20,
                -3.807211702586521e-15,
                0.3413682846626854,
                -0.015148445007788464,
                8.4050279899742895e-19,
                -1.3209923888658421e-14,
                -0.16634454355641254,
                1.0899739542332205,
                -1.8358376680075046e-18,
                3.537218932696769e-21
            ],
            [
                0.00781111055053732,
                -0.003492339968315231,
                0.3399414349189418,
                2.919917355984097e-15,
                -1.9035267309899835e-14,
                -0.0041735885839282155,
                1.1034676875495737,
                2.500640586586982e-15,
                1.3802323870224066e-14,
                0.02724933726366421,
                -0.13464052626463047
            ]
        ],
        [
            [
                -1.0015266266494751,
                0.6650728755731175,
                0.0005640301827798756,
                2.038264901635599e-17,
                -1.487912865427049e-18,
                -0.04979710037709119,
                -0.0166470914306168,
                1.2816758576329948e-16,
                8.838952642338402e-16,
                -1.5833485193681303,
                14.42108859350983
            ],
            [
                -0.15976120877294597,
                0.11664219758737528,
                -0.0014320355876097934,
                6.381452918495896e-19,
                5.285142748246136e-18,
                2.02623942590838,
                -0.03160961248864858,
                2.697497539415261e-16,
                1.6030969093437197e-15,
                -1.9579935989711434,
                1.7659658424171705
            ],
            [
                1.17012533476229,
                -0.3191314225050946,
                -3.876250504809894e-06,
                5.087262895978118e-19,
                1.0233910263333835e-18,
                0.07732082601254979,
                0.00419194948996889,
                -3.085713740133031e-17,
                -2.242894901660266e-16,
                0.2727663147021172,
                -2.299816806229357
            ],
            [
                0.49827265680485794,
                0.3703119253586722,
                -0.00627257511034359,
                -1.6983287561530585e-16,
                -4.578939555218585e-17,
                -0.06801515752451692,
                0.005092242757626472,
                -3.643127468937207e-17,
                -2.6345338253713356e-16,
                -0.8625447823579493,
                -8.243572631980493
            ],
            [
