{
    "dist": 0.85,
    "thetas": [
        1.7448557058857794,
        -1.649077150016919,
        2.0375021118516665,
        2.926388517974451,
        2.9694403750439315,
        -0.2924870046656962,
        0.6851339998803385,
        1.7311841483035746,
        0.8897828870907407,
        1.394981677626908,
        -2.921451680140999,
        -1.2663793231633795,
        -2.773947824309876,
        2.243480068231582,
        -0.7988817039240748,
        1.1300180068818442,
        -1.531338241455982,
        -0.9576754694920289,
        -3.0824504749171866,
        -0.8901150950318448,
        2.8217419638603713,
        -1.7724928009645748,
        -1.1347975131086745,
        2.6249413174642493,
        -2.941136005369488,
        -2.7326544467196805,
        0.815739659640105,
        2.3487391344402075,
        -3.0868300924373417,
        1.5492904725652465,
        1.9656390491245403,
        -2.6658459083030457,
        0.9830378595694711,
        0.05819611947691916,
        -0.12639637898020917,
        2.862456773761779,
        -3.1415170444428115,
        -1.5897797083310843,
        1.3334972435574386,
        -1.1021834873956844
    ],
    "oo": false,
    "mo": [
        [
            [
                0.00019843715910962298,
                0.15839734406289677,
                -0.30461525881259255,
                4.643698976415047e-17,
                7.72159477415962e-17,
                -0.5139904868792144,
                1.1109600125679766e-16,
                3.5890074517268534e-16,
                0.04343678354334783,
                -0.5345142794645261,
                -1.4351770940749005
            ],
            [
                0.002016900782743095,
                -0.018967551338227126,
                -0.08674169580534391,
                -3.0115578857604854e-16,
                -3.4195621155578286e-17,
                -0.1455791867762757,
                -6.153580969667313e-16,
                -2.1897942568176078e-16,
                0.1829798374835931,
                1.7488411087422542,
                -0.2332494710433039
            ],
            [
                0.9954892567398447,
                -0.22862858787230664,
                -0.06761432940173136,
                -5.831521061100573e-17,
                1.2259991836522655e-17,
                -0.0703993852210642,
                2.6581879110906637e-16,
                5.817376932232141e-19,
                -0.10789840055939547,
                0.006804370417359305,
                -0.016535123309606107
            ],
            [
                0.021551931329504153,
                0.49422459338118674,
                0.14581862620452296,
                2.1578955224048634e-16,
                3.7923324680116485e-17,
                0.4966297850913277,
                -3.318231178016414e-15,
                2.241537593849362e-16,
                1.3937658715721273,
                0.45827251095929783,
                -0.5450105906766803
            ],
            [
                -0.006085899358182305,
                0.5103182112717941,
                0.27903667538564525,
                -3.958833926620352e-18,
                -1.0610201402631272e-16,
                -0.13809173701087712,
                3.4918022970794674e-15,
                -2.861014933694816e-16,
                -1.4789051780288227,
                -1.2152763041378225,
                1.3354224698114445
            ],
            [
                -9.783238692936712e-18,
                2.223180103245417e-17,
                -3.173344906989896e-16,
                0.5865834894877324,
                0.30328531116450513,
                -3.3110011356324e-18,
                0.9455358291733889,
                0.048737407390308865,
                2.4621368434701297e-15,
                -5.4331694719852735e-18,
                4.806750051041801e-17
            ],
            [
                9.96765874719398e-18,
                1.9377896277456442e-17,
                1.8075767587846279e-16,
                -0.3032853111645048,
                0.5865834894877315,
                1.8662282477075524e-16,
                -0.048737407390308775,
                0.9455358291733899,
                -4.286791041212459e-16,
                1.0280422477082558e-16,
                3.0399316038080805e-17
            ],
            [
                -0.0015988664900347222,
                -0.10325972407561333,
                0.5556554535334413,
                2.0278043404836747e-16,
                -8.600658228011783e-17,
                -0.8628310155371179,
                -1.0713786883917655e-15,
                2.424173812963119e-16,
                0.38788140081235495,
                -0.25307607512195135,
                0.3164338809128928
            ],
            [
                -1.4887241188130715e-17,
                -2.0498574751694106e-18,
                -2.1356935243864078e-16,
                0.43557651645957074,
                0.22520913339337154,
                5.1152192960386074e-17,
                -1.0436166782959608,
                -0.053792960182055684,
                -2.5802460052167443e-15,
                -5.048499703666672e-17,
                -8.816820728492478e-17
            ],
            [
                -9.169226256684713e-19,
                7.25091811988092e-18,
                1.2142854651201058e-16,
                -0.22520913339337187,
                0.4355765164595712,
                -1.346388762941569e-16,
                0.05379296018205535,
                -1.0436166782959613,
                3.8142258002825455e-16,
                -2.0213728388676014e-16,
                -1.1002590325902311e-16
            ],
            [
                0.0014495957159413075,
                -0.0436359740755024,
                0.3319036151485081,
                2.17121158606322e-16,
                4.3997080828660006e-17,
                0.3567353697231961,
                1.0679255608051872e-15,
                -6.243993634292594e-17,
                -0.36721444860340885,
                0.544715355575616,
                -1.4616430920564676
            ]
        ],
        [
            [
                0.00019843715910962298,
                0.15839734406289677,
                -0.30461525881259255,
                4.643698976415047e-17,
                7.72159477415962e-17,
                -0.5139904868792139,
                3.3475139069864634e-16,
                -2.7195912377254357e-16,
                0.043436783543347256,
                -0.5345142794645221,
                -1.4351770940749022
            ],
            [
                0.002016900782743095,
                -0.018967551338227126,
                -0.08674169580534391,
                -3.0115578857604854e-16,
                -3.4195621155578286e-17,
                -0.14557918677627454,
                -1.964318368118643e-16,
                2.362330437925121e-16,
                0.18297983748359606,
                1.7488411087422544,
                -0.23324947104330013
            ],
            [
                0.9954892567398447,
                -0.22862858787230664,
                -0.06761432940173136,
                -5.831521061100573e-17,
                1.2259991836522655e-17,
                -0.07039938522106412,
                4.32602884984669e-17,
                1.9522954148590004e-17,
                -0.10789840055939555,
                0.006804370417359567,
                -0.01653512330960618
            ],
            [
                0.021551931329504153,
                0.49422459338118674,
                0.14581862620452296,
                2.1578955224048634e-16,
                3.7923324680116485e-17,
                0.4966297850913272,
                -3.4456599147683333e-16,
                -4.0524495891992295e-16,
                1.3937658715721284,
                0.45827251095929666,
                -0.5450105906766789
            ],
