{
    "dist": 2.2,
    "thetas": [
        0.10303561663791783,
        0.4440175435037328,
        -2.9626838121493106,
        -2.0638903033331175,
        1.1641296091591355,
        2.0979358614283568,
        -1.2128670123447274,
        2.47314391898043,
        1.392001137158437,
        -1.9481710072691576,
        0.34072200379900464,
        -0.9290823338613339,
        -1.9987289817083937,
        1.7944887938507428,
        2.924717343797493,
        -1.6816715396059143,
        -2.6165606813494104,
        0.6506139255218115,
        1.4388039280401017,
        -1.40593290510329,
        1.1643140023190055,
        0.11226465135129837,
        -2.836955320406834,
        -2.275334685827516,
        -1.966841668758823,
        3.1058909736072735,
        0.129844516818022,
        0.495049251658644,
        1.475411656763927,
        0.2636535907361983,
        2.5959203631973624,
        1.934719368471801,
        -0.609482604949342,
        -0.8970859114113354,
        2.84550831983512,
        -0.9824917722923239,
        2.293989801545284,
        2.0751960685763695,
        0.2397754572129318,
        2.6544533544477575
    ],
    "oo": false,
    "mo": [
        [
            [
                -0.00017310757738395045,
                0.008781503443184964,
                -2.918670036130789e-16,
                3.1620470196549894e-18,
                -0.18684439674474287,
                0.30674447757295553,
                1.2763755474545417,
                2.752848441394177e-16,
                -1.275785105170595e-16,
                -0.11449493330094343,
                -0.2069221437782937
            ],
            [
                0.00043208536814781987,
                0.013758438871458467,
                -5.817184963710563e-16,
                6.057368586235018e-18,
                -0.39275233809792587,
                0.6234186662867225,
                -1.1209537802254566,
                -5.469294901953172e-16,
                1.7675242547623328e-16,
                0.22140789601683736,
                0.31225468403529044
            ],
            [
                0.9955883790612584,
                -0.23998834541675426,
                4.060993414255997e-18,
                -7.091421178939769e-18,
                -0.011138284325802435,
                0.012953308617064334,
                -0.021263030663935922,
                -1.1735717655781396e-16,
                -4.4904026217512294e-17,
                0.02537409055161806,
                -0.11790493198364373
            ],
            [
                0.02035162734842812,
                0.5266854317187655,
                -7.466937588232876e-17,
                -3.14702564725261e-19,
                0.03595916601077057,
                -0.02718408381950299,
                0.1234631182518104,
                1.110236756808515e-15,
                8.54695052215863e-16,
                -0.2861714315526371,
                1.4584684667117624
            ],
            [
                -0.004112954264284673,
                0.56307062375589,
                2.6332648823762555e-16,
                3.128208284102412e-17,
                0.025250111326949133,
                -0.055033063830477735,
                -0.01832869042972882,
                -1.0414914582552606e-15,
                -8.711102742677883e-16,
                0.26036407313503973,
                -1.4484950799367093
            ],
            [
                3.116915942996607e-18,
                -4.2473226241298933e-17,
                0.6683021623203196,
                0.013105648378512441,
                -2.1575890665085685e-15,
                -7.306751732526901e-16,
                -2.1282537240973482e-17,
                0.05810743536678897,
                -0.9393079883675801,
                8.988050932202743e-19,
                5.275949591509191e-16
            ],
            [
                1.4645598527190848e-18,
                -2.1711222211418492e-17,
                -0.013105648378512615,
                0.6683021623203202,
                -1.219380888966616e-17,
                -2.4944966310351542e-17,
                1.218283158406866e-18,
                -0.9393079883675796,
                -0.05810743536678976,
                -2.7998054705849665e-15,
                3.086325033288803e-16
            ],
            [
                -0.0003267468243362133,
                -0.00025127339928455246,
                2.2081490234644633e-15,
                5.205790459883399e-17,
                0.49954997014978647,
                0.3727973945418482,
                -0.08928583221471413,
                2.5826658966950575e-15,
                1.2455413107739257e-16,
                -0.9528470159061639,
                -0.19624531216240576
            ],
            [
                -2.8923853070618884e-18,
                1.731102719706573e-17,
                0.4812969595242443,
                0.0094384083619779,
                -1.7441714189762824e-15,
                -6.572354718853882e-16,
                4.442852330373905e-17,
                -0.0647793497795563,
                1.0471596336184563,
                3.0590152966503577e-18,
                -5.368625293415683e-16
            ],
            [
                -9.33461621655325e-20,
                -7.398179041130014e-18,
                -0.009438408361977763,
                0.4812969595242442,
                -8.245177946043354e-18,
                -1.6884701336908785e-17,
                -3.965197746495396e-18,
                1.0471596336184565,
                0.06477934977955711,
                2.9373785003616622e-15,
                -2.7841148603300576e-16
            ],
            [
                0.00019280123902674866,
                -0.005823849571640287,
                1.8509940051183956e-15,
                7.262082960115399e-17,
                0.414874490349625,
                0.34035496238276775,
                -0.041149273252839146,
                -2.804149936865959e-15,
                1.0471695970443716e-17,
                1.0352976749169112,
                0.2382963277222195
            ]
        ],
        [
            [
                -0.00017310752162872278,
                0.00878152975063878,
                3.603507103075866e-18,
                2.167244443741465e-16,
                -0.18684504348544942,
                0.30674426038273134,
                1.2763755234524905,
                -6.661893666520227e-18,
                5.022671894028231e-16,
                -0.11449465222288557,
                -0.2069221842204972
            ],
            [
                0.00043208529192243644,
                0.013758495531100267,
                2.432486686188102e-17,
                4.762421275554835e-16,
                -0.39275355330154554,
                0.6234177458919375,
                -1.1209539012498426,
                2.3146921993730922e-17,
                -9.170319281084422e-16,
                0.22140750216538296,
                0.31225483543584026
            ],
            [
                0.9955883799445762,
                -0.23998833183791599,
                4.67353888649036e-18,
                5.160615979390804e-17,
                -0.011138261370550571,
                0.012953340908500647,
                -0.021263034560900108,
                1.623990561400729e-17,
                -1.0119839969984367e-16,
                0.025374185185490856,
                -0.11790492971595934
            ],
            [
                0.020351623376128614,
                0.5266853110925528,
                -7.542261329925553e-17,
                -2.4074165527385276e-16,
                0.03595924225031031,
                -0.02718403624726196,
                0.1234630704703801,
                -2.099744305346364e-16,
                7.014761378765783e-16,
                -0.28617283219463724,
                1.4584682385540073
            ],
