{
    "dist": 1.6,
    "thetas": [
        2.3463261368903874,
        2.9439278084526643,
        2.319717710563025,
        0.1938720278250048,
        -1.6793174426784083,
        -3.0699718540344296,
        -0.4368772992954577,
        -0.6135444998792989,
        0.1424691618875915,
        -0.1357683511288812,
        0.34781498297773794,
        0.2726023879603252,
        1.639255247336484,
        1.3343888034911187,
        0.7519847877695871,
        -0.4643791018236456,
        -1.3252806848740173,
        2.9773202892406827,
        -1.0444284749192585,
        -1.766825043051343,
        -2.7281063583560097,
        3.033965123374311,
        -2.3382515167002618,
        -1.1175851867391877,
        -2.695845613805822,
        -1.7293214755701178,
        -0.6683115396232484,
        2.4890524741785924,
        -0.9709933288902195,
        3.045770542014389,
        -2.961063865698451,
        -0.931892285898047,
        -0.7479573583046881,
        1.6597670561412299,
        2.7570863008471456,
        -1.1329224215729323,
        -0.4242662269722661,
        -1.444216899225165,
        1.891589921605929,
        0.8685800355148432
    ],
    "oo": false,
    "mo": [
        [
            [
                2.114415703356011e-05,
                0.026322024609505393,
                9.040045668300855e-17,
                1.5000847693797368e-17,
                -0.21251451047429634,
                0.3711201146117921,
                -9.97935372661419e-17,
                -1.0554023267180892e-16,
                0.03881610693459172,
                -0.8090523415022848,
                0.9871077150112758
            ],
            [
                0.0006807932036557497,
                0.01557176725708516,
                1.878295352146442e-16,
                2.5855266721840148e-17,
                -0.3162060839616472,
                0.4411267466728563,
                -2.799659697974247e-17,
                1.685513616825659e-16,
                0.1452941895948365,
                1.330865320594666,
                -0.44690871002817134
            ],
            [
                0.9955883804313282,
                -0.23892067923418903,
                1.6820751202094388e-16,
                3.206480856608778e-17,
                -0.024059131456082544,
                0.0311613135606948,
                4.895447005552848e-17,
                -6.701277928784947e-17,
                -0.1191427611146629,
                0.0025387622023124476,
                -0.008765532848208735
            ],
            [
                0.02046399817185029,
                0.5220026482431034,
                2.5465519789218965e-16,
                -6.080942126836504e-17,
                0.06706200467651209,
                -0.13878663245220504,
                -5.341283127801756e-16,
                1.0138378870235413e-15,
                1.4839632335491106,
                0.2373486600760766,
                0.12389705265025278
            ],
            [
                -0.004349119780588513,
                0.5620621805561936,
                -2.793811149493044e-16,
                6.46789216463947e-17,
                0.08154585864206028,
                -0.03239898423773064,
                5.226509389429656e-16,
                -1.0622852040037955e-15,
                -1.4857383189118254,
                -0.5281685481010484,
                -0.07563728420809049
            ],
            [
                -4.15400012985728e-17,
                -1.7003468618765063e-17,
                0.3664317998973713,
                0.557933570742923,
                2.4967834753841915e-16,
                1.387704306906078e-16,
                -0.12387687855255942,
                -0.9335780068422734,
                7.575611213904457e-16,
                -4.502630533744699e-17,
                -1.2629564501425385e-16
            ],
            [
                -3.973091209170124e-17,
                -1.4220775841569823e-17,
                0.5579335707429243,
                -0.3664317998973722,
                2.6174690008650543e-16,
                9.049240456746413e-17,
                -0.9335780068422722,
                0.12387687855255972,
                -5.155009724116618e-16,
                -1.651994705620533e-17,
                -8.706543807476991e-17
            ],
            [
                -0.0006679582688000728,
                -0.008153223539191129,
                -2.7840259871288367e-16,
                -1.2056938108911208e-16,
                0.5014026924442349,
                0.7290447766676702,
                2.458772128839644e-16,
                2.556674644107822e-16,
                0.1387094387614354,
                -0.4499416532098763,
                -0.5959196863945755
            ],
            [
                -4.4511611402374506e-18,
                -1.7836524333686304e-20,
                0.26482908106865033,
                0.4032320199245326,
                2.3182965818910597e-16,
                -4.647748433147501e-17,
                0.13794172421939815,
                1.0395754353988884,
                -7.618524579723083e-16,
                3.76271883943759e-17,
                2.0858926954843217e-16
            ],
            [
                -1.642304752939974e-17,
                -4.384853773091588e-18,
                0.40323201992453134,
                -0.2648290810686494,
                1.990331483136693e-16,
                -1.21938812545633e-16,
                1.039575435398888,
                -0.13794172421939827,
                3.900763046776569e-16,
                1.0912369491534984e-16,
                2.329704612694991e-16
            ],
            [
                0.00048321957374754547,
                -0.017434389388065998,
                -2.375301203224261e-16,
                -1.2208488705314147e-17,
                0.3998592534598194,
                -0.07670880558044704,
                -2.751268689724523e-16,
                -3.26173050892062e-16,
                -0.12132460802879015,
                0.8573545615766647,
                0.819858664449811
            ]
        ],
        [
            [
                2.114415703356011e-05,
                0.026322024609505393,
                9.040045668300855e-17,
                1.5000847693797368e-17,
                -0.21251451047429634,
                -0.3711201146117913,
                1.2739754978539765e-16,
                -1.726791456836558e-16,
                0.038816106934702096,
                -0.8090523415159058,
                0.9871077150001047
            ],
            [
                0.0006807932036557497,
                0.01557176725708516,
                1.878295352146442e-16,
                2.5855266721840148e-17,
                -0.3162060839616472,
                -0.4411267466728537,
                -1.5422577162703633e-16,
                -3.2155904084258533e-17,
                0.14529418959469886,
                1.3308653206008472,
                -0.44690871000979937
            ],
            [
                0.9955883804313282,
                -0.23892067923418903,
                1.6820751202094388e-16,
                3.206480856608778e-17,
                -0.024059131456082544,
                -0.031161313560698227,
                -2.980122393280751e-17,
                8.477081057211427e-17,
                -0.11914276111466258,
                0.0025387622024204497,
                -0.008765532848172027
            ],
            [
                0.02046399817185029,
                0.5220026482431034,
                2.5465519789218965e-16,
                -6.080942126836504e-17,
                0.06706200467651209,
                0.13878663245224762,
                2.62934762674629e-16,
                -8.818638089819791e-16,
                1.4839632335490858,
                0.23734866007452718,
                0.1238970526535089
            ],
            [
