{
    "dist": 1.6,
    "thetas": [
        2.285571396673803,
        -1.3514756789437503,
        -2.681309192325017,
        1.6539681345510768,
        -0.297074922600983,
        0.265759097311558,
        1.4239946207429375,
        2.1922354457653626,
        1.6851501599552883,
        1.4648852168254765,
        -1.621147105353423,
        1.3842403401038794,
        -2.7747972234408573,
        -0.5675668759471639,
        0.6953744050146056,
        -1.5336320738538296,
        -1.3466629957570095,
        1.1590199036646274,
        2.142061872320946,
        1.9424682268417985,
        -3.1411936979972466,
        2.661620723129924,
        1.9287190028927457,
        2.865210417567324,
        -0.09595058622705643,
        1.0214825905762295,
        1.4690505556903348,
        -0.21292378582540206,
        1.9191876336743157,
        -0.38963584749314606,
        -2.330811864735062,
        0.8931583869241067,
        -0.13418557120045138,
        0.9935021116792697,
        -2.6178707404175032,
        1.0287028169829453,
        -0.056925124332792176,
        1.6041885760146908,
        -0.4531873031628644,
        -1.0693315257619167
    ],
    "oo": false,
    "mo": [
        [
            [
                2.114415703355794e-05,
                0.02632202460950491,
                -3.868780784650439e-17,
                -5.0189048238929567e-17,
                -0.2125145104742942,
                0.37112011460942096,
                4.6701348748503485e-17,
                -1.1973157136572384e-16,
                0.03881610700302279,
                -0.8090523520820854,
                0.987107706338068
            ],
            [
                0.000680793203655828,
                0.015571767257086195,
                -6.696735258238648e-17,
                1.7378829970380368e-16,
                -0.31620608396163735,
                0.441126746663722,
                -6.891025669893328e-17,
                -2.2596141962333624e-16,
                0.14529418944713357,
                1.3308653254107827,
                -0.4469086957431215
            ],
            [
                0.9955883804313295,
                -0.238920679234189,
                6.757059864556864e-17,
                -2.816171863881659e-17,
                -0.02405913145608165,
                0.031161313569694118,
                3.249612094223217e-17,
                1.8870011046404624e-16,
                -0.11914276111188007,
                0.002538762276134799,
                -0.008765532832668739
            ],
            [
                0.02046399817185054,
                0.5220026482431026,
                2.6337156599490517e-17,
                2.5078197892016686e-16,
                0.06706200467651059,
                -0.13878663256366433,
                -3.557033909195243e-16,
                -2.3195329627917353e-15,
                1.4839632334864763,
                0.2373486589982054,
                0.12389705534048574
            ],
            [
                -0.004349119780588863,
                0.5620621805561942,
                -9.895733230733045e-19,
                -1.41793995922359e-16,
                0.08154585864205612,
                -0.032398984126662866,
                3.372081778969644e-16,
                2.2980041980472532e-15,
                -1.485738318817759,
                -0.5281685475406317,
                -0.07563729001678578
            ],
            [
                -1.1071817102704791e-17,
                -9.336146796276683e-18,
                -0.014531104853542878,
                0.6673462222337907,
                6.830059038218231e-18,
                4.289015834037744e-17,
                -0.6841875156847247,
                -0.6471482204879178,
                -1.4017271006183562e-15,
                3.3629577561760407e-17,
                -2.9771107806904196e-17
            ],
            [
                -1.7193868872624245e-17,
                9.327728933526346e-18,
                0.667346222233791,
                0.014531104853542923,
                -1.2012975036702667e-16,
                -6.790113310660031e-17,
                -0.647148220487918,
                0.6841875156847255,
                1.1034834023226052e-15,
                4.842522260944723e-17,
                9.514505316399052e-17
            ],
            [
                -0.0006679582688000987,
                -0.008153223539189408,
                8.236712745578956e-17,
                -8.910040070338314e-18,
                0.5014026924442408,
                0.7290447766547786,
                -1.55758066249543e-16,
                3.134991679997294e-17,
                0.13870943895061374,
                -0.4499416467975372,
                -0.5959196912078628
            ],
            [
                -2.168031406638834e-18,
                -1.4051402305664275e-17,
                -0.010501979212376495,
                0.48230717650135174,
                -1.9892145873564432e-17,
                -5.4052967631238746e-17,
                0.7618694199086886,
                0.7206247235374363,
                1.42461836279905e-15,
                -1.051594960140675e-17,
                6.082110414428451e-17
            ],
            [
                -5.0494641634962776e-17,
                1.3272741938964548e-18,
                0.4823071765013518,
                0.010501979212376635,
                -9.153495901990433e-17,
                1.320295122797967e-16,
                0.7206247235374363,
                -0.7618694199086896,
                -1.0096090510553756e-15,
                -1.127997904460325e-16,
                -2.1799198614693286e-16
            ],
            [
                0.00048321957374762635,
                -0.017434389388064023,
                6.119226876154866e-17,
                2.957242694835601e-16,
                0.39985925345982226,
                -0.07670880556746082,
                1.1459826311446274e-16,
                -1.0968558393929811e-16,
                -0.12132460825920717,
                0.857354552764353,
                0.8198586736322648
            ]
        ],
        [
            [
                2.114415703355794e-05,
                0.02632202460950491,
                -3.868780784650439e-17,
                -5.0189048238929567e-17,
                -0.2125145104742942,
                0.37112011460943123,
                -1.0280245886535733e-17,
                3.2668721527617384e-16,
                0.03881610700231939,
                -0.8090523519973294,
                0.9871077064075591
            ],
            [
                0.000680793203655828,
                0.015571767257086195,
                -6.696735258238648e-17,
                1.7378829970380368e-16,
                -0.31620608396163735,
                0.4411267466637411,
                -9.360539191964055e-17,
                3.650654718069127e-16,
                0.14529418944800807,
                1.3308653253722995,
                -0.44690869585741344
            ],
            [
                0.9955883804313295,
                -0.238920679234189,
                6.757059864556864e-17,
                -2.816171863881659e-17,
                -0.02405913145608165,
                0.031161313569673044,
                1.327583762217039e-16,
                -4.906941976645364e-16,
                -0.11914276111188318,
                0.0025387622754642434,
                -0.008765532832896444
            ],
            [
                0.02046399817185054,
                0.5220026482431026,
                2.6337156599490517e-17,
                2.5078197892016686e-16,
                0.06706200467651059,
                -0.13878663256340296,
                -1.6621587222153108e-15,
                6.129191838555857e-15,
                1.4839632334866544,
                0.23734865900782254,
                0.12389705532022108
            ],
