{
    "dist": 0.825,
    "thetas": [
        2.285571396673803,
        -1.3514756789437503,
        -2.681309192325017,
        1.6539681345510768,
        -0.297074922600983,
        0.265759097311558,
        1.4239946207429375,
        2.1922354457653626,
        1.6851501599552883,
        1.4648852168254765,
        -1.621147105353423,
        1.3842403401038794,
        -2.7747972234408573,
        -0.5675668759471639,
        0.6953744050146056,
        -1.5336320738538296,
        -1.3466629957570095,
        1.1590199036646274,
        2.142061872320946,
        1.9424682268417985,
        -3.1411936979972466,
        2.661620723129924,
        1.9287190028927457,
        2.865210417567324,
        -0.09595058622705643,
        1.0214825905762295,
        1.4690505556903348,
        -0.21292378582540206,
        1.9191876336743157,
        -0.38963584749314606,
        -2.330811864735062,
        0.8931583869241067,
        -0.13418557120045138,
        0.9935021116792697,
        -2.6178707404175032,
        1.0287028169829453,
        -0.056925124332792176,
        1.6041885760146908,
        -0.4531873031628644,
        -1.0693315257619167
    ],
    "oo": false,
    "mo": [
        [
            [
                0.00014633263369847468,
                0.16933423231320563,
                -0.3089747969092636,
                9.98881712643049e-18,
                1.2350620335365191e-17,
                0.058659823803391645,
                1.5267849247785592,
                -6.237348274524339e-16,
                -5.305114071025784e-16,
                0.41235130777111473,
                -0.46495860155151314
            ],
            [
                0.0021128687040041392,
                -0.020450760569862624,
                -0.07968267795899392,
                1.9427582261259567e-17,
                -3.3507633930699943e-16,
                1.4669975789502598,
                -0.6438084772114921,
                9.83084078730168e-17,
                -5.245109036381441e-16,
                0.17573383035651588,
                -0.8102921771650603
            ],
            [
                0.9954787241012327,
                -0.22787059798172538,
                -0.06988930733220844,
                1.2155713963001413e-17,
                -2.8096817291953673e-16,
                0.06604383737646262,
                0.04533815180847813,
                -6.749864141948928e-17,
                -1.5438381779286662e-16,
                0.05702468996665599,
                0.0859886380858827
            ],
            [
                0.02162798582796074,
                0.4931579664843672,
                0.14928767360250603,
                -2.6799568823061184e-17,
                2.3228864716928887e-16,
                -0.07929287645964977,
                -0.1338307096222694,
                5.375543718724165e-16,
                8.309121094899993e-16,
                -0.4452263563325758,
                -1.5790172129356508
            ],
            [
                -0.006182548877363556,
                0.5010268874515741,
                0.29362620813257834,
                7.732986816777404e-19,
                5.661184785448863e-17,
                -0.8330160450673848,
                -0.24427963152097734,
                -2.6475426909578385e-16,
                -2.5829103315964816e-16,
                0.13281302291014202,
                2.2342083564363646
            ],
            [
                1.7132003666779238e-16,
                4.369273824299549e-19,
                -4.065475988041059e-16,
                -0.06993457491774636,
                0.6567057304786177,
                -3.6918408286667213e-17,
                -1.5329584255385046e-16,
                -0.9026763966583465,
                0.2854777941294485,
                -4.0897469983063803e-16,
                -1.9731071451210374e-16
            ],
            [
                -1.2883775087012982e-16,
                3.4682773439012426e-18,
                -2.1018403027931145e-17,
                0.6567057304786182,
                0.06993457491774632,
                -4.764120648264157e-18,
                7.991234042124938e-17,
                -0.28547779412944874,
                -0.9026763966583455,
                -2.1216231228614476e-15,
                -5.492990066004726e-17
            ],
            [
                -0.0016462600101770546,
                -0.11113341962134082,
                0.5582746598513312,
                -1.3214421600168098e-17,
                2.371098241689823e-16,
                0.2286514455236702,
                0.43035882890808563,
                7.983359661643266e-16,
                1.6992704719991966e-15,
                -0.8514609972740165,
                0.3020128995205825
            ],
            [
                5.0046146808412175e-17,
                -9.410371498907007e-18,
                -2.7359167695721555e-16,
                -0.05191750075369558,
                0.48752023297746677,
                -8.542367831802388e-18,
                1.8369511296803985e-16,
                0.9963960980313937,
                -0.3151173124701221,
                3.8747660592252043e-16,
                9.870726315392518e-17
            ],
            [
                1.6059316486207256e-16,
                3.96193162006879e-18,
                -1.6714462101313898e-17,
                0.4875202329774671,
                0.05191750075369557,
                2.059261114461773e-17,
                -1.1376156050127788e-16,
                0.3151173124701224,
                0.9963960980313928,
                2.2524577885675054e-15,
                1.68051136247913e-17
            ],
            [
                0.0014584566624648453,
                -0.041336975148052,
                0.32436207800837397,
                1.1008232172310688e-17,
                2.1810317463668035e-16,
                0.4195690842337276,
                0.4906041676852172,
                -1.2414419289909402e-15,
                -2.3689419920280524e-15,
                1.258526191801557,
                -0.880242385213545
            ]
        ],
        [
            [
                0.00014633250912440075,
                0.16933421578019303,
                -0.30897486983063843,
                2.2911616785307702e-17,
                -1.1344536802008712e-17,
                0.058659869405492185,
                1.526784810481847,
                1.1848190879740525e-15,
                4.973390808289447e-17,
                0.4123514603990557,
                -0.4649587933188445
            ],
            [
                0.002112869340582656,
                -0.02045081064101323,
                -0.07968274543983109,
                -2.893303349851467e-18,
                1.4599608141714523e-16,
                1.4669975324753182,
                -0.6438086428137701,
                5.004199262212318e-16,
                -7.715425670826213e-16,
                0.17573363801333675,
                -0.8102921635418874
            ],
            [
                0.9954787229269718,
                -0.22787062768152774,
                -0.06988930250040891,
                6.3318826061478225e-18,
                3.779746844335016e-17,
                0.06604381626221234,
                0.04533814686510258,
                1.87013554967393e-16,
                -3.4815244382691644e-17,
                0.057024685567231385,
                0.08598859864341465
            ],
            [
                0.02162799175308128,
                0.4931581968525434,
                0.14928777410067876,
                -1.0030783016446253e-17,
                -1.1574319751957827e-16,
                -0.07929283876830212,
                -0.1338307762576776,
                -1.6951919561113229e-15,
                1.4161160803193734e-16,
                -0.44522653346871416,
                -1.579017077703348
            ],
