{
    "dist": 0.825,
    "thetas": [
        0.294613256958542,
        1.8717547535460444,
        2.0131443841702277,
        -2.3747307235790482,
        0.6408975103747956,
        0.1603128553151607,
        -0.2267701743268664,
        -0.1794116790893332,
        0.8338593844408817,
        2.6745250395828872,
        1.982363284615495,
        2.792509888472135,
        2.6363311996993595,
        -0.5351338889914508,
        2.0471369344465034,
        2.803935021872041,
        0.8045370803309129,
        -1.556534800769932,
        0.5802578357350745,
        2.2644839303848023,
        -2.8371570470623593,
        2.2292650194782846,
        1.3836454793888402,
        -1.2819367038142457,
        -0.09169383958187582,
        2.1631467507044597,
        0.6439708501900405,
        -2.1542163484495758,
        0.16400525666869292,
        -1.962884432298467,
        1.0709501151623249,
        0.30630008724336744,
        -2.1587397116031073,
        2.717454011962359,
        0.2698832560893676,
        0.9585453434528839,
        1.076608259682457,
        2.003991946138771,
        -3.0564006241564026,
        2.1855732178661036
    ],
    "oo": false,
    "mo": [
        [
            [
                0.00014633263369890988,
                0.16933423231311134,
                -0.3089747969096014,
                -1.0182683441818565e-16,
                -9.43628588210396e-17,
                0.058659823803177816,
                1.5267849247787524,
                1.0722204772873218e-16,
                7.779688664532132e-16,
                0.41235130777030016,
                -0.4649586015514364
            ],
            [
                0.002112868704002793,
                -0.0204507605697404,
                -0.07968267795979074,
                2.2863016940128366e-16,
                7.098031809224053e-17,
                1.466997578950234,
                -0.6438084772112634,
                9.738624893247576e-17,
                -3.929073069193748e-16,
                0.17573383035628934,
                -0.8102921771652624
            ],
            [
                0.9954787241012364,
                -0.22787059798171852,
                -0.0698893073321839,
                -7.300745955278286e-17,
                -7.930861579949527e-18,
                0.06604383737646134,
                0.04533815180848091,
                2.3659536437628347e-17,
                6.711244509811015e-17,
                0.057024689966663794,
                0.08598863808588386
            ],
            [
                0.021627985827946377,
                0.49315796648422805,
                0.14928767360247583,
                -1.88607980133255e-16,
                -1.7752601939688032e-17,
                -0.0792928764597147,
                -0.13383070962216964,
                -1.8977445196845368e-16,
                -5.872192042868325e-16,
                -0.4452263563331185,
                -1.5790172129355506
            ],
            [
                -0.00618254887735895,
                0.5010268874517604,
                0.29362620813290885,
                1.3654904275957465e-16,
                5.245223987607021e-17,
                -0.8330160450672198,
                -0.24427963152128443,
                7.67608883320468e-17,
                3.9281314068824904e-16,
                0.13281302291118,
                2.234208356436246
            ],
            [
                7.881722828048988e-17,
                -1.2171179376747775e-17,
                1.3395820896936658e-16,
                0.609281568611066,
                0.25481214916626904,
                3.808206874412856e-18,
                1.6775673940991531e-16,
                -0.01210949325434903,
                -0.9466655207615418,
                9.220535809639176e-16,
                1.6233488036241954e-16
            ],
            [
                -2.8189168940232264e-17,
                -1.0723001543439045e-18,
                -5.4940406350520884e-17,
                -0.2548121491662695,
                0.6092815686110662,
                2.8518880350138157e-18,
                -4.1951206838744163e-17,
                -0.9466655207615409,
                0.012109493254349048,
                4.518884081577309e-16,
                6.071811070319817e-18
            ],
            [
                -0.0016462600101774816,
                -0.11113341962105137,
                0.5582746598509356,
                -2.306906049449206e-17,
                8.887203833352264e-17,
                0.22865144552395572,
                0.43035882890778315,
                -3.6985465576010366e-16,
                -7.299786793932129e-16,
                -0.8514609972742296,
                0.3020128995210344
            ],
            [
                6.322531789266191e-17,
                -7.027769286912703e-18,
                9.110325081488393e-17,
                0.4523138423995029,
                0.18916551594069853,
                1.0558323033314634e-16,
                -2.591518163749977e-16,
                0.013366752329442079,
                1.0449523600252508,
                -9.744234304288443e-16,
                -1.6437937776789037e-16
            ],
            [
                -2.59302283694937e-17,
                -4.865950813173915e-19,
                -3.419092110857749e-17,
                -0.18916551594069825,
                0.4523138423995013,
                4.943422402204367e-18,
                4.1879458497812707e-17,
                1.0449523600252513,
                -0.013366752329442287,
                -4.579965739977164e-16,
                -9.110261528723078e-18
            ],
            [
                0.001458456662464692,
                -0.04133697514796931,
                0.324362078008265,
                -9.877172754476688e-17,
                -9.245780924473386e-17,
                0.4195690842341418,
                0.4906041676860229,
                4.958456787562292e-16,
                1.1410637350729591e-15,
                1.258526191800883,
                -0.8802423852139049
            ]
        ],
        [
            [
                0.00014633250912410347,
                0.16933421578001892,
                -0.308974869830649,
                -8.204605929227109e-18,
                -1.209318723601511e-16,
                0.05865986940559832,
                1.526784810481591,
                4.66368913753237e-16,
                3.001696204593782e-16,
                0.4123514603995601,
                -0.464958793319284
            ],
            [
                0.002112869340583698,
                -0.02045081064116351,
                -0.07968274543976517,
                3.698094025986244e-17,
                7.789179907526056e-17,
                1.4669975324752014,
                -0.6438086428140879,
                2.336285417239859e-16,
                7.740898394589188e-17,
                0.17573363801264688,
                -0.8102921635419994
            ],
            [
                0.9954787229269704,
                -0.2278706276816057,
                -0.06988930250032277,
                2.0900516564040202e-17,
                -2.5814608082764985e-18,
                0.06604381626218124,
                0.04533814686508082,
                7.152801394577188e-17,
                4.6010671929393214e-17,
                0.057024685567243716,
                0.08598859864332174
            ],
            [
                0.021627991753088355,
                0.49315819685304196,
                0.1492877741007079,
                3.2616084584804704e-17,
                -6.649214089447694e-17,
                -0.07929283876836316,
                -0.13383077625771322,
                -6.197528593552545e-16,
                -4.0629858105276256e-16,
                -0.4452265334693541,
                -1.5790170777030033
            ],
            [
