{
    "dist": 0.825,
    "thetas": [
        2.1855667552925073,
        -0.013626910764637845,
        -1.859523032357932,
        1.585069256382293,
        0.8220384850650033,
        -2.7839212907039954,
        -2.872867837764958,
        -0.5027397606753228,
        3.060297672971223,
        -2.5741139851023065,
        -2.3744251662846403,
        0.2496673797027653,
        1.8406245937279886,
        -0.716805742586871,
        -1.0835715142998037,
        -2.8692551741767,
        -1.0142829333960175,
        0.27121062892473846,
        0.33197733616490144,
        1.363914835828135,
        0.40354106223186115,
        0.6218572486113025,
        1.8077324953950757,
        2.288024164747765,
        1.9156297680911916,
        -1.4815332252829163,
        0.49399948671315874,
        -2.2878061385722064,
        0.47215045733477545,
        -2.8732461523736585,
        1.9721328625056227,
        -1.3432578969727325,
        2.807964494593704,
        2.0480359071919585,
        -2.8761355781010147,
        -0.6624231992419629,
        -1.2241454708515218,
        1.6813635975262828,
        -2.651227798597092,
        -0.001082322442041761
    ],
    "oo": false,
    "mo": [
        [
            [
                0.0001463326336991343,
                0.16933423231312691,
                -0.30897479690942753,
                -5.721816500904204e-17,
                -2.7751243160718253e-17,
                0.05865982380327174,
                1.5267849247786636,
                -4.039553337767704e-17,
                -8.806297757626639e-16,
                0.412351307770699,
                -0.4649586015514714
            ],
            [
                0.002112868704002452,
                -0.02045076056979861,
                -0.07968267795941214,
                1.0845154238304739e-16,
                1.083530749981673e-17,
                1.4669975789502443,
                -0.6438084772113594,
                2.0200286402320463e-16,
                -7.290913247746371e-16,
                0.1757338303563616,
                -0.8102921771651853
            ],
            [
                0.9954787241012347,
                -0.22787059798172365,
                -0.06988930733218642,
                -8.526364770788155e-17,
                -2.5830574036519138e-17,
                0.0660438373764624,
                0.04533815180847698,
                -2.4755424972506144e-17,
                -1.3867070593067573e-16,
                0.05702468996666223,
                0.08598863808588203
            ],
            [
                0.02162798582795118,
                0.4931579664842946,
                0.14928767360246814,
                -9.344927526890607e-17,
                3.95393612323061e-17,
                -0.07929287645969853,
                -0.13383070962219645,
                3.862485073021273e-16,
                1.191537338370663e-15,
                -0.4452263563328972,
                -1.5790172129355897
            ],
            [
                -0.0061825488773598666,
                0.5010268874516938,
                0.2936262081327306,
                1.2223784430556743e-16,
                -1.0733283201601243e-16,
                -0.833016045067278,
                -0.2442796315211588,
                -4.92273309820761e-16,
                -3.452231918070079e-16,
                0.13281302291073513,
                2.2342083564363002
            ],
            [
                -7.652014913108405e-17,
                -8.545091116719302e-17,
                -2.2821198743666458e-17,
                0.5469296928146866,
                -0.3701637101738989,
                -1.723384677234731e-16,
                -7.357359900171666e-17,
                -0.9127933228000573,
                0.2512580304727551,
                4.604820144907604e-16,
                -2.2204908803217883e-16
            ],
            [
                9.603029703415022e-17,
                1.4957857535317994e-17,
                1.0390846551470988e-16,
                0.37016371017389815,
                0.5469296928146863,
                1.567326378747975e-17,
                1.2717732905743388e-16,
                -0.2512580304727551,
                -0.9127933228000576,
                -2.959520490889569e-15,
                -3.4804647452364056e-17
            ],
            [
                -0.0016462600101770548,
                -0.11113341962117695,
                0.5582746598511373,
                1.1066593068559153e-16,
                -8.219895833301955e-17,
                0.22865144552381184,
                0.4303588289079303,
                2.026534629190353e-16,
                2.5965276000763334e-15,
                -0.8514609972741153,
                0.3020128995208376
            ],
            [
                1.6431310178839902e-17,
                -2.0965141372168113e-17,
                -3.07997670348341e-17,
                0.4060255284649526,
                -0.2747993353010893,
                -9.403099417597607e-17,
                3.6453238425985166e-17,
                1.0075634064585663,
                -0.2773447074597546,
                -5.093426701420622e-16,
                1.7166817825380631e-16
            ],
            [
                -1.545115061708093e-16,
                3.315624327971176e-18,
                6.249622106116886e-17,
                0.27479933530108913,
                0.40602552846495393,
                3.5679669278270146e-17,
                -1.8271013782222544e-16,
                0.2773447074597545,
                1.0075634064585652,
                3.019796166191613e-15,
                3.8738775857354524e-17
            ],
            [
                0.0014584566624646449,
                -0.04133697514800404,
                0.324362078008323,
                -1.2114525912619199e-16,
                -9.892819815389542e-17,
                0.4195690842339394,
                0.49060416768562454,
                -1.5545538599668918e-16,
                -3.582409975749441e-15,
                1.2585261918011903,
                -0.8802423852137606
            ]
        ],
        [
            [
                0.0001463325091239508,
                0.16933421578009972,
                -0.3089748698307055,
                -2.612912142578436e-16,
                3.8028203672826097e-17,
                0.05865986940554781,
                1.526784810481697,
                5.567502186212051e-16,
                -4.695493207814948e-16,
                0.412351460399289,
                -0.46495879331911316
            ],
            [
                0.002112869340583624,
                -0.020450810641102744,
                -0.07968274543982565,
                8.731856073108971e-17,
                -6.043658333320475e-17,
                1.4669975324752464,
                -0.6438086428139538,
                -7.858123769339248e-16,
                1.4604437863175316e-16,
                0.1757336380129005,
                -0.8102921635419673
            ],
            [
                0.9954787229269714,
                -0.2278706276815759,
                -0.06988930250035716,
                -1.0462220859369858e-16,
                -6.116942758321995e-17,
                0.06604381626219276,
                0.04533814686509113,
                1.492029722837826e-16,
                -1.7430444205232393e-16,
                0.05702468556723803,
                0.08598859864335584
            ],
            [
                0.021627991753085832,
                0.49315819685285167,
                0.14928777410070979,
                -1.227210529465964e-16,
                -6.214093859319913e-17,
                -0.0792928387683379,
                -0.13383077625769987,
                -5.09022488410832e-16,
                4.4044432753497373e-16,
                -0.4452265334691512,
                -1.5790170777031225
            ],
            [
