{
    "dist": 0.825,
    "thetas": [
        2.830292529664302,
        -1.3161554982377885,
        2.3138906146080664,
        1.7926006138769264,
        -0.8056669505775651,
        -0.6842470368635021,
        1.988065916926888,
        1.0279108726635657,
        2.2478519852938046,
        1.5172433989400274,
        1.0390654303130313,
        1.2173868599350657,
        -1.6681467403549353,
        2.736038079650694,
        1.2281751786387307,
        0.5880475170514226,
        0.5792178168397495,
        2.3186216093984537,
        2.544651754696443,
        0.20810838014218325,
        -2.84414722614307,
        1.0486728991472214,
        1.7496481108822177,
        3.04237855011527,
        -2.9373252832894425,
        -2.120084351655082,
        2.2498224214658036,
        -0.8067266665731956,
        2.664372052366776,
        1.9546659025502526,
        0.47498217055780456,
        0.4534616092773205,
        2.9644732223995502,
        1.4515888763411802,
        -1.8121575832237378,
        -1.8345214820930618,
        1.3253969360738322,
        -2.4090702818534,
        -2.269592057169401,
        -2.3406893074721826
    ],
    "oo": false,
    "mo": [
        [
            [
                0.00014633263369881556,
                0.1693342323132366,
                -0.3089747969093431,
                2.9098358805794026e-16,
                -9.892978573923669e-17,
                0.05865982380336811,
                1.5267849247785823,
                -5.3654477177849114e-17,
                -9.251761802037469e-16,
                0.41235130777096946,
                -0.46495860155150603
            ],
            [
                0.002112868704004001,
                -0.0204507605698432,
                -0.07968267795909835,
                -8.164501634172663e-17,
                3.268420793314491e-17,
                1.4669975789502605,
                -0.6438084772114726,
                8.592416277446721e-16,
                2.597705269095796e-16,
                0.1757338303565355,
                -0.8102921771650599
            ],
            [
                0.9954787241012331,
                -0.2278705979817213,
                -0.06988930733221914,
                -3.6470231167598473e-17,
                9.785140082769586e-18,
                0.06604383737646181,
                0.045338151808482836,
                -1.4680035408472628e-16,
                -3.314501116386965e-17,
                0.05702468996665377,
                0.08598863808588449
            ],
            [
                0.021627985827960355,
                0.4931579664843457,
                0.14928767360253534,
                6.303161280154827e-17,
                -3.511641279909497e-17,
                -0.07929287645963791,
                -0.13383070962228835,
                -3.1050904117917584e-16,
                1.0848697690189569e-15,
                -0.4452263563326067,
                -1.579017212935646
            ],
            [
                -0.006182548877363534,
                0.501026887451567,
                0.29362620813265755,
                -2.848662695319815e-16,
                3.303876367499894e-18,
                -0.8330160450673902,
                -0.2442796315209916,
                -1.1259791590152156e-16,
                -7.609374778773295e-16,
                0.13281302291023214,
                2.2342083564363464
            ],
            [
                3.5448294112510707e-17,
                6.418879972793336e-19,
                7.727691985961273e-17,
                0.5619167814914082,
                -0.34699105448227774,
                -9.345450880032848e-17,
                -3.2840718770357626e-16,
                -0.6401829461711394,
                -0.6974869485924067,
                -5.301401179250049e-16,
                -3.234079728125967e-16
            ],
            [
                -1.0812181576501555e-16,
                3.7209093206425824e-17,
                1.4176709018077084e-16,
                0.34699105448227696,
                0.5619167814914082,
                -1.1764137144558685e-17,
                -4.763435424465951e-17,
                -0.6974869485924065,
                0.6401829461711395,
                2.1577906700507626e-15,
                6.626757143815697e-17
            ],
            [
                -0.0016462600101766899,
                -0.1111334196213172,
                0.5582746598512488,
                -1.798040253108743e-16,
                3.517047804858989e-17,
                0.22865144552372227,
                0.4303588289080381,
                -1.0849810249561742e-15,
                1.3644842153819498e-15,
                -0.8514609972740687,
                0.30201289952062366
            ],
            [
                8.643644860677289e-17,
                -1.4801709711491927e-17,
                2.21570315379659e-17,
                0.417151529996517,
                -0.2575965944426951,
                -2.4020632898817454e-16,
                3.818163533418393e-16,
                0.706649461482039,
                0.7699030090717445,
                4.853078077601901e-16,
                2.9239692639275744e-16
            ],
            [
                2.254970824243988e-16,
                1.4314964279310625e-17,
                8.828704311025073e-17,
                0.2575965944426951,
                0.4171515299965175,
                -1.5326061618537472e-17,
                9.099044150323482e-17,
                0.769903009071744,
                -0.7066494614820392,
                -2.133731824553838e-15,
                -5.2222463795031744e-17
            ],
            [
                0.00145845666246501,
                -0.041336975148048315,
                0.32436207800834926,
                6.121615787519006e-17,
                -1.7703533092428904e-16,
                0.4195690842337927,
                0.49060416768536735,
                1.4735588587797217e-15,
                -1.977421050338492e-15,
                1.2585261918014703,
                -0.8802423852135607
            ]
        ],
        [
            [
                0.0001463325091241477,
                0.16933421578017138,
                -0.3089748698305412,
                2.7543453975323083e-17,
                -1.1509624257352435e-16,
                0.058659869405513945,
                1.5267848104818313,
                -3.533065280650319e-16,
                7.851690922432643e-17,
                0.4123514603992009,
                -0.4649587933188357
            ],
            [
                0.0021128693405831353,
                -0.02045081064102213,
                -0.07968274543974849,
                2.9251947765596125e-17,
                -4.412975651923515e-17,
                1.4669975324753208,
                -0.6438086428137876,
                8.323379793181492e-17,
                -2.3295890144133653e-16,
                0.17573363801334868,
                -0.8102921635418755
            ],
            [
                0.995478722926972,
                -0.2278706276815284,
                -0.06988930250040576,
                -1.227324538548603e-17,
                -1.0510369456060185e-17,
                0.06604381626221366,
                0.045338146865098364,
                -7.263182605083284e-17,
                -1.3167884157477489e-16,
                0.05702468556723377,
                0.08598859864341749
            ],
            [
                0.0216279917530821,
                0.49315819685254375,
                0.14928777410065502,
                1.0244757289317722e-16,
                -6.353899453049475e-17,
                -0.07929283876830623,
                -0.13383077625765916,
                1.8001787052849236e-16,
                1.089494363142844e-16,
                -0.4452265334686477,
                -1.5790170777033692
            ],
            [
