{
    "dist": -0.1,
    "thetas": [
        0.10303561663791783,
        0.4440175435037328,
        -2.9626838121493106,
        -2.0638903033331175,
        1.1641296091591355,
        2.0979358614283568,
        -1.2128670123447274,
        2.47314391898043,
        1.392001137158437,
        -1.9481710072691576,
        0.34072200379900464,
        -0.9290823338613339,
        -1.9987289817083937,
        1.7944887938507428,
        2.924717343797493,
        -1.6816715396059143,
        -2.6165606813494104,
        0.6506139255218115,
        1.4388039280401017,
        -1.40593290510329,
        1.1643140023190055,
        0.11226465135129837,
        -2.836955320406834,
        -2.275334685827516,
        -1.966841668758823,
        3.1058909736072735,
        0.129844516818022,
        0.495049251658644,
        1.475411656763927,
        0.2636535907361983,
        2.5959203631973624,
        1.934719368471801,
        -0.609482604949342,
        -0.8970859114113354,
        2.84550831983512,
        -0.9824917722923239,
        2.293989801545284,
        2.0751960685763695,
        0.2397754572129318,
        2.6544533544477575
    ],
    "oo": false,
    "mo": [
        [
            [
                -0.09342635889561579,
                0.296012202544263,
                0.1860166411015251,
                -6.051414434521682e-17,
                -1.3681022261730913e-17,
                0.07360366479674375,
                -0.36302956424073857,
                -7.250086496761943e-17,
                1.6786894001962217e-16,
                -1.2775431316917407,
                13.94741203356819
            ],
            [
                -0.016049491883634616,
                0.04234403273457435,
                0.02217627848259994,
                -9.209910491770382e-17,
                -3.220456959034073e-18,
                2.0628862873937455,
                -0.42369500879643857,
                -1.2925184231466457e-16,
                9.325664768154219e-17,
                -1.8240415602807134,
                1.7565953646110062
            ],
            [
                1.0124718036474982,
                -0.2780639039864509,
                0.008842690067769108,
                -2.9053613686157816e-18,
                1.2207078326909021e-18,
                0.07116483689157263,
                0.05037098224915801,
                8.764833858121624e-18,
                -2.930206161495829e-17,
                0.23572377638785252,
                -1.976613180204673
            ],
            [
                0.04905855994059063,
                0.4876295980329474,
                -0.16223061341958972,
                5.883324817489227e-17,
                -1.7262708772553467e-17,
                -0.10990922265955072,
                0.06975305265719993,
                -2.294664689884458e-17,
                1.9175569627933804e-17,
                -1.0864032431880972,
                -7.705107312042886
            ],
            [
                0.060496112850668575,
                0.24432037391775543,
                -0.29597955388210395,
                1.370811402885895e-16,
                4.685667274781467e-17,
                -1.5668981400552406,
                0.664812309639261,
                2.1040379605891283e-16,
                -2.811344730466105e-16,
                3.840371496308843,
                -7.589466571886459
            ],
            [
                2.5702640397546398e-20,
                2.0981911233116764e-17,
                1.7233975360146578e-16,
                0.7546985242379356,
                -0.1503233706495058,
                1.957785805581126e-17,
                6.095276642392717e-17,
                -0.8599602568768278,
                0.02787270312484713,
                -1.1474326669501564e-18,
                -2.678385780956729e-20
            ],
            [
                -2.1008687600456556e-19,
                -7.74459886685223e-18,
                7.573241125525768e-17,
                0.15032337064950532,
                0.754698524237934,
                -1.0730708885456216e-16,
                -3.0377965392571605e-16,
                -0.027872703124847353,
                -0.8599602568768292,
                -3.8375761348980516e-17,
                -1.9185495170286157e-20
            ],
            [
                0.03279461921947463,
                0.18029367902481963,
                0.7787472767304711,
                -2.648039549879955e-16,
                1.7543650643797846e-17,
                -0.029128933640709186,
                -0.7490295746244938,
                -5.972617005634989e-17,
                2.5560255951764596e-16,
                0.24970927301608084,
                -1.8301547171957737
            ],
            [
                -1.0500998447591193e-20,
                1.2801225087228035e-18,
                1.1495630826734297e-16,
                0.3540334724206711,
                -0.07051756852282537,
                4.0490404251466663e-17,
                -1.087967439654043e-16,
                1.095856523253297,
                -0.03551848273895429,
                -1.956778257665209e-17,
                7.63108622737888e-21
            ],
            [
                7.379733846473286e-20,
                -9.698822009142036e-19,
                1.909144824679198e-18,
                0.0705175685228263,
                0.3540334724206728,
                7.61001537513054e-17,
                3.7828983206613795e-16,
                0.035518482738954534,
                1.095856523253297,
                3.3128914077315726e-17,
                -5.004111305244911e-20
            ],
            [
                -0.0009983876817837157,
                0.0033717928146739856,
                0.2618100062692471,
                -8.759563294258674e-17,
                -1.4118260724470387e-17,
                -0.016041889513831023,
                1.163800535002277,
                9.243639282651554e-17,
                -3.974467970788086e-16,
                0.13116353271134482,
                -1.0666466867987858
            ]
        ],
        [
            [
                -0.09342635520442522,
                0.2960120487533484,
                0.18601655377930298,
                1.4791536826608326e-17,
                -1.2300000539245103e-16,
                0.07360361213762491,
                -0.36302944544981136,
                -1.87483581749265e-16,
                3.667996064434898e-17,
                -1.2775432011839751,
                13.947412035026046
            ],
            [
                -0.016049491794348114,
                0.042344044740539065,
                0.02217653040587619,
                4.6663633242809e-16,
                -1.700383007861218e-16,
                2.062886295520019,
                -0.4236947850844165,
                -2.276308560782435e-16,
                -2.842088098452724e-16,
                -1.8240415983525382,
                1.7565953660249753
            ],
            [
                1.0124718034517577,
                -0.27806387949276273,
                0.00884266952975198,
                9.093401451982001e-18,
                5.212389720141058e-18,
                0.0711648561789751,
                0.05037098941048716,
                3.2048187626987005e-17,
                -1.5973234001365813e-17,
                0.23572379592619203,
                -1.9766131806355325
            ],
            [
                0.04905855603326515,
                0.4876295692796599,
                -0.1622306232513382,
                5.227963462793782e-17,
                -2.1978699375000365e-17,
                -0.10990922856783199,
                0.06975306459295726,
                -4.2250394847550595e-17,
                -2.850892835474264e-17,
                -1.0864032484926736,
                -7.705107312740187
            ],
            [
                0.06049611188685378,
