{
    "dist": -0.1,
    "thetas": [
        -0.788287681898749,
        2.8319215077704234,
        1.4576609265440963,
        0.6198895383354297,
        -2.1612986243157413,
        -2.1614501754128375,
        -2.776642555026645,
        2.3007525789727232,
        0.6353243561202211,
        1.3073585636350948,
        -3.012256461474685,
        2.952530678803174,
        2.088798716157191,
        -1.8074266732364683,
        -1.9991526911557285,
        -1.9892281320082241,
        -1.2299822628030639,
        0.15554924748987276,
        -0.427602058948239,
        -1.3117459988749123,
        0.7027924646851598,
        -2.265126877899127,
        -1.3059936903421663,
        -0.8396733026956396,
        -0.27602042971168705,
        1.7918134105853962,
        -1.8870052793034098,
        0.0894376142963571,
        0.5806578612433215,
        -2.8497361028750756,
        0.6757242333299223,
        -2.0701579851181284,
        -2.732861440336058,
        2.8204310122755585,
        2.9256523487662305,
        1.9377176864584964,
        -1.2276478947550764,
        -2.5279006619437125,
        1.1575702452784116,
        -0.3760329720066755
    ],
    "oo": false,
    "mo": [
        [
            [
                -0.09342635889559736,
                0.2960122025442862,
                0.1860166411015178,
                -2.0050890425517511e-16,
                1.9453244149024223e-17,
                0.07360366479673576,
                -0.3630295642407014,
                -8.286471216478818e-17,
                -9.44749717411612e-17,
                -1.2775431316917263,
                13.947412033568195
            ],
            [
                -0.016049491883631996,
                0.042344032734572906,
                0.022176278482590163,
                -7.816057971185747e-16,
                -6.389865192498497e-17,
                2.0628862873937446,
                -0.42369500879641175,
                -9.218649641617101e-17,
                1.4562428575993104e-16,
                -1.8240415602807185,
                1.756595364611012
            ],
            [
                1.0124718036474953,
                -0.2780639039864578,
                0.008842690067769545,
                -1.1282535224500501e-17,
                -2.3308422699200287e-17,
                0.07116483689157029,
                0.05037098224915418,
                1.4553029977476357e-17,
                2.2366612361832935e-17,
                0.23572377638784633,
                -1.9766131802046747
            ],
            [
                0.049058559940582516,
                0.48762959803296835,
                -0.1622306134196003,
                2.63665785979106e-17,
                1.194892574314035e-16,
                -0.10990922265953836,
                0.069753052657198,
                -5.466354449728783e-17,
                4.491464137762886e-18,
                -1.0864032431880932,
                -7.705107312042888
            ],
            [
                0.060496112850656744,
                0.2443203739177132,
                -0.2959795538820737,
                9.206515248385334e-16,
                -1.9505259105682013e-17,
                -1.5668981400552269,
                0.6648123096391897,
                2.206229005295015e-16,
                -2.7276015204513596e-18,
                3.840371496308852,
                -7.589466571886468
            ],
            [
                1.173987151932934e-19,
                -1.0625854122633795e-17,
                2.1412365189481865e-16,
                -0.13810851583025166,
                0.7570290721666968,
                1.6403425953633246e-17,
                -1.176073673656007e-17,
                -0.8407207929123675,
                0.18302207340069018,
                8.88190700234256e-18,
                5.560048269382897e-20
            ],
            [
                7.741901419361998e-21,
                1.4541838526404254e-17,
                5.440714606163206e-16,
                0.7570290721666963,
                0.1381085158302517,
                7.287968073619284e-18,
                2.2362590929014755e-16,
                -0.18302207340069,
                -0.8407207929123683,
                5.0123651658958864e-17,
                1.202434617821087e-19
            ],
            [
                0.03279461921947225,
                0.1802936790248109,
                0.7787472767305224,
                -3.450408897606554e-16,
                -2.147831566860613e-16,
                -0.02912893364070112,
                -0.7490295746244522,
                -2.7216208497841468e-17,
                -2.1958278319111828e-16,
                0.24970927301606122,
                -1.8301547171957735
            ],
            [
                -3.307495487498954e-20,
                -3.669527996647684e-18,
                5.423045314197775e-17,
                -0.06478750899852705,
                0.35512674602505057,
                2.771541215160606e-17,
                8.619372546058394e-18,
                1.0713394692142282,
                -0.23322697930705438,
                -1.3597665228547848e-17,
                9.482770502958502e-21
            ],
            [
                -2.401280180440534e-20,
                4.458055353755005e-18,
                2.805801696236428e-16,
                0.3551267460250514,
                0.06478750899852702,
                -3.231881683196632e-17,
                -2.3757631019900627e-16,
                0.23322697930705383,
                1.071339469214228,
                -3.6313796542693156e-17,
                -1.7403523685517895e-20
            ],
            [
                -0.0009983876817852534,
                0.003371792814669462,
                0.26181000626918083,
                -3.2424613645595344e-16,
                -3.498839016929302e-17,
                -0.0160418895138298,
                1.1638005350022909,
                1.6235962983182367e-17,
                2.9065873710507306e-16,
                0.13116353271135378,
                -1.0666466867987872
            ]
        ],
        [
            [
                -0.09342635520438995,
                0.2960120487532977,
                0.1860165537793061,
                9.722405276958821e-17,
                -1.3500726289348443e-16,
                0.07360361213763002,
                -0.3630294454498164,
                -6.143748436771827e-18,
                2.835432555238777e-17,
                -1.2775432011839527,
                13.94741203502605
            ],
            [
                -0.016049491794343063,
                0.04234404474055123,
                0.022176530405816876,
                1.544698897169153e-16,
                -2.022538894486919e-16,
                2.0628862955200358,
                -0.4236947850844286,
                -2.303167183383282e-18,
                7.702057458871155e-17,
                -1.8240415983525133,
                1.756595366024979
            ],
            [
                1.0124718034517526,
                -0.27806387949275024,
                0.00884266952974987,
                -2.0170379593789266e-18,
                -6.257498962487604e-18,
                0.07116485617898309,
                0.05037098941048858,
                9.107331632985476e-19,
                -2.09168633636202e-18,
                0.2357237959261974,
                -1.9766131806355358
            ],
            [
                0.04905855603324625,
                0.4876295692796302,
                -0.1622306232513185,
                -2.0533354969242462e-17,
                9.611546918441281e-17,
                -0.10990922856784112,
                0.06975306459294851,
                3.1016234495261774e-17,
                -1.8768969515275756e-17,
                -1.0864032484927073,
                -7.705107312740185
            ],
            [
