{
    "dist": 1.25,
    "thetas": [
        0.5537421544386962,
        2.498909051664074,
        2.460060126744791,
        1.9844653968763062,
        -2.9160917365612167,
        1.2048484202477079,
        -0.7622701226724877,
        0.11630770046138306,
        0.9924383276466164,
        -1.9235958127940909,
        -1.4305782372210243,
        1.3735415900651207,
        1.7781641208316445,
        2.2011734789331534,
        1.7294146738215828,
        -2.911224022186897,
        -2.40838429156288,
        1.578843198998931,
        -1.6385402723546971,
        -1.5405992506075,
        2.2470274829181465,
        2.8260449683589304,
        0.3875899599017809,
        -2.018281518058492,
        1.6980429755320765,
        -0.047871339949845826,
        0.824687333071147,
        2.133128361069385,
        -0.24479669277424554,
        -0.012942901129407325,
        1.1272732977552549,
        0.9474158401493504,
        -1.4527023588714385,
        -2.718579295467798,
        1.7055401050398515,
        -0.119480220538136,
        -1.073127789488372,
        0.0668597278125862,
        -1.4851638708039598,
        -1.1905910446293386
    ],
    "oo": false,
    "mo": [
        [
            [
                0.000289241826689364,
                0.05610981518953929,
                -0.243824123771014,
                1.656129489612475e-16,
                -4.1964785261360314e-16,
                -0.4064186063519473,
                -3.28458279188891e-16,
                -1.64324520684694e-16,
                -0.04319013369262329,
                1.0841787991216814,
                0.7024895646943675
            ],
            [
                0.0009587411937504369,
                0.00922999541253213,
                -0.22597404623029466,
                2.1387231496517602e-16,
                -3.850757910453814e-16,
                -0.33974128817095867,
                -9.998588112808836e-16,
                -1.0157133154347743e-15,
                -0.20113806089845582,
                -0.2334992267663491,
                -1.5002275134157952
            ],
            [
                0.9955719543997353,
                -0.2365514432702532,
                -0.03874357125317899,
                7.96669317699948e-17,
                -2.222294514597643e-16,
                -0.04836202176291098,
                7.136118666957849e-16,
                5.506017539126598e-16,
                0.11458013712577847,
                -0.005255472041421378,
                -0.004853799184269362
            ],
            [
                0.020737146158126683,
                0.5124901406223836,
                0.09833819674174407,
                1.1094100977943842e-16,
                9.375030420508159e-17,
                0.25739977213368626,
                -9.090381368527397e-15,
                -7.007503655569025e-15,
                -1.4681064393315024,
                0.32707882474996164,
                -0.2808151063159411
            ],
            [
                -0.004796707908435192,
                0.5597123464540176,
                0.13856086041047802,
                -3.1260227290729917e-16,
                3.6294440822671457e-16,
                -0.007096552671682991,
                9.322406112730936e-15,
                7.22769054987339e-15,
                1.5173898418145528,
                -0.4327317828350478,
                0.7515809080147391
            ],
            [
                -8.167328349245575e-17,
                2.2721782161466452e-17,
                1.1866051164802776e-15,
                0.5219553949555933,
                -0.41079344358734604,
                1.1598748642265382e-16,
                -0.3189035134507829,
                0.8885872893130079,
                -2.411035441283761e-15,
                5.440497341541228e-17,
                -6.444029055129574e-17
            ],
            [
                5.713365186367049e-17,
                -1.045471574361109e-17,
                -6.6222294982653935e-16,
                0.41079344358734604,
                0.5219553949555928,
                -1.5447922193055936e-16,
                0.8885872893130086,
                0.31890351345078305,
                -8.295844403961958e-15,
                -1.9034474251538647e-16,
                2.0218642064501573e-16
            ],
            [
                -0.0010347614625791763,
                -0.028425559811245858,
                0.5164989320720813,
                -2.555222982916922e-16,
                8.215332622628346e-16,
                -0.798859230612938,
                -1.7881169267873897e-15,
                -1.0781447420737324e-15,
                -0.23792967548785077,
                -0.553208623875142,
                0.3385088799469296
            ],
            [
                -6.218183543876754e-17,
                2.000201351596489e-18,
                8.030856644117582e-16,
                0.38196265147527253,
                -0.30061525263979655,
                -6.571681826889e-17,
                0.3536694463965311,
                -0.9854584895779998,
                2.735785885011891e-15,
                -2.6335971978875637e-17,
                8.352215804583689e-17
            ],
            [
                4.2338271294090796e-17,
                -2.6704707933744605e-18,
                -4.743338723351097e-16,
                0.30061525263979694,
                0.3819626514752732,
                1.5108215226006457e-16,
                -0.9854584895780003,
                -0.3536694463965311,
                8.94305884770074e-15,
                1.8553130730579757e-16,
                -2.1476233825984854e-16
            ],
            [
                0.0008859785255414945,
                -0.034722717165817325,
                0.39165014441624124,
                -4.0844219925107866e-16,
                9.302299511062298e-16,
                0.1941433183238501,
                1.666872005676093e-15,
                8.451423605577112e-16,
                0.20197396840934265,
                1.0552059381723178,
                -0.7351218435114667
            ]
        ],
        [
            [
                0.000289241826689364,
                0.05610981518953929,
                -0.243824123771014,
                1.656129489612475e-16,
                -4.1964785261360314e-16,
                -0.40641860635197385,
                -1.1595344142533895e-17,
                -3.476180381921465e-17,
                -0.04319013369077421,
                1.0841787991711922,
                0.7024895646180532
            ],
            [
                0.0009587411937504369,
                0.00922999541253213,
                -0.22597404623029466,
                2.1387231496517602e-16,
                -3.850757910453814e-16,
                -0.3397412881710648,
                3.0728453515125847e-16,
                -1.4128326913238827e-16,
                -0.20113806090100428,
                -0.23349922687198213,
                -1.5002275133989877
            ],
            [
                0.9955719543997353,
                -0.2365514432702532,
                -0.03874357125317899,
                7.96669317699948e-17,
                -2.222294514597643e-16,
                -0.048362021762849344,
                -1.0334817108437672e-16,
                8.559428543567173e-17,
                0.11458013712579386,
                -0.005255472041805104,
                -0.004853799184101234
            ],
            [
                0.020737146158126683,
                0.5124901406223836,
                0.09833819674174407,
                1.1094100977943842e-16,
                9.375030420508159e-17,
                0.25739977213289633,
                1.2976902483249485e-15,
                -1.0918131982579471e-15,
                -1.4681064393320165,
                0.32707882473070854,
                -0.28081510633639656
            ],
            [
