{
    "dist": 1.875,
    "thetas": [
        1.704757879308132,
        -3.011204310279467,
        0.8397366260192594,
        1.563280899135842,
        -0.009380718364163876,
        -1.7291536732871136,
        -1.8971269718342263,
        1.6369627429575306,
        -2.0790379300152217,
        -2.586537231132677,
        1.1646500873100205,
        2.8487544111850127,
        -3.1167849646094092,
        0.07660625016677525,
        1.9642554329689128,
        0.70702212977712,
        1.3933297522764283,
        -1.3076812305427234,
        2.6249522282931705,
        1.3482194095209188,
        0.2673141479915979,
        -2.2483118993788564,
        -0.7958234754631421,
        1.0941137716709264,
        -0.3654729438307087,
        -0.4146023075677032,
        0.7399517487893483,
        0.08255001257991035,
        0.94497336375301,
        0.6348464674842362,
        1.917773905749895,
        0.1360130698619595,
        2.567616643692406,
        -1.1357731497354906,
        -2.5732197993538017,
        -1.2522384758651308,
        -2.425407785880496,
        2.0651656802006935,
        -2.846934388642458,
        0.7934855547557511
    ],
    "oo": false,
    "mo": [
        [
            [
                -0.00012599241541802873,
                0.015842856223169836,
                2.160084837406614e-17,
                2.4981244578572538e-17,
                -0.19777903927474283,
                0.29506606694388676,
                1.2947116856317469,
                7.246149948967852e-17,
                -2.0492496466275793e-17,
                0.0533443598609457,
                0.13554078000653966
            ],
            [
                0.0005730967543096643,
                0.015233558960358133,
                4.6958057562101295e-17,
                9.184233248565128e-17,
                -0.36001210878279766,
                0.6735284764837223,
                -1.1836774298074615,
                7.226604885009567e-17,
                5.3697745662961e-16,
                0.13410708329448515,
                -0.34163209452090443
            ],
            [
                0.9955904360923649,
                -0.23963368706797278,
                -1.0163830275221492e-17,
                -4.753300859958494e-18,
                -0.016814319000188177,
                0.02063139962105803,
                -0.020764112167366722,
                6.651655882339113e-17,
                -1.8048821158317086e-17,
                0.027720904610668434,
                0.11644329809158192
            ],
            [
                0.02038883334025031,
                0.5252762386386384,
                5.976380466239867e-17,
                -2.811571480215699e-16,
                0.049871910758125554,
                -0.039433038760292534,
                0.07999933145441392,
                -3.0010841541459694e-16,
                1.0175549972128511e-15,
                -0.3142968748645467,
                -1.46522145408294
            ],
            [
                -0.004206177110464235,
                0.5624362234481296,
                -9.555467898398835e-17,
                3.2590755575851e-16,
                0.050647259826789665,
                -0.10928091260890922,
                0.09129901603874059,
                2.530352463329748e-16,
                -1.0986095074308301e-15,
                0.2848710763723382,
                1.4813531211504343
            ],
            [
                5.691246649356989e-17,
                9.937563547200871e-17,
                -0.021489010063134164,
                0.6681413658058293,
                2.3926336533252617e-16,
                4.7531617379673336e-17,
                1.1585825649721838e-17,
                -0.8458117237317221,
                -0.4125571172348057,
                1.4544638792851045e-15,
                -4.820539699174093e-16
            ],
            [
                3.523984815019122e-17,
                1.705389310964048e-17,
                0.6681413658058287,
                0.021489010063134244,
                1.491555925431632e-16,
                4.4154193334354437e-17,
                5.669529168929329e-18,
                0.41255711723480615,
                -0.845811723731722,
                1.2165155244969567e-15,
                -1.1714074857449875e-15
            ],
            [
                -0.0004784119692822543,
                -0.0024463193769844417,
                -1.8031823375819835e-16,
                -2.9130171792214083e-16,
                0.4984405921306578,
                0.37793229055309036,
                0.01892001115101917,
                -8.042677322780484e-16,
                -1.8434002310337607e-15,
                -0.9509662771256066,
                0.2310058099795236
            ],
            [
                -7.795161693754428e-17,
                3.043492549595268e-17,
                -0.015472611902450096,
                0.4810780961390938,
                2.1940192172125887e-16,
                8.755951655157471e-17,
                -2.5895129292053835e-17,
                0.9429939231633933,
                0.45995916537286785,
                -1.5700850026788099e-15,
                4.576940625429034e-16
            ],
            [
                -4.571347808581095e-17,
                7.651999843198954e-18,
                0.48107809613909414,
                0.015472611902449813,
                1.207992049895453e-16,
                4.9527588559255335e-17,
                -1.5717073510337903e-17,
                -0.459959165372868,
                0.9429939231633931,
                -1.2361718112044894e-15,
                1.0924967448830779e-15
            ],
            [
                0.0003172011600521413,
                -0.010045786004731357,
                -6.886238093439996e-17,
                -6.418998713228056e-18,
                0.40550542135130896,
                0.3704376314271466,
                -0.1570822044633446,
                8.198259220261246e-16,
                1.9938620988697647e-15,
                1.0382804761610573,
                -0.29524938589830496
            ]
        ],
        [
            [
                -0.0001259925250783302,
                0.0158428440491082,
                8.535378732242213e-18,
                -9.022930659890788e-17,
                -0.1977782719303578,
                0.2950662625409596,
                1.2947117526638574,
                5.245480391808743e-17,
                3.814837181122054e-17,
                0.053344497559354206,
                0.13554078082119034
            ],
            [
                0.0005730969987197011,
                0.015233553578234695,
                -2.0982576061781833e-17,
                -1.0597010803806716e-16,
                -0.3600108526931478,
                0.6735294099623816,
                -1.183677272512466,
                -1.7498711286948604e-16,
                -2.0876232545440773e-16,
                0.1341068875764382,
                -0.34163219988958676
            ],
            [
                0.9955904346466483,
                -0.2396337082964908,
                7.129957397731673e-18,
                -4.470199857380631e-17,
                -0.01681422342963987,
                0.020631466958584463,
                -0.020764107418674935,
                4.752801538095959e-17,
                4.7038063000058854e-17,
                0.027720934842038216,
                0.11644326228457176
            ],
            [
                0.020388839998229425,
                0.5252764281307767,
                -2.4102049609944567e-17,
                1.3038135355636878e-16,
                0.049871857114753164,
                -0.03943313645869875,
                0.07999936085246886,
                -6.859620032835265e-16,
                -4.622543052303654e-16,
                -0.3142975934999659,
                -1.4652212294986562
            ],
