{
    "dist": 1.475,
    "thetas": [
        2.285571396673803,
        -1.3514756789437503,
        -2.681309192325017,
        1.6539681345510768,
        -0.297074922600983,
        0.265759097311558,
        1.4239946207429375,
        2.1922354457653626,
        1.6851501599552883,
        1.4648852168254765,
        -1.621147105353423,
        1.3842403401038794,
        -2.7747972234408573,
        -0.5675668759471639,
        0.6953744050146056,
        -1.5336320738538296,
        -1.3466629957570095,
        1.1590199036646274,
        2.142061872320946,
        1.9424682268417985,
        -3.1411936979972466,
        2.661620723129924,
        1.9287190028927457,
        2.865210417567324,
        -0.09595058622705643,
        1.0214825905762295,
        1.4690505556903348,
        -0.21292378582540206,
        1.9191876336743157,
        -0.38963584749314606,
        -2.330811864735062,
        0.8931583869241067,
        -0.13418557120045138,
        0.9935021116792697,
        -2.6178707404175032,
        1.0287028169829453,
        -0.056925124332792176,
        1.6041885760146908,
        -0.4531873031628644,
        -1.0693315257619167
    ],
    "oo": false,
    "mo": [
        [
            [
                0.00011464823852372431,
                0.03385365933081144,
                -1.4944202639449782e-16,
                1.0944271353206934e-17,
                -0.22159214735141564,
                0.25947409312779507,
                1.2586552179713804,
                -2.046659678751923e-16,
                1.2311033874100735e-17,
                0.2887046478351527,
                -0.18344612071676872
            ],
            [
                0.0007453572833985549,
                0.01474342958651339,
                -1.3585856607727633e-16,
                -7.931129841679997e-17,
                -0.28927506162169475,
                0.8219179846884327,
                -1.2293966665229625,
                1.7223270971192436e-16,
                1.9878380885591018e-17,
                -0.08377215455245082,
                -0.2903729394554914
            ],
            [
                0.99558502851471,
                -0.23834424137411037,
                1.6083858554363482e-16,
                4.841104663410773e-17,
                -0.02844272264258719,
                0.03564310424149581,
                -0.00741573357155125,
                -6.139029452493727e-17,
                7.956922139608159e-18,
                0.05799757335565512,
                0.10304015401674872
            ],
            [
                0.0205289948646427,
                0.5194619327385168,
                -3.796164978786752e-17,
                -3.232296107694394e-16,
                0.07693622520322982,
                -0.058707874842584745,
                -0.038867420841597486,
                9.904357916369445e-16,
                -1.0892113389695803e-16,
                -0.6835001671325216,
                -1.359993201265327
            ],
            [
                -0.004457844785992686,
                0.561776879435922,
                1.6608024782471636e-16,
                2.9822416711664095e-16,
                0.09905822747000957,
                -0.2509582519540333,
                0.28636200702203607,
                -9.979584000328429e-16,
                1.0888515665659563e-16,
                0.6666264900291362,
                1.429396507658934
            ],
            [
                2.8615021149520765e-18,
                3.242172939212637e-17,
                -0.23704791976322925,
                0.6230374599145257,
                1.1060842869712686e-16,
                -3.0044633753465214e-18,
                -2.1976666225386823e-17,
                -0.3897713426518671,
                -0.8580130633994056,
                -2.246071906711034e-16,
                -1.2514664232218844e-16
            ],
            [
                -4.480540704921026e-17,
                -3.3929974009805283e-18,
                0.6230374599145259,
                0.2370479197632288,
                -4.622895527666074e-16,
                -3.243556138719498e-17,
                -6.338745838220162e-18,
                -0.8580130633994065,
                0.389771342651867,
                -7.696653031535135e-16,
                -2.757973295917654e-16
            ],
            [
                -0.0007816925070953658,
                -0.013002715017624837,
                3.367379363311515e-16,
                3.459959188892067e-17,
                0.5049162302592187,
                0.3741972537382685,
                0.19910384283113586,
                5.912052574590099e-16,
                -7.473433677595423e-17,
                -0.8437711069775974,
                0.46983500497896086
            ],
            [
                1.300187149026243e-17,
                1.4669241935619493e-17,
                -0.17190480425943186,
                0.4518205968644576,
                6.213116147792154e-17,
                -3.367016327321652e-17,
                1.1655122753759062e-17,
                0.43354365228422753,
                0.954370105002831,
                2.231511844252352e-16,
                4.444920238983212e-17
            ],
            [
                1.301713931819255e-17,
                -5.656866060601437e-19,
                0.45182059686445847,
                0.1719048042594322,
                -3.4931209826028296e-16,
                -4.028566825196411e-17,
                9.6998397153372e-18,
                0.9543701050028313,
                -0.4335436522842272,
                8.511775943426862e-16,
                2.8595191249322713e-16
            ],
            [
                0.0005955898987851202,
                -0.022535902962244312,
                4.0567312613299213e-16,
                6.28193668128421e-17,
                0.3978089525190875,
                0.4254430589530759,
                -0.22763096792652393,
                -6.238788546675574e-16,
                1.1993246814673192e-16,
                0.9427355718524074,
                -0.6160941192093251
            ]
        ],
        [
            [
                0.00011464819364223689,
                0.03385345592864814,
                2.679389044235285e-16,
                -2.837102023302678e-17,
                -0.22159020634549095,
                0.25947447843932775,
                1.2586553360827635,
                2.8741670492292424e-16,
                -1.9799004384097522e-16,
                0.2887054232927676,
                -0.1834459270751272
            ],
            [
                0.0007453577560547016,
                0.01474323395144318,
                4.476029716683035e-16,
                -1.532659400861794e-17,
                -0.2892722864480154,
                0.8219196883703265,
                -1.2293961840825873,
                -2.5345341206132425e-16,
                1.3812798670284226e-16,
                -0.08377189864853896,
                -0.2903730080860844
            ],
            [
                0.9955850254383327,
                -0.2383442923171616,
                9.215703734490797e-17,
                -2.2455184037722246e-17,
                -0.028442617748127997,
                0.0356431043407357,
                -0.007415728460224257,
                5.414100277034631e-17,
                -5.4822983469906876e-17,
                0.05799741187317533,
                0.10304018608420658
            ],
            [
                0.02052900873910975,
                0.5194623200589289,
                3.3275238955715236e-17,
                2.1113942594907784e-16,
                0.07693586811457569,
                -0.05870811676874629,
                -0.03886748553097917,
                -9.084688024387274e-16,
                8.936306416977714e-16,
                -0.6834979235138907,
                -1.3599941886109026
            ],
            [
