{
    "dist": 1.475,
    "thetas": [
        0.5537421544386962,
        2.498909051664074,
        2.460060126744791,
        1.9844653968763062,
        -2.9160917365612167,
        1.2048484202477079,
        -0.7622701226724877,
        0.11630770046138306,
        0.9924383276466164,
        -1.9235958127940909,
        -1.4305782372210243,
        1.3735415900651207,
        1.7781641208316445,
        2.2011734789331534,
        1.7294146738215828,
        -2.911224022186897,
        -2.40838429156288,
        1.578843198998931,
        -1.6385402723546971,
        -1.5405992506075,
        2.2470274829181465,
        2.8260449683589304,
        0.3875899599017809,
        -2.018281518058492,
        1.6980429755320765,
        -0.047871339949845826,
        0.824687333071147,
        2.133128361069385,
        -0.24479669277424554,
        -0.012942901129407325,
        1.1272732977552549,
        0.9474158401493504,
        -1.4527023588714385,
        -2.718579295467798,
        1.7055401050398515,
        -0.119480220538136,
        -1.073127789488372,
        0.0668597278125862,
        -1.4851638708039598,
        -1.1905910446293386
    ],
    "oo": false,
    "mo": [
        [
            [
                0.00011464823852359637,
                0.03385365933081149,
                -1.6096041303946783e-17,
                1.5639765771157677e-16,
                -0.22159214735141583,
                0.25947409312779307,
                1.2586552179713824,
                -2.434018880668428e-17,
                -1.2036193556716466e-16,
                0.28870464783514044,
                -0.18344612071677702
            ],
            [
                0.0007453572833987578,
                0.014743429586515488,
                1.0875785088421682e-16,
                1.977069140828325e-16,
                -0.2892750616216963,
                0.8219179846884331,
                -1.2293966665229619,
                8.298972470056209e-17,
                7.091435289312147e-17,
                -0.08377215455245701,
                -0.2903729394554906
            ],
            [
                0.9955850285147104,
                -0.23834424137411067,
                -2.3168557451227793e-17,
                4.14324202380037e-17,
                -0.028442722642588125,
                0.03564310424149571,
                -0.007415733571551173,
                -3.323841542696462e-17,
                -2.857596989873064e-17,
                0.0579975733556587,
                0.10304015401674592
            ],
            [
                0.020528994864642394,
                0.5194619327385198,
                1.7149265710948918e-17,
                -1.1586724228582104e-16,
                0.07693622520323298,
                -0.05870787484258402,
                -0.03886742084159775,
                3.996380924416427e-16,
                4.157111746749712e-16,
                -0.6835001671325723,
                -1.3599932012653015
            ],
            [
                -0.004457844785992663,
                0.5617768794359185,
                5.1228702896449975e-17,
                1.6605059906510504e-16,
                0.09905822747001035,
                -0.2509582519540336,
                0.28636200702203607,
                -3.9220199834267456e-16,
                -4.434448079862053e-16,
                0.6666264900291899,
                1.4293965076589115
            ],
            [
                -2.2810413939021896e-17,
                -6.328110372866326e-17,
                0.47770505146954223,
                0.46493577677061937,
                1.4604086464480083e-16,
                2.8183388443185446e-17,
                -2.788478019957003e-17,
                0.6651274888709364,
                -0.6676178098769653,
                -1.4461702659693779e-16,
                -2.2796917100139746e-17
            ],
            [
                -1.6104968045235332e-17,
                -4.092170626120812e-17,
                -0.4649357767706197,
                0.47770505146954273,
                2.698645385123398e-16,
                -8.708405507357023e-18,
                -7.653920743471789e-18,
                -0.6676178098769652,
                -0.6651274888709362,
                -4.634366192409779e-16,
                -2.1827221958834335e-16
            ],
            [
                -0.0007816925070952431,
                -0.013002715017626627,
                7.542847456752085e-17,
                -2.1755486679367578e-16,
                0.5049162302592167,
                0.3741972537382686,
                0.19910384283113208,
                6.969404168129976e-17,
                3.413372606172278e-16,
                -0.8437711069775815,
                0.4698350049789937
            ],
            [
                7.949770453772753e-18,
                -3.7542919879623555e-17,
                0.3464269732830292,
                0.33716682170757667,
                6.504726059975265e-17,
                -1.0421073796631005e-16,
                1.404624792265557e-17,
                -0.7398229915976637,
                0.7425929819642416,
                1.495653284011973e-16,
                -8.319119699169663e-17
            ],
            [
                1.1445242678773458e-17,
                -1.237539863025689e-17,
                -0.33716682170757634,
                0.34642697328302957,
                1.9510820810941695e-16,
                -1.896103886291818e-17,
                8.074264210201474e-18,
                0.7425929819642415,
                0.7398229915976636,
                4.3484305972174827e-16,
                1.6346810865691386e-16
            ],
            [
                0.000595589898785089,
                -0.0225359029622456,
                2.529772304290404e-16,
                -1.0719069941475577e-17,
                0.3978089525190878,
                0.42544305895307744,
                -0.2276309679265181,
                -4.7383956884929696e-17,
                -3.7485406627910613e-16,
                0.942735571852385,
                -0.6160941192093601
            ]
        ],
        [
            [
                0.00011464819364226064,
                0.033853455928648045,
                -5.068880033967559e-18,
                4.1259114868827825e-16,
                -0.22159020634549262,
                0.2594744784393263,
                1.2586553360827646,
                1.0347688754995985e-17,
                -1.906807393268952e-16,
                0.28870542329275284,
                -0.1834459270751399
            ],
            [
                0.000745357756054591,
                0.014743233951445167,
                -7.42031465654355e-18,
                4.3344171901758525e-16,
                -0.2892722864480196,
                0.8219196883703255,
                -1.2293961840825873,
                2.2499249639420596e-17,
                1.1494532216849735e-16,
                -0.08377189864854746,
                -0.290373008086081
            ],
            [
                0.9955850254383327,
                -0.23834429231716114,
                -7.185637251399993e-18,
                9.00196850631846e-17,
                -0.02844261774812902,
                0.035643104340735476,
                -0.007415728460224152,
                -2.612577055103916e-18,
                -1.7007727701285164e-18,
                0.05799741187317987,
                0.10304018608420347
            ],
            [
                0.020529008739109372,
                0.5194623200589286,
                -3.968419520748822e-17,
                -1.0379709654787303e-16,
                0.07693586811457792,
                -0.05870811676874523,
                -0.03886748553098139,
                -2.015724645328812e-17,
                7.410254950166356e-16,
                -0.6834979235139558,
                -1.3599941886108693
            ],
            [
