{
    "dist": 0.725,
    "thetas": [
        2.3463261368903874,
        2.9439278084526643,
        2.319717710563025,
        0.1938720278250048,
        -1.6793174426784083,
        -3.0699718540344296,
        -0.4368772992954577,
        -0.6135444998792989,
        0.1424691618875915,
        -0.1357683511288812,
        0.34781498297773794,
        0.2726023879603252,
        1.639255247336484,
        1.3343888034911187,
        0.7519847877695871,
        -0.4643791018236456,
        -1.3252806848740173,
        2.9773202892406827,
        -1.0444284749192585,
        -1.766825043051343,
        -2.7281063583560097,
        3.033965123374311,
        -2.3382515167002618,
        -1.1175851867391877,
        -2.695845613805822,
        -1.7293214755701178,
        -0.6683115396232484,
        2.4890524741785924,
        -0.9709933288902195,
        3.045770542014389,
        -2.961063865698451,
        -0.931892285898047,
        -0.7479573583046881,
        1.6597670561412299,
        2.7570863008471456,
        -1.1329224215729323,
        -0.4242662269722661,
        -1.444216899225165,
        1.891589921605929,
        0.8685800355148432
    ],
    "oo": false,
    "mo": [
        [
            [
                -0.00014375611108209373,
                0.22016016265416538,
                -0.3261219720298047,
                3.7310719849727935e-17,
                -6.095671860526394e-17,
                0.6033653592807632,
                -6.870984024508884e-16,
                4.0846466896544855e-16,
                -0.031411446130057655,
                -1.1002575183396734,
                -1.3160996608078932
            ],
            [
                0.002507054007840778,
                -0.02242325943970482,
                -0.05700951813239744,
                -1.603919545310158e-17,
                4.6221357113505357e-17,
                0.06868441850773305,
                -9.049480915898702e-17,
                -5.695995030981257e-16,
                -0.1410519721411966,
                1.5274859271979282,
                -1.152576272070739
            ],
            [
                0.9954258160864349,
                -0.22472874690148043,
                -0.07917429497967171,
                -1.1781301467396549e-17,
                -2.5440364761144698e-17,
                0.07267969387099033,
                -1.3206977754579267e-16,
                -1.182517312852387e-17,
                0.107462393875698,
                -0.0020380738969575482,
                -0.027581433956879675
            ],
            [
                0.021991806568890764,
                0.488981749815856,
                0.16467100817132818,
                2.2305902424508344e-17,
                -1.06917412909721e-16,
                -0.5844789997019726,
                1.2125489759789205e-15,
                -2.983028657430721e-17,
                -1.3636000644966468,
                0.3069797111195636,
                -0.7011665897138429
            ],
            [
                -0.0065548723834802265,
                0.44906012181216154,
                0.36014249968450773,
                -1.2085711980985852e-17,
                4.064537453524966e-17,
                0.16746100058157318,
                -7.142041672876837e-16,
                1.4472477800746568e-16,
                1.4300647557489217,
                -0.6267272457321809,
                2.1778026234217895
            ],
            [
                5.76274330993652e-17,
                3.4218973017832073e-17,
                1.0743890754593853e-16,
                -0.25123436097163265,
                0.6120411471803152,
                6.867372229539806e-16,
                0.4399582415455139,
                -0.8373763699550225,
                2.286195868558728e-16,
                -7.802591478178769e-17,
                -8.322548306168784e-18
            ],
            [
                4.765550616725568e-17,
                -3.087521231460803e-18,
                2.6288312223469265e-17,
                0.6120411471803149,
                0.2512343609716329,
                -3.6687146557592365e-16,
                -0.8373763699550218,
                -0.43995824154551444,
                -6.919442698043303e-16,
                -1.0636627649554437e-16,
                1.1803270642413397e-16
            ],
            [
                -0.0018955922143594599,
                -0.14659248982135764,
                0.5673427073440792,
                2.3642161641865974e-19,
                -5.04294788773866e-17,
                0.8879179942783639,
                -4.456403425085174e-16,
                4.296571870456022e-16,
                -0.4192279322819802,
                -0.14595298290587294,
                0.2375222161692288
            ],
            [
                5.2357514000005095e-17,
                8.522495939700342e-18,
                8.062939874957105e-17,
                -0.18568193188624899,
                0.4523464949730684,
                -6.650825275632414e-16,
                -0.4863436199383396,
                0.9256620664364152,
                -1.226063333579997e-16,
                2.6651349333519907e-16,
                -5.596698241961461e-17
            ],
            [
                3.715686562389294e-18,
                -2.4675748254488836e-18,
                1.7461558152266272e-17,
                0.4523464949730684,
                0.18568193188624876,
                4.407113067895898e-16,
                0.9256620664364139,
                0.4863436199383407,
                7.679067095005527e-16,
                1.0789638692130299e-16,
                -1.5543724128550078e-16
            ],
            [
                0.0014429204451735119,
                -0.02559041704665847,
                0.29013167503621123,
                4.4563838037883036e-17,
                -1.2576659873573845e-16,
                -0.4045088791790595,
                -1.440831594385921e-16,
                -3.4549208355038105e-16,
                0.42114295833190024,
                -0.19475009514036293,
                -1.6449913288596862
            ]
        ],
        [
            [
                -0.00014375611108209373,
                0.22016016265416538,
                -0.3261219720298047,
                3.7310719849727935e-17,
                -6.095671860526394e-17,
                -0.6033653592807628,
                6.383618750350055e-16,
                -4.3414478874613997e-16,
                -0.0314114461300586,
                -1.1002575183396794,
                -1.3160996608078899
            ],
            [
                0.002507054007840778,
                -0.02242325943970482,
                -0.05700951813239744,
                -1.603919545310158e-17,
                4.6221357113505357e-17,
                -0.06868441850773492,
                -1.2806847620434907e-16,
                4.847034613110856e-16,
                -0.14105197214119836,
                1.5274859271979242,
                -1.1525762720707418
            ],
            [
                0.9954258160864349,
                -0.22472874690148043,
                -0.07917429497967171,
                -1.1781301467396549e-17,
                -2.5440364761144698e-17,
                -0.07267969387099059,
                -1.0157090173829807e-16,
                3.491753286520896e-17,
                0.1074623938756977,
                -0.002038073896957621,
                -0.027581433956879745
            ],
            [
                0.021991806568890764,
                0.488981749815856,
                0.16467100817132818,
                2.2305902424508344e-17,
                -1.06917412909721e-16,
                0.5844789997019749,
                1.3361107855040448e-15,
                -3.6013499253681657e-16,
                -1.3636000644966446,
                0.3069797111195604,
                -0.701166589713842
            ],
