{
    "dist": 1.65,
    "thetas": [
        -0.00192064113892787,
        -1.5334922117210585,
        -1.5198985611886016,
        -2.532615592894908,
        0.4032869687551237,
        -3.0411240589617163,
        -2.182808553520649,
        -0.1241071691169231,
        -2.5140735967996206,
        -0.5217312516932693,
        2.5990447134551884,
        -0.9379569794999609,
        -2.4215121476907453,
        1.3358579153864216,
        -2.5014230735418677,
        -0.5925016137506689,
        1.03975054660485,
        -2.2722550862248503,
        2.076172331284596,
        -2.3675061766595737,
        0.5516106050035505,
        -2.745133174819262,
        -0.018203995556216768,
        2.6916827881223995,
        1.9228484850886236,
        -1.8950637410754403,
        -0.9721121955634815,
        0.21825569210966034,
        3.0070286190191906,
        0.01912918844371969,
        -0.9585156002323929,
        -1.8046154715910256,
        -2.026616131905825,
        -2.4879616580176984,
        -1.9637753010659786,
        -2.8882939001022034,
        -1.6341479896602276,
        0.29055147512465496,
        -1.8360525055672188,
        3.0957504019029525
    ],
    "oo": false,
    "mo": [
        [
            [
                -1.2544122053015885e-05,
                0.023913381556994892,
                7.422198081407237e-18,
                -1.590793616675927e-16,
                -0.20937205361627273,
                0.27910244926342404,
                1.2833016166367868,
                1.6887137171568547e-16,
                -2.3547127475853222e-17,
                0.2145706925451541,
                -0.011561522584879054
            ],
            [
                0.0006597459014144588,
                0.015663173157070883,
                -3.480215001801345e-18,
                -1.6598881439011946e-16,
                -0.3255951162993993,
                0.7401063404980239,
                -1.22477191069593,
                -1.545472893196185e-16,
                7.854871934918354e-17,
                0.008452257382360558,
                -0.3199911534754277
            ],
            [
                0.9955892114395276,
                -0.23909680917036033,
                6.815008951923112e-19,
                2.8098180773460857e-16,
                -0.022520639241200426,
                0.028184218610513453,
                -0.014960644896832121,
                8.004412180362115e-17,
                -2.3664618622566786e-17,
                0.04021028660947012,
                0.1122385388268775
            ],
            [
                0.020444802674553494,
                0.5228053765458851,
                -3.289015631718326e-17,
                -5.221821084232284e-17,
                0.06349615577009454,
                -0.04982573073292265,
                0.014170945085038779,
                -9.647287747665246e-16,
                2.5568386406971634e-16,
                -0.46988584337336364,
                -1.4354775392397114
            ],
            [
                -0.004315480934560308,
                0.5621363034638234,
                3.878413644735036e-17,
                -8.005192342835448e-17,
                0.07519654608034725,
                -0.17445006046738443,
                0.20702623003391254,
                9.713472791424938e-16,
                -2.258134523520425e-16,
                0.44692702427562914,
                1.474847986137456
            ],
            [
                -1.0248815725541302e-16,
                8.312786904366556e-17,
                -0.11094963983521083,
                0.6584953958702289,
                -2.8990896053612787e-16,
                7.163257230596706e-17,
                7.852770878218321e-18,
                0.04200702160702862,
                -0.9406300603379344,
                -1.9345189259306525e-16,
                -6.810495900422066e-17
            ],
            [
                -1.2630386382215485e-17,
                2.545568746634962e-17,
                0.6584953958702288,
                0.11094963983521122,
                -5.058104882629161e-17,
                7.40074185808873e-18,
                9.451909946376381e-18,
                -0.9406300603379342,
                -0.04200702160702862,
                8.66332385166738e-16,
                6.223183085480695e-16
            ],
            [
                -0.0006277613390228116,
                -0.006694038774804187,
                4.87511987541182e-18,
                1.671385340772898e-16,
                0.5004404593458731,
                0.37844599934269885,
                0.12430005323456882,
                -5.237642043627541e-16,
                -2.0449954434317543e-17,
                -0.9137134232178247,
                0.33648155729824175
            ],
            [
                -7.973136094112041e-17,
                5.851418367879669e-17,
                -0.08010282660577613,
                0.4754169783195181,
                -1.6201760853335577e-16,
                7.837438562600939e-17,
                1.1272349389757047e-17,
                -0.04679227801281,
                1.047782527937533,
                8.702628542121632e-17,
                1.5917972439861145e-16
            ],
            [
                -1.85374515736087e-17,
                4.422362618636285e-18,
                0.47541697831951707,
                0.08010282660577593,
                -3.737709209418738e-17,
                9.415801610310667e-18,
                -1.1682843860481004e-17,
                1.0477825279375335,
                0.04679227801281019,
                -8.282408875112197e-16,
                -5.4160525229237645e-16
            ],
            [
                0.0004461077426086214,
                -0.015731370050871663,
                2.4102191750141283e-17,
                1.2104544327177563e-16,
                0.40071731184954124,
                0.3991394812988215,
                -0.2260868005948873,
                5.397806968060201e-16,
                5.524268022136079e-17,
                1.0046423530209023,
                -0.43040318907854924
            ]
        ],
        [
            [
                -1.254431650503927e-05,
                0.0239131976897458,
                -5.65687265699892e-17,
                -2.837517352042436e-19,
                -0.2093695477319978,
                0.27910305470305796,
                1.283301822185352,
                -9.872368611641902e-18,
                1.0495620586938635e-16,
                0.21457116181941166,
                -0.011561142227107997
            ],
            [
                0.0006597465617620797,
                0.015662954904275387,
                -3.2580407690722727e-17,
                6.894409176877658e-17,
                -0.3255910960083712,
                0.7401090195599812,
                -1.2247713516033336,
                2.8579660543440016e-17,
                2.6991509594061902e-17,
                0.008452823952641136,
                -0.31999118339680943
            ],
            [
                0.9955892071132275,
                -0.2390968777710411,
                -1.3519328180481265e-18,
                -3.6625643893205105e-17,
                -0.022520517234814505,
                0.02818422965988882,
                -0.0149606341393773,
                -1.3142166240707742e-17,
                1.3819565249686095e-17,
                0.040210041694968036,
                0.11223854194735747
            ],
            [
                0.020444822308656786,
                0.5228059431726185,
                -2.0184595267459356e-16,
                1.8756991921247848e-16,
                0.06349575451888381,
                -0.04982604275734814,
                0.014170951234814455,
                1.7115977981038263e-16,
                -2.37152311155008e-16,
                -0.4698825701974169,
                -1.4354784108799683
            ],
