{
    "dist": 1.65,
    "thetas": [
        2.830292529664302,
        -1.3161554982377885,
        2.3138906146080664,
        1.7926006138769264,
        -0.8056669505775651,
        -0.6842470368635021,
        1.988065916926888,
        1.0279108726635657,
        2.2478519852938046,
        1.5172433989400274,
        1.0390654303130313,
        1.2173868599350657,
        -1.6681467403549353,
        2.736038079650694,
        1.2281751786387307,
        0.5880475170514226,
        0.5792178168397495,
        2.3186216093984537,
        2.544651754696443,
        0.20810838014218325,
        -2.84414722614307,
        1.0486728991472214,
        1.7496481108822177,
        3.04237855011527,
        -2.9373252832894425,
        -2.120084351655082,
        2.2498224214658036,
        -0.8067266665731956,
        2.664372052366776,
        1.9546659025502526,
        0.47498217055780456,
        0.4534616092773205,
        2.9644732223995502,
        1.4515888763411802,
        -1.8121575832237378,
        -1.8345214820930618,
        1.3253969360738322,
        -2.4090702818534,
        -2.269592057169401,
        -2.3406893074721826
    ],
    "oo": false,
    "mo": [
        [
            [
                -1.254412205271182e-05,
                0.023913381556994462,
                1.1816172303487182e-16,
                9.230284627443038e-17,
                -0.20937205361627276,
                0.2791024492634234,
                1.2833016166367874,
                1.3106705822726516e-16,
                -1.8693740095175068e-16,
                0.2145706925451527,
                -0.011561522584882496
            ],
            [
                0.0006597459014138044,
                0.01566317315707306,
                2.473210459278293e-16,
                1.644053457724963e-16,
                -0.32559511629940097,
                0.7401063404980238,
                -1.2247719106959305,
                -8.146142796847381e-17,
                1.6705405339269165e-16,
                0.008452257382361477,
                -0.31999115347542445
            ],
            [
                0.9955892114395274,
                -0.23909680917036039,
                -2.588103716106569e-17,
                -2.243577250489701e-17,
                -0.022520639241200423,
                0.028184218610513803,
                -0.014960644896831925,
                1.296307636199674e-17,
                -8.490085300890878e-17,
                0.04021028660947069,
                0.11223853882687744
            ],
            [
                0.02044480267455339,
                0.5228053765458854,
                -2.8530721304272155e-17,
                -5.4111325748520785e-18,
                0.06349615577009465,
                -0.049825730732922395,
                0.014170945085035474,
                -6.162374466453586e-17,
                1.0932557603754518e-15,
                -0.46988584337336775,
                -1.4354775392397108
            ],
            [
                -0.004315480934559221,
                0.5621363034638217,
                -7.158269570506508e-18,
                -7.155163121972633e-18,
                0.07519654608034726,
                -0.17445006046738606,
                0.2070262300339167,
                2.0319122628515515e-17,
                -1.1163510650924633e-15,
                0.4469270242756325,
                1.4748479861374546
            ],
            [
                -4.885466110126864e-17,
                2.371134458172371e-18,
                0.6675022262029935,
                0.019151683369930447,
                4.962442208450261e-16,
                2.8485730593922184e-17,
                3.949282717205744e-17,
                -0.9415672172633742,
                0.0008219796491791966,
                4.017695255015909e-16,
                -1.0703938631428739e-17
            ],
            [
                -3.5800327265909304e-17,
                -5.888255391371216e-17,
                -0.019151683369930474,
                0.667502226202993,
                3.453699770061243e-16,
                2.7732726926018844e-17,
                -5.080779231083713e-18,
                -0.0008219796491795477,
                -0.9415672172633747,
                -7.820318531754127e-16,
                -5.748439895070887e-16
            ],
            [
                -0.0006277613390232403,
                -0.0066940387748046235,
                -4.847327885792607e-16,
                -2.9484645271469825e-16,
                0.5004404593458719,
                0.37844599934270007,
                0.12430005323456852,
                -3.5124663286451853e-16,
                5.89739628348434e-16,
                -0.9137134232178233,
                0.33648155729824386
            ],
            [
                -3.47420226289015e-17,
                -3.1115853062397493e-18,
                0.48191968143314995,
                0.013827029762951666,
                4.2894483927134825e-16,
                9.551979041357755e-17,
                -3.5169463804729263e-17,
                1.048826441686218,
                -0.000915615980230013,
                -3.8864029411750356e-16,
                7.545716506291967e-17
            ],
            [
                -2.3671814700598497e-17,
                -9.885575696265111e-18,
                -0.01382702976295206,
                0.4819196814331504,
                2.6407432112282806e-16,
                2.1544370625290513e-17,
                1.5731571640408127e-17,
                0.0009156159802307034,
                1.0488264416862179,
                8.651193878491019e-16,
                5.084409021049277e-16
            ],
            [
                0.0004461077426085074,
                -0.015731370050870178,
                -2.3185764568456986e-16,
                -2.3143293949554984e-16,
                0.4007173118495408,
                0.399139481298822,
                -0.22608680059488706,
                2.520992114699635e-16,
                -6.257420394968898e-16,
                1.0046423530209012,
                -0.430403189078551
            ]
        ],
        [
            [
                -1.2544316504945757e-05,
                0.023913197689746767,
                6.577572702803266e-18,
                -1.4824234725317158e-16,
                -0.209369547731997,
                0.27910305470305763,
                1.283301822185353,
                -1.2518028284234775e-16,
                5.363991133492136e-16,
                0.21457116181941094,
                -0.011561142227107997
            ],
            [
                0.0006597465617619184,
                0.01566295490427282,
                1.3689902868739942e-16,
                -2.8614603948659926e-16,
                -0.32559109600837466,
                0.7401090195599799,
                -1.2247713516033345,
                8.300037435427322e-17,
                -4.708729660671477e-16,
                0.008452823952644673,
                -0.3199911833968076
            ],
            [
                0.9955892071132282,
                -0.2390968777710415,
                -1.7849146831327036e-17,
                -2.990689300671323e-17,
                -0.022520517234814533,
                0.02818422965988834,
                -0.014960634139377024,
                -9.682663840274212e-18,
                1.8232417073604485e-16,
                0.04021004169496705,
                0.112238541947358
            ],
            [
                0.0204448223086565,
                0.5228059431726182,
                2.2096236052547498e-16,
                1.300297924785903e-16,
                0.06349575451888338,
                -0.04982604275734695,
                0.014170951234811992,
                2.862885437942608e-16,
                -3.04604631508977e-15,
                -0.46988257019740604,
                -1.4354784108799723
            ],
