{
    "dist": 1.85,
    "thetas": [
        -0.485632194328141,
        -0.7671863714960319,
        2.2058628717934416,
        -0.00983268767414236,
        0.2991997046172967,
        1.252080172939956,
        -1.8559306988226674,
        -2.6983709538979874,
        -0.8559765547093554,
        2.3799525745062535,
        -0.2823271905508098,
        -0.4255673234466637,
        -2.0494026704695405,
        -1.9800306645750347,
        -0.1641425856253087,
        1.9996298921060802,
        -0.9392595787998337,
        2.3384695298489593,
        0.9205032020379997,
        2.2212117546283254,
        1.0104267682871626,
        -2.5667210747053706,
        0.3183583542672346,
        -1.1771808841356899,
        0.44065677369874745,
        2.0725161184900145,
        -2.9116880194542154,
        0.0008883315555285876,
        0.9161192104764773,
        1.8938914441496797,
        2.631500069573991,
        -0.3192017378028167,
        -0.8935733353289592,
        -1.9605392863764173,
        -2.157361704247257,
        -0.9330906655898241,
        3.06381984431897,
        -0.8112154932405922,
        2.4758493372933383,
        2.6808767738093326
    ],
    "oo": false,
    "mo": [
        [
            [
                -0.00011679808256884165,
                0.016569002376569556,
                4.505604091767972e-17,
                -2.6538856021150793e-18,
                -0.19888964263439948,
                0.35454055548176855,
                8.927584256939525e-17,
                -6.895775945159611e-17,
                -0.03885867256615201,
                0.9796383724475645,
                0.8346542238008361
            ],
            [
                0.0005828816778177216,
                0.015321801825085987,
                1.0076529053205471e-16,
                5.2378027085605325e-18,
                -0.3567384418678073,
                0.49143696983490476,
                -2.402533959605164e-17,
                1.2384229933648417e-16,
                -0.10148143092414792,
                -0.5625088233041415,
                -1.1994205179025248
            ],
            [
                0.9955904539813767,
                -0.23958996988351947,
                -3.3161873643675535e-17,
                -3.579340941461602e-18,
                -0.01736292010303148,
                0.02244265948691221,
                -1.1825056758545076e-16,
                1.1323882178736679e-17,
                0.12096102386538912,
                -0.007250565369812636,
                0.0002205397984735744
            ],
            [
                0.020393298964192657,
                0.5250784245019058,
                -1.0428747513662727e-16,
                3.7483070368484814e-17,
                0.05120443392411423,
                -0.08907258076304632,
                1.380411879750023e-15,
                -2.8628183049948294e-17,
                -1.483951715704588,
                0.031502989574650794,
                -0.21302568700352786
            ],
            [
                -0.004215877275457755,
                0.5623996125427512,
                1.1775555337774182e-16,
                -3.2829476018958237e-17,
                0.05307100562224188,
                -0.035731223806537794,
                -1.3262061914661475e-15,
                9.703167711475513e-18,
                1.464579414823516,
                0.03927572914773152,
                0.40217380959954524
            ],
            [
                -2.8729716718185745e-17,
                -1.3120287290795914e-18,
                0.6683166028994716,
                -0.013099609659372683,
                1.7897589347484576e-16,
                1.2106796276121992e-17,
                0.858440844431865,
                0.385663252545896,
                1.1318974423082569e-15,
                4.642022684600593e-17,
                -1.036502204798055e-16
            ],
            [
                -1.3074220313159346e-18,
                -3.378697891168277e-18,
                0.01309960965937317,
                0.6683166028994709,
                1.6643220351693102e-18,
                1.0243324102284142e-16,
                -0.3856632525458948,
                0.8584408444318654,
                -6.058360674251099e-16,
                -1.4912170174113584e-16,
                1.9902662090814917e-16
            ],
            [
                -0.0004928084700155098,
                -0.0027710695162294074,
                -9.306537673934433e-17,
                -1.2096643027268105e-17,
                0.4985116152449305,
                0.6703429227314355,
                2.4778278047846815e-16,
                -3.322372617191319e-16,
                -0.09359244518521717,
                -0.5926062957690208,
                0.5405291053309276
            ],
            [
                -2.1731829786931675e-17,
                -1.01042562637575e-18,
                0.4812810880777479,
                -0.009433544465160081,
                1.0842764710142492e-16,
                6.124815799312023e-18,
                -0.9570243221744148,
                -0.4299528793968181,
                -1.1196415416969427e-15,
                -3.180419603563467e-17,
                9.329138186905552e-17
            ],
            [
                1.7432425959292838e-18,
                -1.3153767602474385e-18,
                0.00943354446515978,
                0.48128108807774794,
                3.429287857463365e-18,
                -1.4733320280262377e-16,
                0.4299528793968167,
                -0.9570243221744151,
                5.143367535499849e-16,
                2.325292444225805e-16,
                -3.1878911579490206e-16
            ],
            [
                0.00032919228249696773,
                -0.010539755004538066,
                -1.2046859792002957e-17,
                1.0858611814783638e-17,
                0.40489091700038277,
                -0.0021102492899929487,
                -2.709327788868068e-16,
                3.8102685963561413e-16,
                0.0895985771514128,
                0.7073342367872049,
                -0.9088964679604452
            ]
        ],
        [
            [
                -0.00011679808256884165,
                0.016569002376569556,
                4.505604091767972e-17,
                -2.6538856021150793e-18,
                -0.19888964263439948,
                0.35454055548176866,
                -1.3234011002827924e-16,
                1.1054281110852845e-16,
                0.03885867256615317,
                0.9796383724475652,
                0.8346542238008373
            ],
            [
                0.0005828816778177216,
                0.015321801825085987,
                1.0076529053205471e-16,
                5.2378027085605325e-18,
                -0.3567384418678073,
                0.4914369698349045,
                -3.6481265977756876e-17,
                -9.302139781037448e-17,
                0.10148143092414667,
                -0.5625088233041422,
                -1.199420517902526
            ],
            [
                0.9955904539813767,
                -0.23958996988351947,
                -3.3161873643675535e-17,
                -3.579340941461602e-18,
                -0.01736292010303148,
                0.02244265948691223,
                1.170028974637223e-16,
                -7.984962177792776e-17,
                -0.12096102386538922,
                -0.007250565369812632,
                0.00022053979847347837
            ],
            [
                0.020393298964192657,
                0.5250784245019058,
                -1.0428747513662727e-16,
                3.7483070368484814e-17,
                0.05120443392411423,
                -0.08907258076304671,
                -1.4774589527175228e-15,
                8.64669198302256e-16,
                1.4839517157045883,
                0.031502989574650746,
