{
    "dist": 0.5,
    "thetas": [
        0.5537421544386962,
        2.498909051664074,
        2.460060126744791,
        1.9844653968763062,
        -2.9160917365612167,
        1.2048484202477079,
        -0.7622701226724877,
        0.11630770046138306,
        0.9924383276466164,
        -1.9235958127940909
    ],
    "oo": false,
    "mo": [
        [
            [
                0.36713006685864913,
                0.07484064480340137,
                -0.6565452883730599,
                -1.4455793084202022
            ],
            [
                0.20767806907837053,
                2.600803952751375,
                0.6713338922917756,
                1.6561817211825307
            ],
            [
                0.36713006685864863,
                -0.07484064480340229,
                -0.6565452883730595,
                1.4455793084202013
            ],
            [
                0.20767806907837205,
                -2.6008039527513738,
                0.671333892291778,
                -1.6561817211825296
            ]
        ],
        [
            [
                0.36713006685864913,
                0.07484064480340137,
                -0.6565452883730599,
                -1.4455793084202022
            ],
            [
                0.20767806907837053,
                2.600803952751375,
                0.6713338922917756,
                1.6561817211825307
            ],
            [
                0.36713006685864863,
                -0.07484064480340229,
                -0.6565452883730595,
                1.4455793084202013
            ],
            [
                0.20767806907837205,
                -2.6008039527513738,
                0.671333892291778,
                -1.6561817211825296
            ]
        ]
    ],
    "iterations": 75,
    "final_energy": -2.12539,
    "iter_energies": [
        -2.0513482132308236,
        -2.1148956335413533,
        -2.115944571569794,
        -2.1161228746596694,
        -2.1163723413765227,
        -2.1164515541746893,
        -2.1164652176142,
        -2.1164791252936666,
        -2.1165042054363616,
        -2.1167335643592575,
        -2.1171799118523054,
        -2.117426131543338,
        -2.117708332108183,
        -2.117966628648828,
        -2.118440281624686,
        -2.1192530234120985,
        -2.1202659402126063,
        -2.1205892126798562,
        -2.120918504686641,
        -2.1209820939820494,
        -2.121096595940058,
        -2.12131386872674,
        -2.1217281706670645,
        -2.1224905884463885,
        -2.123651232515807,
        -2.124388745545449,
        -2.1247373968271743,
        -2.124976296603671,
        -2.1250332176480655,
        -2.1250490161107822,
        -2.1250765261606315,
        -2.125124486686057,
        -2.1252027122909833,
        -2.1252982149714597,
        -2.125330066070664,
        -2.1253399926944665,
        -2.1253404648629886,
        -2.1253404902764115,
        -2.1253404954494193,
        -2.125340505171994,
        -2.1253405236916043,
        -2.1253405589469234,
        -2.1253406254482,
        -2.125340748682344,
        -2.1253409707363407,
        -2.1253413558291925,
        -2.125342000334258,
        -2.125343085522095,
        -2.1253450352512324,
        -2.125353697188782,
        -2.125356418148579,
        -2.125361341866595,
        -2.1253697669927236,
        -2.125379218931813,
        -2.125379480958777,
        -2.1253797004961474,
        -2.1253800833066556,
        -2.125380765431153,
        -2.1253819397121934,
        -2.1253838221161976,
        -2.125385981517408,
        -2.1253875127390556,
        -2.1253885215058843,
        -2.125389020441002,
        -2.1253894593647704,
        -2.1253897216393227,
        -2.1253899972819323,
        -2.1253900898886364,
        -2.125390183073168,
        -2.1253902044605955,
        -2.1253902083002694,
        -2.125390209887901,
        -2.1253902106327915,
        -2.1253902106626925,
        -2.1253902106649862
    ],
    "function_evaluations": 85,
    "gradient_evaluations": 85
}