{
    "dist": 0.5,
    "thetas": [
        1.0607592975211642,
        -0.9380084697972517,
        2.4699562004424855,
        -1.3946453069212887,
        -2.811806829505575,
        2.6256889639960885,
        -0.17491097986209603,
        -3.1023400166459405,
        -0.07535832863870562,
        2.1433622426575356
    ],
    "oo": false,
    "mo": [
        [
            [
                0.3671300668586491,
                -0.0748406448034027,
                -0.6565452883730591,
                -1.4455793084202029
            ],
            [
                0.20767806907837166,
                -2.6008039527513738,
                0.6713338922917806,
                1.656181721182531
            ],
            [
                0.3671300668586492,
                0.07484064480340087,
                -0.6565452883730604,
                1.4455793084202013
            ],
            [
                0.20767806907837028,
                2.6008039527513755,
                0.6713338922917735,
                -1.6561817211825296
            ]
        ],
        [
            [
                0.3671300668586491,
                -0.0748406448034027,
                -0.6565452883730591,
                -1.4455793084202029
            ],
            [
                0.20767806907837166,
                -2.6008039527513738,
                0.6713338922917806,
                1.656181721182531
            ],
            [
                0.3671300668586492,
                0.07484064480340087,
                -0.6565452883730604,
                1.4455793084202013
            ],
            [
                0.20767806907837028,
                2.6008039527513755,
                0.6713338922917735,
                -1.6561817211825296
            ]
        ]
    ],
    "iterations": 150,
    "final_energy": -2.12539,
    "iter_energies": [
        -1.5263923707281735,
        -1.7498159095699406,
        -2.0532614730541496,
        -2.116252800215795,
        -2.116346725148911,
        -2.116488746020362,
        -2.116750276204568,
        -2.1171831565054005,
        -2.1174807718454205,
        -2.1175834687390584,
        -2.117779316003671,
        -2.1188284244717477,
        -2.1196218337244193,
        -2.121047151877192,
        -2.1219189547474646,
        -2.122574457987581,
        -2.122848641801326,
        -2.123153775305033,
        -2.123354922981485,
        -2.1237252233507724,
        -2.124359392241799,
        -2.125113470690924,
        -2.1252644998677517,
        -2.125308644965207,
        -2.1253180995899332,
        -2.1253185638339023,
        -2.1253193267870194,
        -2.125320597413671,
        -2.1253226553620794,
        -2.1253255144052843,
        -2.125327033087557,
        -2.1253275269441287,
        -2.125327575723764,
        -2.125327579296159,
        -2.1253275819508097,
        -2.125327586858392,
        -2.1253275961105547,
        -2.1253276135970856,
        -2.1253276464181745,
        -2.125327707109133,
        -2.125327816791407,
        -2.125328009447052,
        -2.125328340811858,
        -2.1253289189358266,
        -2.125329992490051,
        -2.1253348674138537,
        -2.1253361672880238,
        -2.1253386254025424,
        -2.125343195720607,
        -2.1253507945999144,
        -2.125356683886956,
        -2.1253568833670795,
        -2.125356987296402,
        -2.125357143595171,
        -2.125357360563602,
        -2.125357687685244,
        -2.1253581687403673,
        -2.1253585294700184,
        -2.1253586045073405,
        -2.1253586099769515,
        -2.1253586125901087,
        -2.1253586128854263,
        -2.1253586133746922,
        -2.125358614186687,
        -2.1253586155871957,
        -2.125358618091723,
        -2.1253586226593275,
        -2.1253586310488872,
        -2.1253586464514345,
        -2.1253586746257347,
        -2.125358726164632,
        -2.125358822253467,
        -2.125359609110806,
        -2.1253597821336503,
        -2.125360901428534,
        -2.1253628709303967,
        -2.125365259712792,
        -2.1253664823947354,
        -2.125366838532172,
        -2.1253674030376164,
        -2.125368368547663,
        -2.125369807502499,
        -2.1253719672903353,
        -2.125373705110938,
        -2.1253744430390578,
        -2.1253753583272657,
        -2.1253763762096853,
        -2.1253776625968586,
        -2.1253786630503346,
        -2.1253798623701448,
        -2.125381010197455,
        -2.1253820347406216,
        -2.1253834267134337,
        -2.1253845051219455,
        -2.1253857487703383,
        -2.1253865552759144,
        -2.1253868728695204,
        -2.1253873750642063,
        -2.125387959079736,
        -2.1253885173884393,
        -2.1253887624350454,
        -2.1253890754292533,
        -2.125389441112028,
        -2.125389629259351,
        -2.1253898041345387,
        -2.1253899854307883,
        -2.125390090013844,
        -2.125390128663734,
        -2.12539014995217,
        -2.1253901644418303,
        -2.1253901682048473,
        -2.125390168871364,
        -2.1253901690431705,
        -2.1253901691687562,
        -2.1253901693882735,
        -2.1253901697813973,
        -2.1253901704945943,
        -2.1253901717963513,
        -2.125390174183621,
        -2.125390178602294,
        -2.1253901868353857,
        -2.1253902002555947,
        -2.1253902137919116,
        -2.125390238666018,
        -2.1253902803111453,
        -2.125390335939383,
        -2.1253903513159713,
        -2.1253903667443272,
        -2.125390369278695,
        -2.1253903706222554,
        -2.1253903719419203,
        -2.125390374261686,
        -2.1253903782682237,
        -2.125390384684994,
        -2.1253903943135817,
        -2.12539040773461,
        -2.1253904177660714,
        -2.125390427945668,
        -2.1253904332913898,
        -2.125390435182489,
        -2.125390438028003,
        -2.125390441485998,
        -2.1253904429431727,
        -2.1253904451960617,
        -2.1253904474509846,
        -2.1253904479768075,
        -2.125390448658889,
        -2.1253904490585946,
        -2.12539044919914,
        -2.1253904492820603
    ],
    "function_evaluations": 171,
    "gradient_evaluations": 171
}