{
    "dist": 1.0,
    "thetas": [
        1.0655702938519083,
        2.5608670627034327,
        1.0551188508115938,
        -2.6490061407730363,
        -0.15386294019893487,
        2.734369317674937,
        -2.190927948945686,
        -2.9780574016743966,
        -1.9364939729810378,
        -2.5679302926602348,
        -0.6569494054321154,
        1.3658652191592457,
        -0.4666071963149765,
        -0.18069234476428386,
        -2.0536861845125167,
        0.5957114448809415,
        -3.029090132252127,
        2.084142762719022,
        -1.7388366955994112,
        -1.6224783445360957,
        1.8983000482250887,
        -2.811622223328434,
        -0.40258445370641693,
        -1.9441957630910902,
        -1.7357246250506833,
        2.3196584796925936,
        2.7149725654840644,
        -0.7073495073263456,
        1.8682579386804257,
        -1.6958332500459903,
        2.6283402879556395,
        -1.010442643750141,
        -3.0327715170391953,
        -0.6898801336470464,
        -0.47736509068018984,
        -2.021034664934765,
        -1.0534229285204186,
        2.5466463647611404,
        1.2257801758144478,
        -2.2367223105539145
    ],
    "oo": false,
    "mo": [
        [
            [
                0.00036240217329858577,
                0.10603465722406412,
                -0.27918332602430734,
                -8.577672158973982e-17,
                3.8832819619912377e-16,
                -0.45456861166499946,
                3.284684400340681e-16,
                -1.7001085106551872e-17,
                0.04619143965262294,
                0.7450531306758559,
                1.1795789672659418
            ],
            [
                0.0014987438511581794,
                -0.006944884206061223,
                -0.13694889614589073,
                -7.459304426220792e-17,
                3.0212677928466855e-16,
                -0.23081136393366752,
                1.5315391532710124e-16,
                -8.44794125248018e-17,
                0.20863960023727782,
                0.8914031340117904,
                -1.3772498731087497
            ],
            [
                0.9955353586779443,
                -0.2325376993620779,
                -0.05501509808613881,
                -2.6908765485480646e-17,
                1.1050035597215661e-16,
                -0.06302644350889443,
                -3.310562817523242e-16,
                -1.5877086097101028e-16,
                -0.11015225860369508,
                0.00789172968566695,
                -0.0016962925825250265
            ],
            [
                0.02116897537312039,
                0.5011909364969358,
                0.1267194776491519,
                9.308844984829756e-17,
                -1.6312097836476912e-16,
                0.3936136618339336,
                3.5613342925099004e-15,
                1.2178424183056966e-15,
                1.4305351397510202,
                0.6087033619952688,
                -0.048150021376780434
            ],
            [
                -0.0055124244810092786,
                0.5443378246044693,
                0.20864144738781204,
                2.7881614232453224e-17,
                -4.068052088689868e-16,
                -0.0799984208624228,
                -3.632717928337588e-15,
                -1.1199719428538974e-15,
                -1.5126754545553631,
                -1.3110711839294056,
                0.3538057159688065
            ],
            [
                -8.91324103540956e-17,
                3.511290113644156e-17,
                8.156643977909978e-16,
                -0.040351559557988456,
                0.6598979511575014,
                5.447886660923613e-16,
                0.5698442260207806,
                0.7554200904183315,
                -2.7712976293236858e-15,
                3.0867801385082967e-16,
                -1.6146015987318285e-16
            ],
            [
                1.3423460667105493e-17,
                1.4033080575522616e-18,
                -1.19913335446953e-16,
                0.6598979511575018,
                0.04035155955798838,
                -3.343582081534941e-17,
                -0.7554200904183308,
                0.5698442260207803,
                1.6187405127300485e-15,
                -1.7747305627410737e-17,
                8.447342123905291e-17
            ],
            [
                -0.001366408156314413,
                -0.06484347549526909,
                0.5391292279881845,
                1.4714311563558954e-16,
                -5.705266357790805e-16,
                -0.8404301894261654,
                1.2447207833080031e-15,
                9.827626327643066e-16,
                0.33167857216626684,
                -0.5249337499813691,
                0.001524204665109195
            ],
            [
                -6.374404349100533e-17,
                1.307725430721619e-17,
                5.877761662476443e-16,
                -0.029875691036208955,
                0.4885785709441289,
                -4.949230464929291e-16,
                -0.6295598408049851,
                -0.8345827335755249,
                2.9497494675677777e-15,
                -5.0408589606992625e-16,
                2.3974099333322644e-16
            ],
            [
                9.27102023134603e-18,
                -4.914126027539477e-19,
                -8.369877033605365e-17,
                0.4885785709441283,
                0.029875691036209157,
                -8.044832439692591e-17,
                0.8345827335755249,
                -0.6295598408049857,
                -1.6325597331100032e-15,
                -9.66732624893349e-17,
                -1.6049074658220142e-16
            ],
            [
                0.0012954139021921639,
                -0.047134510530352745,
                0.36670738694298777,
                4.2345985668690694e-17,
                -4.0735530109282463e-16,
                0.2948784971555317,
                -1.1846474762215796e-15,
                -1.1027728758793906e-15,
                -0.29696357779920085,
                1.4285888903243218,
                0.1688248820960189
            ]
        ],
        [
            [
                0.00036240217329858577,
                0.10603465722406412,
                -0.27918332602430734,
                -8.577672158973982e-17,
                3.8832819619912377e-16,
                0.4545686116649988,
                -2.309711937211293e-16,
                1.858030010544869e-16,
                -0.046191439652621985,
                0.7450531306758705,
                1.1795789672659325
            ],
            [
                0.0014987438511581794,
                -0.006944884206061223,
                -0.13694889614589073,
                -7.459304426220792e-17,
                3.0212677928466855e-16,
                0.23081136393366775,
                -9.193686802057168e-16,
                1.1398810739908494e-16,
                -0.2086396002372805,
                0.8914031340117738,
                -1.3772498731087597
            ],
            [
                0.9955353586779443,
                -0.2325376993620779,
                -0.05501509808613881,
                -2.6908765485480646e-17,
                1.1050035597215661e-16,
                0.06302644350889425,
                3.205487472402037e-16,
                3.1918139480062084e-17,
                0.11015225860369525,
                0.007891729685667096,
                -0.001696292582525203
            ],
            [
                0.02116897537312039,
                0.5011909364969358,
                0.1267194776491519,
                9.308844984829756e-17,
                -1.6312097836476912e-16,
                -0.3936136618339316,
                -5.264046567292402e-15,
                -1.6201721507217143e-16,
                -1.4305351397510226,
                0.6087033619952664,
                -0.04815002137678642
