{
    "dist": 1.0,
    "thetas": [
        -2.5287709601213337,
        1.6414803813162866,
        -1.59003560880642,
        -2.2736856643826595,
        -1.0590524771307073,
        -2.620091006236187,
        1.0805638702730578,
        1.9263856478817107,
        3.033156904623949,
        0.8523815356367708,
        -1.784906823715774,
        0.30804844092069095,
        0.2862616587592881,
        -1.6708493100302584,
        -2.4270321077610992,
        -0.0021408882716800193,
        -2.1858672487309487,
        0.2053727011067248,
        -0.709957412307384,
        1.1832958484577194,
        -0.7984222237963152,
        2.803306239164572,
        1.7426911958779803,
        0.6787995457048162,
        0.7240242391939691,
        0.8984175954042657,
        -1.4546610263684288,
        1.5717774374044264,
        -1.339383536813956,
        1.3155485702089766,
        -2.734525337846053,
        1.1929160071994263,
        0.3277801647640688,
        0.33820175022450627,
        -0.9642890583724819,
        -2.057033438959986,
        0.26347053222829064,
        -2.816318163146331,
        2.0455388131817855,
        1.3261728861889042
    ],
    "oo": false,
    "mo": [
        [
            [
                0.0003624021732984945,
                0.10603465722406567,
                -0.2791833260243067,
                -1.171628633180655e-18,
                -7.41785897678236e-18,
                -0.45456861166499923,
                -1.450070620171116e-17,
                1.255934542918569e-17,
                -0.0461914396526189,
                0.7450531306760139,
                1.1795789672658412
            ],
            [
                0.0014987438511580966,
                -0.006944884206062428,
                -0.13694889614589117,
                1.9195921380518905e-17,
                6.462618759809448e-17,
                -0.23081136393366716,
                5.607449238263698e-16,
                -4.749786052734739e-17,
                -0.20863960023728165,
                0.8914031340116053,
                -1.3772498731088678
            ],
            [
                0.9955353586779443,
                -0.23253769936207755,
                -0.055015098086139524,
                1.0972547183158059e-17,
                1.9786270358545558e-16,
                -0.06302644350889389,
                -1.9172481367524844e-16,
                7.398935374125313e-18,
                0.11015225860369623,
                0.007891729685666713,
                -0.001696292582526277
            ],
            [
                0.021168975373120846,
                0.5011909364969334,
                0.12671947764915176,
                1.638240959789982e-17,
                -2.1956423401678335e-17,
                0.39361366183392665,
                2.42181609753527e-15,
                2.7116822920721476e-17,
                -1.4305351397510244,
                0.6087033619952591,
                -0.048150021376859774
            ],
            [
                -0.005512424481009659,
                0.5443378246044717,
                0.20864144738781468,
                -3.957950050366025e-17,
                2.1944925056907998e-18,
                -0.07999842086241477,
                -2.6297196285546614e-15,
                -1.099478180610112e-17,
                1.5126754545553653,
                -1.3110711839293536,
                0.3538057159689787
            ],
            [
                -1.894900390213005e-17,
                1.5081569425296956e-17,
                5.839836207401953e-17,
                0.5026796219385213,
                0.42942607278596173,
                7.725800395956165e-17,
                -0.928235647928934,
                0.18374040614632087,
                -1.661920730431494e-15,
                5.317211994530947e-17,
                -5.196792778095785e-17
            ],
            [
                -9.283517932394978e-17,
                -1.0127820129614528e-17,
                8.743210856826332e-17,
                -0.429426072785961,
                0.5026796219385206,
                -3.098207911504159e-17,
                -0.1837404061463211,
                -0.928235647928935,
                -4.076142293381677e-16,
                -2.3810152094403452e-17,
                3.1287411447417675e-19
            ],
            [
                -0.0013664081563145275,
                -0.06484347549526974,
                0.5391292279881847,
                1.173336207633517e-17,
                -7.96441881065432e-17,
                -0.8404301894261674,
                4.900880528178333e-16,
                8.912540568744526e-17,
                -0.3316785721662609,
                -0.5249337499813682,
                0.0015242046651803818
            ],
            [
                -8.167815957532658e-17,
                -2.0616560592972455e-19,
                5.018429565684363e-17,
                0.37217647198125636,
                0.3179406400639651,
                -5.951841028160514e-17,
                1.025508130213714,
                -0.20299509157210047,
                1.8333628074899035e-15,
                -1.0327812217781484e-16,
                1.1752360579744426e-16
            ],
            [
                -1.5431139338430326e-18,
                -4.7837635557085914e-18,
                6.386477185645327e-17,
                -0.3179406400639659,
                0.3721764719812576,
                4.9676165759352886e-17,
                0.20299509157210016,
                1.025508130213713,
                4.600632017014018e-16,
                4.42574789496018e-17,
                7.623313069317423e-18
            ],
            [
                0.001295413902191939,
                -0.04713451053035419,
                0.3667073869429871,
                -6.1041917532510106e-18,
                -1.0658031859608841e-16,
                0.2948784971555352,
                -3.9052952536632905e-16,
                -9.798320042471043e-17,
                0.29696357779919624,
                1.4285888903243442,
                0.1688248820958264
            ]
        ],
        [
            [
                0.0003624021732984945,
                0.10603465722406567,
                -0.2791833260243067,
                -1.171628633180655e-18,
                -7.41785897678236e-18,
                -0.4545686116649992,
                -4.489762177938992e-17,
                -1.348182487299973e-16,
                -0.04619143965261871,
                0.7450531306760106,
                1.1795789672658439
            ],
            [
                0.0014987438511580966,
                -0.006944884206062428,
                -0.13694889614589117,
                1.9195921380518905e-17,
                6.462618759809448e-17,
                -0.23081136393366747,
                2.2971800800981815e-16,
                9.169855439796799e-17,
                -0.20863960023728387,
                0.8914031340116093,
                -1.3772498731088652
            ],
            [
                0.9955353586779443,
                -0.23253769936207755,
                -0.055015098086139524,
                1.0972547183158059e-17,
                1.9786270358545558e-16,
                -0.0630264435088939,
                -9.333257956534084e-17,
                4.927176517243167e-17,
                0.11015225860369626,
                0.007891729685666865,
                -0.00169629258252634
            ],
            [
                0.021168975373120846,
                0.5011909364969334,
                0.12671947764915176,
                1.638240959789982e-17,
                -2.1956423401678335e-17,
                0.3936136618339262,
                1.2286942978991256e-15,
                -7.834730601209658e-16,
                -1.430535139751026,
                0.6087033619952574,
                -0.048150021376856714
            ],
            [
