{
    "dist": 1.425,
    "thetas": [
        1.7448557058857794,
        -1.649077150016919,
        2.0375021118516665,
        2.926388517974451,
        2.9694403750439315,
        -0.2924870046656962,
        0.6851339998803385,
        1.7311841483035746,
        0.8897828870907407,
        1.394981677626908,
        -2.921451680140999,
        -1.2663793231633795,
        -2.773947824309876,
        2.243480068231582,
        -0.7988817039240748,
        1.1300180068818442,
        -1.531338241455982,
        -0.9576754694920289,
        -3.0824504749171866,
        -0.8901150950318448,
        2.8217419638603713,
        -1.7724928009645748,
        -1.1347975131086745,
        2.6249413174642493,
        -2.941136005369488,
        -2.7326544467196805,
        0.815739659640105,
        2.3487391344402075,
        -3.0868300924373417,
        1.5492904725652465,
        1.9656390491245403,
        -2.6658459083030457,
        0.9830378595694711,
        0.05819611947691916,
        -0.12639637898020917,
        2.862456773761779,
        -3.1415170444428115,
        -1.5897797083310843,
        1.3334972435574386,
        -1.1021834873956844
    ],
    "oo": false,
    "mo": [
        [
            [
                0.00015433503729778502,
                0.03764450889245023,
                -2.6830546148321055e-16,
                1.1075872383658402e-16,
                -0.22580454207039855,
                -0.3865631914467089,
                -4.848059825743842e-18,
                -1.3450770148560984e-16,
                -0.04096953749155481,
                0.3339977774335596,
                1.2292949796617634
            ],
            [
                0.0007789756722682246,
                0.014068029640517926,
                -5.420477922728269e-16,
                8.15003080992499e-17,
                -0.2769426909861197,
                -0.3957429173955955,
                7.510533512190731e-18,
                -1.515356568364039e-17,
                -0.17583816012788722,
                -1.1856020974034056,
                -0.8501145620148418
            ],
            [
                0.9955830478269919,
                -0.23804483014048183,
                5.735869692209035e-17,
                -6.272043667112627e-18,
                -0.030439318560940336,
                -0.038966828635050715,
                -1.3308968226723739e-16,
                8.682822655492922e-17,
                0.11720175172728621,
                -0.0007314216727328353,
                -0.00909121335521786
            ],
            [
                0.02056361150718998,
                0.51820025179155,
                -1.9918683932064047e-16,
                9.652012378563948e-17,
                0.08128773854560911,
                0.188813623673971,
                1.6815894566144499e-15,
                -1.2177450562986189e-15,
                -1.479955016284481,
                -0.3149076979174853,
                0.10605139866033692
            ],
            [
                -0.004514298854446992,
                0.5615759822731509,
                3.4989573241739084e-16,
                -2.232116397737729e-16,
                0.10680627943911572,
                0.020007146594677706,
                -1.6721772237024895e-15,
                1.2124572166645828e-15,
                1.5033025642282196,
                0.6644384900418395,
                0.030915256491930693
            ],
            [
                -4.2284646913291593e-17,
                1.7107652369369262e-17,
                0.6615369033674456,
                0.07836135588033727,
                -8.531471623225171e-16,
                1.115073324534402e-16,
                0.9425394950313974,
                -0.017978679903051076,
                1.2265069280810592e-15,
                -1.4514203412017365e-16,
                -4.78472337082634e-18
            ],
            [
                5.917925362040146e-17,
                3.017937923115942e-17,
                -0.0783613558803369,
                0.6615369033674449,
                4.715561352005343e-16,
                -1.8742272246315428e-16,
                0.017978679903050132,
                0.942539495031397,
                -7.968561945011594e-16,
                1.6669644715929881e-16,
                -6.23091161593457e-17
            ],
            [
                -0.0008327122812319983,
                -0.015548425650404938,
                6.883710788912809e-16,
                -2.2279192631869506e-16,
                0.5068444742959066,
                -0.7658218751578688,
                3.365440818849775e-16,
                -5.573888608576193e-16,
                -0.18202871304583698,
                0.5782862411967278,
                -0.399748026388033
            ],
            [
                -1.49709039890548e-17,
                1.6979389677557986e-17,
                0.48055562459945533,
                0.05692349153591986,
                -6.134468531319301e-16,
                -9.334717222654317e-17,
                -1.0478082127825576,
                0.01998665154798379,
                -1.3426280951315134e-15,
                1.835445491532125e-16,
                4.285665667490521e-17
            ],
            [
                -3.7481476565655314e-17,
                8.411271931084317e-18,
                -0.0569234915359207,
                0.4805556245994551,
                3.416854649607617e-16,
                1.794305496945843e-16,
                -0.01998665154798418,
                -1.0478082127825572,
                1.2448055807497407e-15,
                -2.8745470520474185e-16,
                1.2130778860126451e-16
            ],
            [
                0.0006497424387959076,
                -0.02493234551207704,
                2.9647429315202897e-16,
                -3.585519074929529e-16,
                0.39690290643922166,
                0.1328418891050834,
                -5.057149688625118e-16,
                5.196104739295263e-16,
                0.15412238633179748,
                -1.0870886276690797,
                0.5622355103305859
            ]
        ],
        [
            [
                0.00015433503729778502,
                0.03764450889245023,
                -2.6830546148321055e-16,
                1.1075872383658402e-16,
                -0.22580454207039855,
                0.38656319144670903,
                1.5466317409710955e-17,
                -1.5538282506313787e-17,
                0.040969537491554756,
                0.33399777743365866,
                1.2292949796617363
            ],
            [
                0.0007789756722682246,
                0.014068029640517926,
                -5.420477922728269e-16,
                8.15003080992499e-17,
                -0.2769426909861197,
                0.3957429173955954,
                -1.219820130982004e-16,
                3.3688295933070193e-16,
                0.17583816012788658,
                -1.1856020974034744,
                -0.8501145620147464
            ],
            [
                0.9955830478269919,
                -0.23804483014048183,
                5.735869692209035e-17,
                -6.272043667112627e-18,
                -0.030439318560940336,
                0.03896682863505073,
                3.745497816623716e-17,
                -1.4036528841712396e-16,
                -0.11720175172728624,
                -0.000731421672733481,
                -0.009091213355217884
            ],
            [
                0.02056361150718998,
                0.51820025179155,
                -1.9918683932064047e-16,
                9.652012378563948e-17,
                0.08128773854560911,
                -0.18881362367397114,
                -4.0926737635347096e-16,
                1.6707259505933967e-15,
                1.4799550162844823,
                -0.3149076979174777,
                0.10605139866036292
            ],
