{
    "dist": 1.425,
    "thetas": [
        -2.8354451983958078,
        -1.325063087034727,
        1.3883725037911319,
        -3.0057737497215755,
        -1.8477417604476294,
        -2.822574873123744,
        -1.2423623306579668,
        1.0298787548813921,
        -1.2056528250732828,
        0.5252194785450901,
        -2.7044654537614434,
        2.30847045561727,
        -2.304417780706233,
        -2.022402397232817,
        -0.02557539272590459,
        2.285192262914668,
        1.6269921026744445,
        2.9561452268403734,
        1.6292459897763445,
        -0.7272784976778075,
        -0.573539651253947,
        1.3405831056173065,
        -1.4409243148323205,
        2.2248939625261066,
        2.5959857833208897,
        1.6383787056745502,
        0.10473151153364979,
        -2.0870494395307757,
        -1.2648536355851678,
        -1.357525884977483,
        -1.0856553998608915,
        -0.2504456690610555,
        0.278774624247891,
        -1.7756227029474454,
        1.8841282659115013,
        1.4243004011860876,
        2.194670844684585,
        -1.460703581689548,
        0.7214649379889844,
        0.9597947146749215
    ],
    "oo": false,
    "mo": [
        [
            [
                0.0001543350372979264,
                0.037644508892450086,
                9.75465466800978e-18,
                -1.6800795721020197e-17,
                -0.2258045420703988,
                -0.38656319144670614,
                4.0203686442015684e-18,
                -2.6910724900814265e-16,
                0.04096953749158444,
                0.3339977773621793,
                1.2292949796811563
            ],
            [
                0.0007789756722682246,
                0.014068029640517276,
                -2.2064408115333535e-17,
                6.983531551307591e-17,
                -0.27694269098612445,
                -0.395742917395593,
                -2.3442348336091264e-16,
                -4.182952268614404e-17,
                0.175838160127842,
                -1.1856020973540475,
                -0.8501145620836849
            ],
            [
                0.9955830478269913,
                -0.23804483014048172,
                1.9416519320179542e-17,
                -5.064962194667524e-18,
                -0.030439318560939715,
                -0.03896682863505228,
                1.274121343892687e-16,
                2.114315470256645e-16,
                -0.11720175172728665,
                -0.0007314216722011679,
                -0.009091213355259033
            ],
            [
                0.020563611507190323,
                0.518200251791547,
                -2.043618178456703e-16,
                1.1825378415771734e-16,
                0.08128773854560578,
                0.18881362367398882,
                -1.5859305224196252e-15,
                -2.531788538648301e-15,
                1.4799550162844708,
                -0.31490769792369405,
                0.1060513986420347
            ],
            [
                -0.00451429885444728,
                0.5615759822731542,
                1.9596195440515177e-16,
                -1.2791262419944432e-16,
                0.10680627943911819,
                0.020007146594659162,
                1.614263442735254e-15,
                2.509311732460338e-15,
                -1.503302564228194,
                0.6644384900400968,
                0.030915256530527898
            ],
            [
                -8.844946605382503e-18,
                3.60164347438542e-17,
                -0.014067181632270286,
                0.666013281409099,
                4.391883354657386e-17,
                -1.1313881559119267e-16,
                -0.478369792465394,
                0.8123215338040204,
                1.2431683346447802e-15,
                1.2532681621243078e-16,
                1.2816228667493206e-17
            ],
            [
                -5.5824404087045465e-18,
                2.579747989728046e-17,
                0.6660132814090993,
                0.014067181632270338,
                1.2118790137426738e-17,
                -2.0137965608031054e-16,
                0.8123215338040213,
                0.4783697924653947,
                1.8434609766581576e-15,
                2.040876902691527e-16,
                -9.503536343131312e-17
            ],
            [
                -0.0008327122812320038,
                -0.015548425650405295,
                -6.411516981397808e-17,
                3.363219139484356e-17,
                0.5068444742959038,
                -0.7658218751578678,
                -5.121164859709893e-16,
                -8.325122508239907e-16,
                0.18202871304586205,
                0.5782862412199329,
                -0.3997480263544572
            ],
            [
                4.120380183868632e-18,
                -5.434635078800533e-18,
                -0.010218724339093968,
                0.4838073685835045,
                -4.520477807706768e-18,
                1.737670889423227e-16,
                0.5317971288573214,
                -0.9030466935622915,
                -1.2871242411516154e-15,
                -2.3943409886292315e-16,
                -3.272816103766094e-17
            ],
            [
                4.553338316381614e-18,
                -1.447194354103393e-17,
                0.483807368583505,
                0.01021872433909368,
                -3.596569170749333e-18,
                2.572907381554655e-16,
                -0.9030466935622926,
                -0.5317971288573223,
                -2.1122752929838255e-15,
                -2.894526617695287e-16,
                1.5563156500093082e-16
            ],
            [
                0.0006497424387962377,
                -0.0249323455120742,
                6.623194548332884e-17,
                3.458086464628915e-17,
                0.3969029064392214,
                0.1328418891050795,
                4.4391665269322195e-16,
                7.910642898756754e-16,
                -0.1541223863318297,
                -1.0870886277017204,
                0.5622355102674658
            ]
        ],
        [
            [
                0.0001543350372979264,
                0.037644508892450086,
                9.75465466800978e-18,
                -1.6800795721020197e-17,
                -0.2258045420703988,
                0.38656319144670653,
                4.653391826297192e-16,
                4.099312603513515e-17,
                -0.04096953749158451,
                0.33399777736228203,
                1.2292949796811292
            ],
            [
                0.0007789756722682246,
                0.014068029640517276,
                -2.2064408115333535e-17,
                6.983531551307591e-17,
                -0.27694269098612445,
                0.39574291739559425,
                1.0549290017126268e-15,
                6.751981238436794e-16,
                -0.17583816012784165,
                -1.1856020973541188,
                -0.8501145620835863
            ],
            [
                0.9955830478269913,
                -0.23804483014048172,
                1.9416519320179542e-17,
                -5.064962194667524e-18,
                -0.030439318560939715,
                0.038966828635052284,
                -8.391421247080372e-16,
                -3.4605620260066086e-16,
                0.11720175172728671,
                -0.0007314216722019733,
                -0.00909121335525909
            ],
            [
                0.020563611507190323,
                0.518200251791547,
                -2.043618178456703e-16,
                1.1825378415771734e-16,
                0.08128773854560578,
                -0.1888136236739882,
                1.0622967698289527e-14,
                4.502704830953708e-15,
                -1.4799550162844715,
                -0.3149076979236845,
                0.10605139864206221
            ],
            [
