{
    "dist": 1.425,
    "thetas": [
        0.10303561663791783,
        0.4440175435037328,
        -2.9626838121493106,
        -2.0638903033331175,
        1.1641296091591355,
        2.0979358614283568,
        -1.2128670123447274,
        2.47314391898043,
        1.392001137158437,
        -1.9481710072691576,
        0.34072200379900464,
        -0.9290823338613339,
        -1.9987289817083937,
        1.7944887938507428,
        2.924717343797493,
        -1.6816715396059143,
        -2.6165606813494104,
        0.6506139255218115,
        1.4388039280401017,
        -1.40593290510329,
        1.1643140023190055,
        0.11226465135129837,
        -2.836955320406834,
        -2.275334685827516,
        -1.966841668758823,
        3.1058909736072735,
        0.129844516818022,
        0.495049251658644,
        1.475411656763927,
        0.2636535907361983,
        2.5959203631973624,
        1.934719368471801,
        -0.609482604949342,
        -0.8970859114113354,
        2.84550831983512,
        -0.9824917722923239,
        2.293989801545284,
        2.0751960685763695,
        0.2397754572129318,
        2.6544533544477575
    ],
    "oo": false,
    "mo": [
        [
            [
                0.0001543350372979316,
                0.037644508892450176,
                -4.4344603204793814e-16,
                -2.1474231332045457e-17,
                -0.22580454207039896,
                0.3865631914467078,
                -1.0789725756118614e-16,
                -3.064861655810042e-17,
                0.04096953749157312,
                0.33399777738609876,
                1.229294979674657
            ],
            [
                0.0007789756722680771,
                0.014068029640517725,
                -5.59338152479855e-16,
                -9.565088426106999e-18,
                -0.27694269098612495,
                0.3957429173955962,
                5.217981258832509e-17,
                -6.321896016113624e-17,
                0.1758381601278584,
                -1.1856020973705854,
                -0.8501145620606163
            ],
            [
                0.9955830478269917,
                -0.23804483014048225,
                -1.1062359383264831e-17,
                1.0962140469554144e-18,
                -0.03043931856093954,
                0.03896682863505179,
                -9.688089813358682e-17,
                7.938496017165292e-17,
                -0.1172017517272859,
                -0.0007314216723793337,
                -0.009091213355245396
            ],
            [
                0.02056361150718989,
                0.5182002517915506,
                1.143247033970106e-16,
                -1.2022915220937108e-16,
                0.08128773854560638,
                -0.18881362367398272,
                6.079229428342322e-16,
                -5.359078968936991e-16,
                1.4799550162844721,
                -0.31490769792161444,
                0.10605139864817067
            ],
            [
                -0.004514298854446781,
                0.561575982273151,
                1.995775747450781e-16,
                1.7274382021487028e-16,
                0.10680627943911619,
                -0.020007146594666663,
                -6.377095936063075e-16,
                5.359163307875099e-16,
                -1.5033025642282032,
                0.664438490040682,
                0.030915256517590636
            ],
            [
                -7.766531941817317e-17,
                5.579365928838329e-17,
                0.5826038036162835,
                -0.3230238143298887,
                -1.1404559206167917e-15,
                3.844597595275241e-17,
                0.9244895883981071,
                0.18445306603198014,
                -5.795710341827865e-16,
                7.072353484010089e-17,
                -9.698488609752789e-17
            ],
            [
                -6.213951765926702e-17,
                -7.317611606577288e-18,
                0.32302381432988836,
                0.5826038036162838,
                -7.127106967068899e-16,
                2.187793455047262e-17,
                0.18445306603197967,
                -0.9244895883981088,
                -4.631403975366395e-16,
                1.862083820105426e-17,
                -6.063681544423742e-17
            ],
            [
                -0.000832712281232022,
                -0.015548425650404417,
                1.080496755552297e-15,
                -1.813347594111151e-17,
                0.5068444742959032,
                0.7658218751578678,
                -1.9825892848250773e-16,
                4.306803579802038e-18,
                0.18202871304585497,
                0.5782862412121591,
                -0.3997480263657097
            ],
            [
                6.226900618384858e-17,
                9.083287798074164e-18,
                0.4232168051633748,
                -0.23465192956828435,
                -8.513743019590996e-16,
                -1.2097162262510111e-16,
                -1.0277423794567186,
                -0.20505394042378433,
                5.561826406317361e-16,
                -1.2798057643037465e-16,
                1.8374462983872726e-16
            ],
            [
                5.535474183715394e-17,
                -1.5868993395149073e-18,
                0.23465192956828418,
                0.42321680516337495,
                -5.227127943034086e-16,
                -7.426684715679052e-17,
                -0.2050539404237841,
                1.0277423794567204,
                5.223999285186568e-16,
                -2.1073992134331535e-17,
                9.633161183658808e-17
            ],
            [
                0.0006497424387961562,
                -0.024932345512073413,
                7.130406746895461e-16,
                1.6141273504981634e-16,
                0.3969029064392213,
                -0.1328418891050752,
                2.4437670957250692e-17,
                -4.335218234318279e-17,
                -0.15412238633182007,
                -1.087088627690785,
                0.5622355102886171
            ]
        ],
        [
            [
                0.0001543350372979316,
                0.037644508892450176,
                -4.4344603204793814e-16,
                -2.1474231332045457e-17,
                -0.22580454207039896,
                0.3865631914467084,
                3.399662637578345e-16,
                8.639500936649697e-17,
                0.04096953749157333,
                0.3339977773861797,
                1.2292949796746373
            ],
            [
                0.0007789756722680771,
                0.014068029640517725,
                -5.59338152479855e-16,
                -9.565088426106999e-18,
                -0.27694269098612495,
                0.3957429173955968,
                1.1416479847546251e-15,
                8.210150947478481e-17,
                0.17583816012785775,
                -1.1856020973706407,
                -0.8501145620605411
            ],
            [
                0.9955830478269917,
                -0.23804483014048225,
                -1.1062359383264831e-17,
                1.0962140469554144e-18,
                -0.03043931856093954,
                0.03896682863505169,
                -8.685637779100848e-16,
                -1.0839307080584295e-16,
                -0.11720175172728589,
                -0.000731421672380066,
                -0.009091213355245315
            ],
            [
                0.02056361150718989,
                0.5182002517915506,
                1.143247033970106e-16,
                -1.2022915220937108e-16,
                0.08128773854560638,
                -0.18881362367398102,
                1.1627403804453147e-14,
                1.2325145725589641e-15,
                1.4799550162844732,
                -0.31490769792160583,
                0.10605139864819038
            ],
            [
