{
    "dist": 1.425,
    "thetas": [
        2.285571396673803,
        -1.3514756789437503,
        -2.681309192325017,
        1.6539681345510768,
        -0.297074922600983,
        0.265759097311558,
        1.4239946207429375,
        2.1922354457653626,
        1.6851501599552883,
        1.4648852168254765,
        -1.621147105353423,
        1.3842403401038794,
        -2.7747972234408573,
        -0.5675668759471639,
        0.6953744050146056,
        -1.5336320738538296,
        -1.3466629957570095,
        1.1590199036646274,
        2.142061872320946,
        1.9424682268417985,
        -3.1411936979972466,
        2.661620723129924,
        1.9287190028927457,
        2.865210417567324,
        -0.09595058622705643,
        1.0214825905762295,
        1.4690505556903348,
        -0.21292378582540206,
        1.9191876336743157,
        -0.38963584749314606,
        -2.330811864735062,
        0.8931583869241067,
        -0.13418557120045138,
        0.9935021116792697,
        -2.6178707404175032,
        1.0287028169829453,
        -0.056925124332792176,
        1.6041885760146908,
        -0.4531873031628644,
        -1.0693315257619167
    ],
    "oo": false,
    "mo": [
        [
            [
                0.00015433503729780194,
                0.037644508892449795,
                3.625552893584696e-17,
                -7.310285475125276e-16,
                -0.22580454207040096,
                0.38656319144670703,
                -1.4774133432403324e-16,
                -7.874825238263799e-17,
                -0.04096953749157297,
                0.3339977773894728,
                1.2292949796737398
            ],
            [
                0.000778975672268197,
                0.014068029640516655,
                2.937130262829193e-17,
                -9.068260226980016e-16,
                -0.276942690986128,
                0.39574291739559503,
                -8.5621297458889285e-16,
                -2.863118735629251e-16,
                -0.17583816012786058,
                -1.1856020973729158,
                -0.8501145620573622
            ],
            [
                0.9955830478269909,
                -0.2380448301404822,
                -9.903890703131817e-18,
                7.373440838604e-17,
                -0.030439318560939375,
                0.03896682863505154,
                4.655800660985463e-16,
                1.4009386188638708e-16,
                0.11720175172728683,
                -0.0007314216724044796,
                -0.00909121335524341
            ],
            [
                0.02056361150719022,
                0.5182002517915482,
                4.55614290009224e-17,
                1.723521242331904e-16,
                0.08128773854560552,
                -0.18881362367398055,
                -5.822780256593158e-15,
                -2.1143029354915044e-15,
                -1.4799550162844761,
                -0.3149076979213178,
                0.1060513986490337
            ],
            [
                -0.004514298854446641,
                0.5615759822731542,
                -6.198701715165402e-17,
                3.751184416661555e-16,
                0.10680627943911739,
                -0.020007146594667548,
                5.9100631972931925e-15,
                2.1708916786340295e-15,
                1.5033025642282045,
                0.6644384900407603,
                0.03091525651576839
            ],
            [
                6.24078537237498e-17,
                2.718800881662671e-17,
                0.03211009276675575,
                0.6653874950394707,
                -2.2309208023274097e-15,
                -2.1979131169830694e-16,
                0.9341977804926733,
                0.12640585250558006,
                -4.245966001774577e-15,
                -1.1307331039980501e-16,
                7.104585795695204e-17
            ],
            [
                -9.604215266432844e-17,
                -9.160208684448059e-18,
                0.6653874950394709,
                -0.032110092766755555,
                2.1820382211124183e-16,
                3.588233740911625e-17,
                0.12640585250558,
                -0.9341977804926753,
                1.0046093518664633e-15,
                1.868504391004833e-18,
                -2.1193709742684145e-17
            ],
            [
                -0.0008327122812318898,
                -0.015548425650404736,
                -6.675963173846582e-17,
                1.7068079100580823e-15,
                0.506844474295899,
                0.7658218751578678,
                -3.4851255198761083e-16,
                -1.113855895217835e-16,
                -0.18202871304585322,
                0.5782862412110633,
                -0.3997480263672977
            ],
            [
                -1.297175826857086e-17,
                1.3997802361352412e-17,
                0.023325510046268684,
                0.48335278296901785,
                -1.6343405418082628e-15,
                1.8237124852600693e-16,
                -1.0385348432861716,
                -0.14052365030572517,
                4.7533864285319476e-15,
                3.0862422408977566e-16,
                -1.6581808323967747e-16
            ],
            [
                9.689897553919408e-17,
                -5.350632797293488e-18,
                0.4833527829690176,
                -0.02332551004626906,
                1.6120022856568733e-16,
                -5.155157390306572e-17,
                -0.1405236503057252,
                1.0385348432861734,
                -9.96903048055775e-16,
                -6.139659696296066e-17,
                7.014765262997707e-17
            ],
            [
                0.0006497424387960659,
                -0.024932345512072962,
                -1.077097315262618e-16,
                1.3181155048672367e-15,
                0.39690290643922155,
                -0.13284188910507008,
                8.886248192348158e-17,
                3.372549477617393e-17,
                0.1541223863318166,
                -1.087088627689241,
                0.562235510291601
            ]
        ],
        [
            [
                0.00015433503729780194,
                0.037644508892449795,
                3.625552893584696e-17,
                -7.310285475125276e-16,
                -0.22580454207040096,
                0.38656319144670737,
                -4.3646946337194287e-16,
                -2.2243250315872725e-18,
                0.04096953749157095,
                0.33399777738965153,
                1.2292949796736927
            ],
            [
                0.000778975672268197,
                0.014068029640516655,
                2.937130262829193e-17,
                -9.068260226980016e-16,
                -0.276942690986128,
                0.3957429173955947,
                -1.0474520501465807e-15,
                6.013802852059624e-17,
                0.17583816012786427,
                -1.1856020973730403,
                -0.8501145620571937
            ],
            [
                0.9955830478269909,
                -0.2380448301404822,
                -9.903890703131817e-18,
                7.373440838604e-17,
                -0.030439318560939375,
                0.03896682863505143,
                9.79888136879093e-16,
                3.13992092724838e-17,
                -0.11720175172728677,
                -0.0007314216724060739,
                -0.009091213355243415
            ],
            [
                0.02056361150719022,
                0.5182002517915482,
                4.55614290009224e-17,
                1.723521242331904e-16,
                0.08128773854560552,
                -0.18881362367397928,
                -1.2338406042833911e-14,
                -3.884776285946423e-17,
                1.4799550162844766,
                -0.3149076979212993,
                0.10605139864908007
            ],
            [
