{
    "dist": 1.9,
    "thetas": [
        -3.0764099223207433,
        0.01177840984590972,
        -0.026557182477288332,
        -2.3007169235661014,
        -2.248682369474494,
        -1.7683479941393894,
        -0.512028202872056,
        -1.5827270375196305,
        -2.613430288461024,
        -0.9707606747745907,
        -2.0937059634728197,
        2.3785568841181437,
        2.833490577583455,
        -2.8981294278830885,
        1.2510286361875504,
        0.4571634041388086,
        2.5007524773851486,
        1.0486571744320248,
        0.3005736555656977,
        1.2718890166746162,
        -0.7132849799065748,
        1.2216942432770699,
        2.0412213292864516,
        -0.21571133114546903,
        2.767896497391848
    ],
    "oo": false,
    "mo": [
        [
            [
                -0.00013431051506927226,
                0.01514950310099047,
                2.7187927014371718e-17,
                -2.2976263259850063e-18,
                -0.19670791459323098,
                0.2963830543416934,
                1.2941670970050156,
                -3.639307523633264e-17,
                2.7028088035022498e-17,
                0.03597815934168463,
                0.14613639608643123
            ],
            [
                0.0005631595275575105,
                0.015139645365074448,
                7.526710098337245e-17,
                1.276646272077951e-17,
                -0.36316428286566055,
                0.668083584407775,
                -1.178088032628802,
                1.987376987871914e-16,
                -2.7629480888315723e-16,
                0.1450111761505464,
                -0.342018897756619
            ],
            [
                0.9955903868048341,
                -0.2396743552243825,
                8.48959429351377e-17,
                -7.702328139427555e-18,
                -0.016284248166812884,
                0.019918380660271597,
                -0.02111076812484385,
                -1.6502738276317727e-17,
                -3.984793047563835e-18,
                0.027270200206472816,
                0.11659772260820693
            ],
            [
                0.020384689962401326,
                0.5254582776119104,
                -3.98433802508405e-17,
                1.6780314079009336e-16,
                0.04858119177058188,
                -0.03836552561390446,
                0.08585483091592164,
                4.069457867571987e-16,
                -3.7779014731587315e-16,
                -0.30843609655086396,
                -1.4652412694427603
            ],
            [
                -0.00419692930417343,
                0.5624743787171692,
                2.848815084595076e-18,
                -2.176760287867897e-16,
                0.04829481664195633,
                -0.10373559947539358,
                0.07977421741249797,
                -4.2611055488725253e-16,
                4.2034828314208064e-16,
                0.2787649779440954,
                1.479171101456184
            ],
            [
                -2.999298692442391e-17,
                1.4322334301851892e-17,
                0.016252380475251328,
                0.6683232450980177,
                -7.520300651241714e-18,
                -4.490814358090355e-18,
                -6.0534839691505615e-18,
                -0.16473186864699102,
                -0.9265089426876068,
                -7.236735740622567e-16,
                4.2723299125814213e-16
            ],
            [
                -2.8397644471252224e-17,
                -7.15867164056158e-18,
                0.6683232450980177,
                -0.016252380475251238,
                2.7896084638241553e-16,
                9.286771840615349e-17,
                3.7728714865407674e-18,
                -0.9265089426876061,
                0.1647318686469907,
                6.698729289525894e-16,
                -4.183531007589288e-16
            ],
            [
                -0.00046448132473977325,
                -0.002150315903750784,
                -2.332965766723145e-16,
                3.856964608702321e-19,
                0.49839956795293067,
                0.3776472339884126,
                0.007927345555801359,
                -5.657146568900795e-16,
                9.518806107389565e-16,
                -0.9521213553372598,
                0.2260589548334717
            ],
            [
                3.6053347023140223e-17,
                -3.4732895705942714e-18,
                0.011700594721038338,
                0.48114671235078177,
                -1.8869241121899694e-17,
                -1.4370322279504922e-17,
                6.497127654329563e-18,
                0.18366700943691527,
                1.0330067164153394,
                8.161405301714321e-16,
                -3.6488808747185955e-16
            ],
            [
                -6.194410931632684e-17,
                -6.383122589053766e-18,
                0.48114671235078027,
                -0.011700594721038229,
                2.2360586772409325e-16,
                8.570578788118703e-17,
                -2.7455362555734396e-18,
                1.0330067164153398,
                -0.1836670094369153,
                -6.624593973080227e-16,
                4.468101608805444e-16
            ],
            [
                0.00030564692804975214,
                -0.009581074410583262,
                -2.284242045951593e-16,
                -5.211028804748836e-18,
                0.4061399607191828,
                0.36766390253917186,
                -0.14734882748416325,
                6.166946128392113e-16,
                -1.04890232534599e-15,
                1.0391939448340457,
                -0.2883467811602014
            ]
        ],
        [
            [
                -0.00013431059944398775,
                0.015149511119224406,
                -1.0503183404961356e-16,
                -4.848734782622662e-17,
                -0.19670740703063827,
                0.2963831690279204,
                1.2941671448146095,
                1.0319489630125184e-16,
                -1.0589782347288793e-16,
                0.035978371332165894,
                0.14613637027665088
            ],
            [
                0.0005631597036993378,
                0.015139676402662838,
                -1.673545019764082e-16,
                -1.2732047283107248e-16,
                -0.3631635003887392,
                0.6680841940971549,
                -1.1780879292562922,
                -6.318085640857695e-16,
                1.0048826469338514e-16,
                0.1450107934652379,
                -0.34201905461691967
            ],
            [
                0.9955903858892081,
                -0.23967436684843788,
                -5.094554545349911e-17,
                -2.141843969462556e-18,
                -0.016284144247436756,
                0.019918466070673494,
                -0.02111076528723385,
                7.086251090107436e-17,
                -7.811660042389677e-17,
                0.027270278508640736,
                0.1165976886554685
            ],
            [
                0.020384694191819534,
                0.5254583808858609,
                1.0983756021162594e-16,
                -2.2502776954448288e-17,
                0.0485811807041488,
                -0.03836560176582532,
                0.08585484599357994,
                -1.151715689300394e-15,
                7.512620419322475e-16,
                -0.3084375300683763,
                -1.4652409280788539
            ],
            [
                -0.0041969303358253334,
                0.5624742778345235,
                -1.021700943120827e-16,
                -6.994654821045116e-17,
                0.04829419995076605,
                -0.10373600780192865,
                0.07977417161104829,
                1.2143792753448168e-15,
                -7.206674130379778e-16,
                0.2787666293612519,
