{
    "dist": 0.5,
    "thetas": [
        0.10303561663791783,
        0.4440175435037328,
        -2.9626838121493106,
        -2.0638903033331175,
        1.1641296091591355,
        2.0979358614283568,
        -1.2128670123447274,
        2.47314391898043,
        1.392001137158437,
        -1.9481710072691576,
        0.34072200379900464,
        -0.9290823338613339,
        -1.9987289817083937,
        1.7944887938507428,
        2.924717343797493,
        -1.6816715396059143,
        -2.6165606813494104,
        0.6506139255218115,
        1.4388039280401017,
        -1.40593290510329,
        1.1643140023190055,
        0.11226465135129837,
        -2.836955320406834,
        -2.275334685827516,
        -1.966841668758823,
        3.1058909736072735,
        0.129844516818022,
        0.495049251658644,
        1.475411656763927,
        0.2636535907361983,
        2.5959203631973624,
        1.934719368471801,
        -0.609482604949342,
        -0.8970859114113354,
        2.84550831983512,
        -0.9824917722923239,
        2.293989801545284,
        2.0751960685763695,
        0.2397754572129318,
        2.6544533544477575
    ],
    "oo": false,
    "mo": [
        [
            [
                -0.0011851172752676711,
                0.37238472824393304,
                -0.3625446085678243,
                5.823403842664255e-17,
                1.0506421184464194e-16,
                -0.01753320296536738,
                0.8979277825215424,
                1.016241330538505e-15,
                -6.854906977980331e-16,
                -1.000202971123824,
                2.245222020313749
            ],
            [
                0.003523097553735636,
                0.014413889651474875,
                -0.0409750931182034,
                6.326680172013375e-17,
                1.6397764977303083e-17,
                1.7639003882230637,
                0.7104981552198806,
                9.951062026126357e-16,
                -6.964701095824463e-16,
                -1.2097373933531135,
                -0.33376231689889757
            ],
            [
                0.9952305084331521,
                -0.2231232962617392,
                -0.09483183515991019,
                -2.879675646037901e-19,
                -2.2501786207736538e-17,
                0.07430138915315809,
                0.036847705748244974,
                5.2019673086472516e-17,
                -6.285678931675418e-18,
                0.07483341885645248,
                0.05403040869554015
            ],
            [
                0.023624797073386276,
                0.47050612756059423,
                0.21455767050799315,
                6.786665284920023e-17,
                2.298833110620367e-16,
                -0.0728747572342623,
                -0.10790421685640471,
                -1.5229647105169489e-16,
                -2.4406311221081863e-16,
                -1.4365981187805101,
                -1.0052271487703786
            ],
            [
                -0.0076028177260701905,
                0.22916130307644808,
                0.5372353660736705,
                -1.7369881098803508e-16,
                -2.9734292233818297e-16,
                -1.1588478249198475,
                -1.1396676134919501,
                -1.3967534007631977e-15,
                1.289890480839888e-15,
                3.0584535659286556,
                -0.5235531351091882
            ],
            [
                -3.4006787528506123e-19,
                -4.155347644782137e-18,
                -3.740014041063386e-17,
                -0.12322508248848313,
                0.6619392263146993,
                -3.980843007284658e-17,
                -3.8142987559215355e-16,
                -0.08021507118899336,
                -0.9341804383004609,
                3.044534948098816e-16,
                -1.3503612744930728e-17
            ],
            [
                -2.660963723853697e-19,
                2.9342485182116775e-18,
                1.0694100648797323e-17,
                0.6619392263146999,
                0.1232250824884832,
                2.3287628632429003e-17,
                -1.1427787466734193e-15,
                0.9341804383004599,
                -0.0802150711889934,
                -1.1569738719318759e-17,
                -6.744202965640447e-20
            ],
            [
                -0.003420125970366841,
                -0.2395678384338076,
                0.5750989210442293,
                1.0289507962300544e-17,
                1.0904255523364098e-16,
                0.09693503395028412,
                -0.6209638474489987,
                -7.053839720209604e-16,
                2.376956597540993e-16,
                -0.33453822285585255,
                0.8703818652438493
            ],
            [
                1.4158173794148485e-19,
                1.7266580291318905e-18,
                -1.9475626208767165e-17,
                -0.08710201602033556,
                0.4678937106845924,
                9.770213065936284e-17,
                4.563425771919734e-16,
                0.08997058982780014,
                1.0477926877538926,
                -2.374183573822992e-16,
                6.854821953525451e-18
            ],
            [
                9.799280811198388e-20,
                1.49542177871909e-18,
                8.217955884397014e-18,
                0.4678937106845916,
                0.08710201602033552,
                -2.4022390387684488e-17,
                1.245128545981495e-15,
                -1.0477926877538923,
                0.08997058982780012,
                3.1405185360913854e-17,
                7.318520320506208e-20
            ],
            [
                0.0014968945861050852,
                0.044312936542720345,
                0.2069291693087068,
                1.6402339561061408e-17,
                2.5076063254464813e-17,
                0.2205137014311517,
                1.6094154228650501,
                1.85975537614834e-15,
                -9.85207352434734e-16,
                -0.6914579755954792,
                0.6213254064679418
            ]
        ],
        [
            [
                -0.0011851055598813326,
                0.3723852072776031,
                -0.3625442048619695,
                8.481326690995312e-17,
                2.827457482194709e-17,
                0.017533342275686068,
                -0.8979300641950076,
                -6.609708877294413e-16,
                1.029122538080031e-15,
                -1.00020247135467,
                2.2452213150994402
            ],
            [
                0.003523091772021997,
                0.014414148666928044,
                -0.040973149147167195,
                2.3307914578359898e-17,
                -5.2580995034920976e-17,
                -1.7639003471805732,
                -0.7105000890708235,
                -8.307430830958434e-16,
                1.0243876463026311e-15,
                -1.2097362584894265,
                -0.33376275799479216
            ],
            [
                0.9952305170326741,
                -0.22312307263545883,
                -0.09483181865974881,
                3.955514169465029e-17,
                4.413466465254934e-18,
                -0.07430160276367738,
                -0.03684781290619929,
                -1.8956622631411786e-17,
                -5.980502925354867e-18,
                0.07483367882679812,
                0.05403047583964777
            ],
            [
                0.02362475103135487,
                0.4705047757362948,
                0.21455619014336666,
                -1.5070819472477956e-16,
                1.8625885126378362e-18,
                0.07287510617787249,
                0.10790298745949153,
                -1.8710340213574442e-16,
                5.322584186110815e-16,
                -1.4365983947252223,
                -1.0052278108656376
            ],
            [
