{
    "dist": 0.5,
    "thetas": [
        1.7448557058857794,
        -1.649077150016919,
        2.0375021118516665,
        2.926388517974451,
        2.9694403750439315,
        -0.2924870046656962,
        0.6851339998803385,
        1.7311841483035746,
        0.8897828870907407,
        1.394981677626908,
        -2.921451680140999,
        -1.2663793231633795,
        -2.773947824309876,
        2.243480068231582,
        -0.7988817039240748,
        1.1300180068818442,
        -1.531338241455982,
        -0.9576754694920289,
        -3.0824504749171866,
        -0.8901150950318448,
        2.8217419638603713,
        -1.7724928009645748,
        -1.1347975131086745,
        2.6249413174642493,
        -2.941136005369488,
        -2.7326544467196805,
        0.815739659640105,
        2.3487391344402075,
        -3.0868300924373417,
        1.5492904725652465,
        1.9656390491245403,
        -2.6658459083030457,
        0.9830378595694711,
        0.05819611947691916,
        -0.12639637898020917,
        2.862456773761779,
        -3.1415170444428115,
        -1.5897797083310843,
        1.3334972435574386,
        -1.1021834873956844
    ],
    "oo": false,
    "mo": [
        [
            [
                -0.0011851172752684548,
                0.37238472824392993,
                -0.3625446085678217,
                -9.895683747647962e-18,
                6.674042225224599e-17,
                0.017533202965381335,
                0.8979277825215006,
                6.240692033877388e-17,
                1.5042142168512702e-16,
                -1.0002029711237952,
                2.245222020313781
            ],
            [
                0.0035230975537357302,
                0.014413889651470073,
                -0.04097509311821001,
                -1.3043170960401773e-16,
                -6.787710674885248e-17,
                -1.7639003882230502,
                0.7104981552198625,
                -2.7371822051820793e-17,
                5.145805085144778e-16,
                -1.2097373933531517,
                -0.33376231689886243
            ],
            [
                0.9952305084331523,
                -0.22312329626174082,
                -0.09483183515991007,
                -3.742832005246977e-18,
                -4.549508596032198e-18,
                -0.07430138915315697,
                0.036847705748246445,
                -4.241103623570054e-19,
                2.157484984228559e-17,
                0.07483341885645102,
                0.05403040869553887
            ],
            [
                0.02362479707338637,
                0.47050612756060023,
                0.21455767050799968,
                3.556196880100115e-17,
                1.1267461629210052e-16,
                0.07287475723426799,
                -0.10790421685643083,
                -9.300653054611307e-18,
                -2.7504063744422462e-18,
                -1.4365981187805286,
                -1.0052271487703457
            ],
            [
                -0.007602817726069474,
                0.22916130307645158,
                0.5372353660736604,
                4.162927783651343e-17,
                -1.5761303462695185e-16,
                1.1588478249198146,
                -1.1396676134918773,
                -2.213219226548636e-17,
                -4.9264316583711225e-16,
                3.0584535659286844,
                -0.5235531351092703
            ],
            [
                9.332568644966509e-20,
                -6.0002449684732366e-18,
                1.6277822053249944e-17,
                0.6725464592672761,
                -0.032081465294742456,
                3.5745665747925304e-17,
                4.292470899665666e-17,
                -0.9376161292811125,
                0.0018823020448175687,
                1.380069850966843e-17,
                -4.3005323177980184e-18
            ],
            [
                8.127589931728664e-20,
                1.5044576320614972e-17,
                4.4469929385534534e-17,
                0.032081465294742796,
                0.6725464592672753,
                9.55557147173234e-17,
                -1.3990992040229893e-16,
                0.0018823020448174854,
                0.9376161292811128,
                1.090057670560722e-16,
                8.919316212928192e-18
            ],
            [
                -0.0034201259703669387,
                -0.23956783843380297,
                0.5750989210442308,
                2.2350498479185956e-18,
                9.927635674924702e-18,
                -0.09693503395028727,
                -0.6209638474490148,
                -5.0377689514778715e-17,
                -8.297813062358213e-17,
                -0.33453822285581447,
                0.8703818652438525
            ],
            [
                -1.6617296890023132e-20,
                1.163018498249932e-18,
                1.8877610257385632e-17,
                0.4753914648423239,
                -0.022676879151772047,
                -4.4192982962365695e-17,
                -6.372790047658263e-17,
                1.051646217264175,
                -0.002111222027183529,
                -3.932609265278401e-17,
                3.534024803391197e-18
            ],
            [
                -2.092356100733533e-20,
                1.5726351687153432e-18,
                2.5471409633861325e-17,
                0.02267687915177173,
                0.4753914648423242,
                -1.868736115176368e-16,
                1.6724018331520482e-16,
                -0.002111222027183529,
                -1.0516462172641747,
                -6.177237861268501e-19,
                -5.116889105073638e-18
            ],
            [
                0.0014968945861047519,
                0.044312936542718784,
                0.20692916930870994,
                -1.176690873326648e-16,
                -3.549357638617854e-17,
                -0.22051370143114107,
                1.6094154228650293,
                1.1968692970495955e-16,
                3.214814993217555e-16,
                -0.6914579755955041,
                0.6213254064679719
            ]
        ],
        [
            [
                -0.001185105559881902,
                0.3723852072776008,
                -0.3625442048619617,
                4.8169196851328107e-17,
                9.06969594031728e-18,
                0.017533342275684757,
                0.8979300641949945,
                -7.295147863122489e-16,
                -1.8957361669958537e-16,
                -1.000202471354649,
                2.2452213150994567
            ],
            [
                0.003523091772022398,
                0.014414148666921941,
                -0.04097314914715529,
                1.7528123754675342e-17,
                1.5628931140221608e-16,
                -1.7639003471805712,
                0.710500089070825,
                -1.095522585906087e-15,
                -2.2503224074774293e-16,
                -1.2097362584894311,
                -0.3337627579947755
            ],
            [
                0.9952305170326744,
                -0.22312307263545816,
                -0.09483181865974875,
                -3.98916007368368e-18,
                -3.697460909008305e-18,
                -0.07430160276367714,
                0.0368478129062001,
                -4.4562973566849126e-17,
                -6.990556811241325e-18,
                0.07483367882679952,
                0.05403047583964748
            ],
            [
                0.023624751031355213,
                0.4705047757362928,
                0.21455619014335725,
                5.960025107427544e-17,
                -8.6655081462954e-18,
                0.07287510617787316,
                -0.10790298745948843,
                8.640386408141684e-18,
                -5.595357522427197e-18,
                -1.4365983947252325,
                -1.0052278108656256
            ],
            [
