{
    "dist": 0.775,
    "thetas": [
        0.0041979616052225666,
        -0.20063828010322737,
        0.004916753617765668,
        -2.204278596269102,
        2.0123656205543545,
        -1.12240289192412,
        1.7541019567718958,
        1.9797079610483523,
        -3.0485872024626652,
        -1.7116670481088534,
        1.3303487237216896,
        2.017611826950281,
        1.8430183187708211,
        -0.03005884899993827,
        0.38060203635481615,
        0.0938127945663263,
        -1.3382347235245735,
        -1.9597896027308164,
        -0.9989910534481625,
        -1.4683217553975476,
        -1.8673072594636073,
        -0.5801417420434314,
        0.1334834942899632,
        -3.088481703315672,
        2.910021795475287,
        2.2649266903510474,
        1.8222796736284623,
        1.5842660155966026,
        2.7594641571641203,
        3.0424658479416467,
        -2.6070862416883784,
        0.20512283176273893,
        1.6075647637327464,
        -1.1916817754211517,
        1.2049176098936316,
        -1.9141566965251737,
        2.2255113678159137,
        -0.38900592398375444,
        0.8455951269240969,
        -1.3883354549218891
    ],
    "oo": false,
    "mo": [
        [
            [
                1.780752252620666e-05,
                0.19331243426864295,
                -0.31764298850087264,
                -7.795405943757453e-17,
                1.6471408269828803e-17,
                -0.5617524447006236,
                -4.991013721496796e-16,
                1.2825759550484838e-17,
                -0.037342485679635384,
                0.057378513924088416,
                -1.6308034766974946
            ],
            [
                0.0023086604661289784,
                -0.022384916620068772,
                -0.06716255000208968,
                2.7869890127909086e-17,
                3.345072114624256e-17,
                -0.09966275517053536,
                -7.402452320251531e-16,
                3.5149452569010163e-16,
                -0.1615886550526646,
                1.826546229355821,
                0.28233517206954956
            ],
            [
                0.9954545719628705,
                -0.22630125931645928,
                -0.07452291201181925,
                -1.176434653039116e-17,
                6.107545821068879e-17,
                -0.07238528052640483,
                6.806425081106015e-16,
                -1.38693264982843e-16,
                0.10742463504446699,
                0.015283647760560862,
                -0.018367929984168894
            ],
            [
                0.021795799491242662,
                0.4910827337764775,
                0.15663161719683474,
                6.409439749463753e-17,
                6.374112870431048e-17,
                0.548961503660041,
                -8.971093967617816e-15,
                1.7764258112222677e-15,
                -1.375477429277502,
                0.6699590730476987,
                -0.33237798067487506
            ],
            [
                -0.0063718033340361534,
                0.4782384963281641,
                0.3253208707582418,
                -2.030143092236557e-17,
                -1.0049792455650176e-16,
                -0.15921092224244016,
                9.414755237750134e-15,
                -1.93263923818449e-15,
                1.4530893301484353,
                -1.8031261512600016,
                1.0216082591726765
            ],
            [
                1.3332576398778326e-17,
                4.5459451222823915e-18,
                7.487988119645719e-17,
                -0.22588957627711911,
                0.6209990363857546,
                -2.1858160810176063e-16,
                0.3055065547555344,
                -0.895809885174417,
                -3.924294114950067e-15,
                -1.386253596809838e-16,
                8.690103502154641e-18
            ],
            [
                5.526648618099885e-18,
                -4.252053032262267e-18,
                3.593381454708724e-17,
                0.6209990363857542,
                0.22588957627711964,
                -4.382149227459023e-16,
                0.8958098851744165,
                0.30550655475553523,
                -6.693779575445804e-15,
                -2.44699570747744e-16,
                7.839495238891843e-18
            ],
            [
                -0.001756207604427908,
                -0.1281124966100253,
                0.5631474523110598,
                9.760947450165001e-17,
                -2.191023174542293e-16,
                -0.8765188982596392,
                -3.337136687226119e-15,
                7.147398780415572e-16,
                -0.4088048627799741,
                -0.30292847301568754,
                0.1335106128979276
            ],
            [
                1.3445934833996043e-17,
                4.077110193688355e-18,
                9.066958975778909e-17,
                -0.16744928915513638,
                0.4603392902081058,
                2.984575769884871e-16,
                -0.3373868603224592,
                0.9892896892070498,
                4.192826378311317e-15,
                5.337362854796567e-17,
                -2.6179007897360135e-17
            ],
            [
                6.6795793592789075e-18,
                -1.6278798025876191e-18,
                2.0594787958497646e-17,
                0.4603392902081059,
                0.16744928915513602,
                4.659028684052593e-16,
                -0.9892896892070492,
                -0.3373868603224594,
                7.338745272024609e-15,
                2.427314504293059e-16,
                -9.080546033692458e-18
            ],
            [
                0.0014600496273553087,
                -0.034833747751070905,
                0.3079622057070968,
                -1.2988677894064063e-16,
                -2.3469429790301457e-17,
                0.3859316668244665,
                3.2012624561838252e-15,
                -6.588979439914769e-16,
                0.4002515052708841,
                1.0011485031803113,
                -1.2738882617946643
            ]
        ],
        [
            [
                1.780752252620666e-05,
                0.19331243426864295,
                -0.31764298850087264,
                -7.795405943757453e-17,
                1.6471408269828803e-17,
                -0.5617524447006246,
                8.226995974542915e-16,
                2.562053645405753e-16,
                0.0373424856796306,
                0.057378513924091955,
                -1.6308034766974937
            ],
            [
                0.0023086604661289784,
                -0.022384916620068772,
                -0.06716255000208968,
                2.7869890127909086e-17,
                3.345072114624256e-17,
                -0.09966275517053669,
                7.407411219214208e-17,
                -5.1518996020684285e-17,
                0.16158865505266173,
                1.82654622935582,
                0.2823351720695531
            ],
            [
                0.9954545719628705,
                -0.22630125931645928,
                -0.07452291201181925,
                -1.176434653039116e-17,
                6.107545821068879e-17,
                -0.07238528052640426,
                -4.1610439820401117e-16,
                -6.529917060922585e-17,
                -0.10742463504446752,
                0.01528364776056075,
                -0.018367929984168786
            ],
            [
                0.021795799491242662,
                0.4910827337764775,
                0.15663161719683474,
                6.409439749463753e-17,
                6.374112870431048e-17,
                0.548961503660033,
                5.4120541442184945e-15,
                6.2043461597011e-16,
                1.3754774292775047,
                0.6699590730477011,
                -0.3323779806748746
            ],
            [
