{
    "dist": 0.85,
    "thetas": [
        2.285571396673803,
        -1.3514756789437503,
        -2.681309192325017,
        1.6539681345510768,
        -0.297074922600983,
        0.265759097311558,
        1.4239946207429375,
        2.1922354457653626,
        1.6851501599552883,
        1.4648852168254765,
        -1.621147105353423,
        1.3842403401038794,
        -2.7747972234408573,
        -0.5675668759471639,
        0.6953744050146056,
        -1.5336320738538296,
        -1.3466629957570095,
        1.1590199036646274,
        2.142061872320946,
        1.9424682268417985,
        -3.1411936979972466,
        2.661620723129924,
        1.9287190028927457,
        2.865210417567324,
        -0.09595058622705643,
        1.0214825905762295,
        1.4690505556903348,
        -0.21292378582540206,
        1.9191876336743157,
        -0.38963584749314606,
        -2.330811864735062,
        0.8931583869241067,
        -0.13418557120045138,
        0.9935021116792697,
        -2.6178707404175032,
        1.0287028169829453,
        -0.056925124332792176,
        1.6041885760146908,
        -0.4531873031628644,
        -1.0693315257619167
    ],
    "oo": false,
    "mo": [
        [
            [
                0.00019843721896692417,
                0.15839725679626646,
                -0.3046153058016825,
                -2.129147939154623e-17,
                1.7108010296401079e-16,
                -0.06831443967524171,
                -1.483003838640259,
                -1.6367036626811362e-16,
                1.5979643995562783e-16,
                0.422435563405247,
                -0.4786363199493818
            ],
            [
                0.002016900937255543,
                -0.018967513983664554,
                -0.08674199821833542,
                2.9243849539940325e-17,
                1.6138942989768112e-16,
                -1.43852830476551,
                0.7008340868622724,
                -3.9481470216774553e-16,
                -2.74977293171928e-16,
                0.1335916600998639,
                -0.7675588422405728
            ],
            [
                0.9954892575967238,
                -0.2286285934172853,
                -0.0676143114025927,
                1.6563510816439467e-18,
                -5.107473022347985e-17,
                -0.06529267186108802,
                -0.0425593472769226,
                -3.198919860270225e-17,
                -1.0056767364740159e-17,
                0.0592139566160789,
                0.08565700518570038
            ],
            [
                0.021551927228852234,
                0.49422458660773105,
                0.14581864399072386,
                -2.885541697693997e-17,
                -5.891280215883296e-17,
                0.07959028020352868,
                0.13132379724031584,
                5.330917827764569e-16,
                1.7558834375411054e-16,
                -0.48444413187679936,
                -1.5614121873484492
            ],
            [
                -0.006085898280372564,
                0.5103182731603734,
                0.27903668866435133,
                4.027829015572652e-17,
                -2.1478495608114748e-16,
                0.8054763713367198,
                0.16697482892393115,
                -2.0916618134846646e-16,
                -8.957380557862447e-17,
                0.20226981129837823,
                2.179195630572348
            ],
            [
                5.609125901859635e-17,
                -1.7414782361820333e-17,
                3.4735905670315953e-16,
                0.07295395596542543,
                0.656307550961895,
                5.119275051110356e-17,
                -9.447606266336574e-18,
                -0.4210269131070765,
                -0.848027102477517,
                -5.734279119465807e-16,
                -7.840821150536487e-17
            ],
            [
                1.603882250478174e-17,
                -7.944216167652542e-18,
                -9.128227100914352e-17,
                0.6563075509618954,
                -0.07295395596542548,
                3.950990676232724e-17,
                6.004173584419679e-18,
                0.8480271024775167,
                -0.4210269131070764,
                9.825032408384867e-16,
                -4.937824191284364e-18
            ],
            [
                -0.0015988689605560562,
                -0.10325959764612248,
                0.5556553674923688,
                1.673239743094355e-17,
                -3.545938336871499e-16,
                -0.239374613584852,
                -0.4297733520306439,
                8.553810714849742e-16,
                1.6119892400617282e-16,
                -0.8430486074196145,
                0.32614578145609696
            ],
            [
                6.894954760691417e-17,
                1.9954304986587677e-18,
                2.6010216267367377e-16,
                0.05417311729647065,
                0.4873515832050045,
                1.737347134056962e-16,
                -2.3228765871805794e-17,
                0.46470009544390445,
                0.9359930759582982,
                6.266376787105859e-16,
                5.700662444217866e-17
            ],
            [
                -3.762704448913511e-17,
                -5.727109886218133e-19,
                -5.475231351408766e-17,
                0.48735158320500377,
                -0.05417311729647072,
                -1.8999027279391538e-17,
                -4.1099499861849226e-17,
                -0.9359930759582984,
                0.4647000954439046,
                -8.457504856489287e-16,
                -7.412619307046167e-18
            ],
            [
                0.0014495967812135772,
                -0.04363595988864383,
                0.33190357128197967,
                5.406436897381858e-17,
                -1.347103426778827e-16,
                -0.42890533048351526,
                -0.4224113496720354,
                -1.1635217724120346e-15,
                -1.6096001118955433e-16,
                1.2364053169497549,
                -0.8967344724913391
            ]
        ],
        [
            [
                0.00019843712468406053,
                0.15839724232988486,
                -0.3046153911785012,
                2.9191186106622993e-16,
                4.348322696906642e-17,
                0.06831449654345159,
                -1.4830037202198854,
                -4.766308997212076e-16,
                6.074988950039415e-17,
                0.4224356782148944,
                -0.4786365278684086
            ],
            [
                0.0020169016496116863,
                -0.01896757474680232,
                -0.08674205391562367,
                8.46158984364321e-17,
                -3.475288983926956e-17,
                1.4385282467705027,
                0.7008342599020245,
                -4.97746873737408e-18,
                -1.0260734116710783e-15,
                0.1335914630169457,
                -0.7675588194392461
            ],
            [
                0.995489256218349,
                -0.22862862754598515,
                -0.06761430558589067,
                -2.5383560732723615e-17,
                1.6492407542007562e-18,
                0.0652926480984442,
                -0.04255934306698822,
                -7.253407558012959e-17,
                -5.786500004663476e-17,
                0.05921394909174198,
                0.08565696010934372
            ],
            [
                0.021551934180482166,
                0.4942248561630041,
                0.14581875357913743,
                -3.8511123358368423e-17,
                -1.0400698682039458e-17,
                -0.07959023917218745,
                0.13132387501922335,
                7.251850384167259e-16,
                8.86888724760499e-16,
                -0.48444432333885923,
                -1.5614120278441395
            ],
            [
