{
    "dist": 0.85,
    "thetas": [
        0.7003270491300002,
        -0.053869488946690414,
        1.2521357632657004,
        -1.9190780120328719,
        1.7275848218570173,
        1.3062330150862813,
        -0.8477272751259246,
        2.9662757615906044,
        -2.557455115564175,
        -0.5417974658723006,
        -2.7579177865614644,
        -1.2611919830145855,
        3.116726685272372,
        2.6474127966978234,
        -0.2979985587264111,
        2.634381324251887,
        -1.3107404352401797,
        0.3796338484110535,
        -0.2565573770438969,
        -3.0272038179249767,
        2.8195056772726383,
        -1.1887936715863368,
        2.1463338267637173,
        -3.0008659805164486,
        0.5090497007790056,
        0.6544887072823364,
        2.188024353240066,
        -1.163240541119771,
        2.7880790271266633,
        1.5137781885772634,
        2.5272337397359106,
        2.304403660937262,
        2.5192370373805115,
        1.4045127989437134,
        0.1702470555831357,
        1.6657501249314342,
        -1.7526813500610607,
        1.5617571314008787,
        1.6891796897122564,
        -0.763262672723064
    ],
    "oo": false,
    "mo": [
        [
            [
                0.0001984372189667431,
                0.15839725679636474,
                -0.30461530580165247,
                -6.509577675443222e-17,
                -1.827242975149503e-17,
                0.06831443967530403,
                -1.4830038386402422,
                -9.857584609704647e-16,
                -2.357629051162831e-16,
                0.4224355634052923,
                -0.47863631994937217
            ],
            [
                0.00201690093725664,
                -0.01896751398367574,
                -0.08674199821816614,
                2.252048294012433e-17,
                -5.373072485925056e-17,
                1.438528304765521,
                0.700834086862324,
                4.442327352371335e-16,
                -9.92830048863576e-16,
                0.13359166010003198,
                -0.7675588422404923
            ],
            [
                0.9954892575967218,
                -0.22862859341727915,
                -0.06761431140262561,
                -1.686043828573272e-16,
                -2.320839281154003e-16,
                0.06529267186108896,
                -0.04255934727693102,
                5.858909788606552e-17,
                3.5643985242943375e-17,
                0.05921395661607055,
                0.08565700518570572
            ],
            [
                0.021551927228858746,
                0.49422458660774354,
                0.14581864399078714,
                3.87677643814674e-17,
                8.596704822986085e-17,
                -0.07959028020347922,
                0.13132379724038748,
                7.457324240495691e-16,
                1.22688618760377e-15,
                -0.4844441318765986,
                -1.5614121873484974
            ],
            [
                -0.0060858982803754,
                0.5103182731602808,
                0.2790366886643614,
                -3.6970889963522565e-18,
                -8.558427356786823e-17,
                -0.8054763713368117,
                0.16697482892384946,
                -5.455639273789558e-16,
                -5.118118080312975e-16,
                0.20226981129807117,
                2.1791956305723676
            ],
            [
                -1.688917527132283e-17,
                4.929079179031938e-17,
                -6.894994847497035e-17,
                0.17381480047164038,
                0.6370638086391449,
                1.3985294098797352e-17,
                -3.0672693313627925e-16,
                0.9237865603220207,
                -0.20744160398794598,
                5.679044558533564e-16,
                -4.316563253309054e-17
            ],
            [
                -1.8042504079294263e-16,
                -2.746101902462516e-18,
                -6.252891188553528e-17,
                0.6370638086391457,
                -0.1738148004716403,
                -2.0505522168742964e-18,
                3.7182390750950704e-16,
                0.2074416039879452,
                0.9237865603220209,
                2.8975738994704964e-15,
                5.81970359730471e-17
            ],
            [
                -0.0015988689605559731,
                -0.10325959764622228,
                0.5556553674924056,
                5.504763268128473e-17,
                -1.417512896857922e-17,
                0.23937461358481457,
                -0.4297733520306428,
                8.896655076846999e-16,
                2.2994394871285726e-15,
                -0.843048607419639,
                0.3261457814559693
            ],
            [
                1.6304130172784172e-16,
                1.8862374113478155e-17,
                -7.030612856197332e-17,
                0.12906893737564923,
                0.4730618370726971,
                2.6556167749516152e-18,
                3.0845170063936674e-16,
                -1.0196110732767916,
                0.22895955144733765,
                -6.519323979935903e-16,
                -4.28798496987397e-17
            ],
            [
                2.5335459242078927e-16,
                7.513594295346277e-19,
                -3.945308272311589e-17,
                0.4730618370726963,
                -0.12906893737564895,
                -4.605496515111282e-17,
                -4.429189134585093e-16,
                -0.22895955144733687,
                -1.0196110732767925,
                -2.900110774694396e-15,
                -6.28601881007831e-17
            ],
            [
                0.0014495967812138794,
                -0.04363595988868061,
                0.3319035712819935,
                2.858028307232857e-17,
                6.97825824992284e-17,
                0.42890533048344376,
                -0.4224113496720058,
                -1.4996903008478563e-15,
                -2.9302765974894787e-15,
                1.2364053169498925,
                -0.8967344724911918
            ]
        ],
        [
            [
                0.00019843712468436693,
                0.15839724232992924,
                -0.3046153911783342,
                7.722252440239147e-18,
                -4.8619618513755995e-18,
                -0.0683144965434426,
                -1.4830037202199788,
                -2.2341441471421704e-15,
                -8.826054547851967e-16,
                0.42243567821489736,
                -0.4786365278682113
            ],
            [
                0.0020169016496119903,
                -0.0189675747467441,
                -0.08674205391556475,
                2.1219660709300311e-16,
                -4.434228780818277e-17,
                -1.438528246770557,
                0.7008342599019284,
                1.0758492695057272e-15,
                -1.0300770817711106e-16,
                0.1335914630172632,
                -0.7675588194391862
            ],
            [
                0.9954892562183495,
                -0.22862862754595192,
                -0.06761430558592713,
                2.658092066109524e-16,
                -8.052090921241734e-18,
                -0.06529264809845904,
                -0.04255934306699226,
                -1.624379085272386e-16,
                -1.442892609047965e-16,
                0.05921394909174048,
                0.08565696010938917
            ],
            [
                0.021551934180481444,
                0.49422485616278206,
                0.1458187535791007,
                -3.732515206089086e-16,
                1.1018524711860546e-16,
                0.07959023917215992,
                0.13132387501919146,
                1.2498336051803097e-15,
                7.013920716878343e-16,
                -0.4844443233384863,
                -1.5614120278443326
            ],
            [
