{
    "dist": -0.1,
    "thetas": [
        2.3463261368903874,
        2.9439278084526643,
        2.319717710563025,
        0.1938720278250048,
        -1.6793174426784083,
        -3.0699718540344296,
        -0.4368772992954577,
        -0.6135444998792989,
        0.1424691618875915,
        -0.1357683511288812,
        0.34781498297773794,
        0.2726023879603252,
        1.639255247336484,
        1.3343888034911187,
        0.7519847877695871,
        -0.4643791018236456,
        -1.3252806848740173,
        2.9773202892406827,
        -1.0444284749192585,
        -1.766825043051343,
        -2.7281063583560097,
        3.033965123374311,
        -2.3382515167002618,
        -1.1175851867391877,
        -2.695845613805822,
        -1.7293214755701178,
        -0.6683115396232484,
        2.4890524741785924,
        -0.9709933288902195,
        3.045770542014389,
        -2.961063865698451,
        -0.931892285898047,
        -0.7479573583046881,
        1.6597670561412299,
        2.7570863008471456,
        -1.1329224215729323,
        -0.4242662269722661,
        -1.444216899225165,
        1.891589921605929,
        0.8685800355148432
    ],
    "oo": false,
    "mo": [
        [
            [
                -0.09342635889559915,
                0.2960122025442538,
                0.18601664110151162,
                -1.0538569247754304e-16,
                2.0290154119086523e-16,
                -0.07360366479675946,
                -0.3630295642407282,
                -1.911012668501541e-16,
                2.5419667379027207e-16,
                -1.2775431316917012,
                13.947412033568181
            ],
            [
                -0.01604949188363163,
                0.042344032734567764,
                0.02217627848261105,
                -1.96830469008372e-16,
                1.6128796167704243e-16,
                -2.0628862873937526,
                -0.4236950087964442,
                -8.970017478119994e-17,
                4.114813563074437e-16,
                -1.8240415602807047,
                1.7565953646110075
            ],
            [
                1.0124718036474958,
                -0.27806390398645026,
                0.008842690067770713,
                -7.384992793418536e-18,
                1.1655868491540003e-17,
                -0.0711648368915695,
                0.0503709822491565,
                3.4496531175526257e-17,
                -3.3581875384193975e-17,
                0.2357237763878478,
                -1.9766131802046738
            ],
            [
                0.0490585599405823,
                0.4876295980329518,
                -0.16223061341958328,
                7.297136570917102e-17,
                -1.7411142746054684e-16,
                0.10990922265955437,
                0.06975305265719212,
                -8.200667506880515e-18,
                2.555367737509083e-17,
                -1.0864032431881196,
                -7.705107312042878
            ],
            [
                0.060496112850657646,
                0.2443203739177669,
                -0.29597955388210007,
                3.050295230962467e-16,
                -4.150498820134928e-16,
                1.5668981400552537,
                0.6648123096392635,
                2.86588443232383e-16,
                -6.29731729688524e-16,
                3.840371496308819,
                -7.5894665718864625
            ],
            [
                3.619755249527247e-19,
                -5.363218581644098e-18,
                -7.481892879462332e-16,
                0.0862601972037446,
                0.7646738890721465,
                -4.8614906453186374e-17,
                -3.0820542701239247e-16,
                -0.09958695502180026,
                -0.8546291414272204,
                8.673038052286659e-19,
                2.5703345883818714e-19
            ],
            [
                -7.519375092752988e-20,
                8.827663340295408e-18,
                5.043829828700133e-16,
                0.7646738890721474,
                -0.0862601972037445,
                5.672130641438133e-17,
                4.4388445041438e-16,
                -0.85462914142722,
                0.09958695502179962,
                5.83063959291571e-17,
                1.4931086918598926e-19
            ],
            [
                0.032794619219472486,
                0.18029367902481624,
                0.7787472767304707,
                -3.6061641365536266e-16,
                8.283971712052074e-16,
                0.029128933640719577,
                -0.7490295746244996,
                -3.2641524266191583e-16,
                3.44107920058165e-16,
                0.24970927301607587,
                -1.8301547171957715
            ],
            [
                -1.3365578382564877e-19,
                -1.7059700481716067e-18,
                -3.4009892439612746e-16,
                0.04046516081182232,
                0.35871297415214937,
                1.3989927361358896e-16,
                4.6184025685060495e-16,
                0.12690471846677912,
                1.0890630260015957,
                1.390973740754827e-17,
                -8.880282685878942e-21
            ],
            [
                1.1572215993023266e-20,
                2.0604999664445826e-18,
                2.302919168470922e-16,
                0.35871297415214837,
                -0.04046516081182239,
                2.8921956576444314e-17,
                -5.516974101494169e-16,
                1.0890630260015965,
                -0.1269047184667786,
                -3.603398621880592e-17,
                -6.309777112354668e-20
            ],
            [
                -0.0009983876817851196,
                0.0033717928146741417,
                0.2618100062692538,
                -1.7994026202282543e-16,
                2.639889683975727e-16,
                0.016041889513832022,
                1.1638005350022758,
                5.478596015604523e-16,
                -5.242502248932947e-16,
                0.1311635327113404,
                -1.0666466867987865
            ]
        ],
        [
            [
                -0.09342635520440411,
                0.2960120487533301,
                0.18601655377930454,
                -3.974376906079192e-17,
                -1.6544163676675942e-16,
                0.07360361213766008,
                -0.3630294454498141,
                -3.7577354467574197e-16,
                1.3648117301540845e-16,
                -1.2775432011839676,
                13.94741203502604
            ],
            [
                -0.016049491794345606,
                0.042344044740534645,
                0.02217653040588205,
                -2.218037881507586e-16,
                4.748975199561693e-17,
                2.0628862955200242,
                -0.4236947850844212,
                -6.766659253188138e-16,
                1.9731639902215206e-16,
                -1.8240415983525349,
                1.756595366024969
            ],
            [
                1.0124718034517546,
                -0.27806387949276024,
                0.008842669529751717,
                8.454506453004656e-18,
                3.154562574482476e-17,
                0.0711648561789695,
                0.050370989410486754,
                3.964764737560107e-17,
                -2.1356362739416214e-17,
                0.23572379592619105,
                -1.9766131806355338
            ],
            [
                0.049058556033254104,
                0.48762956927967077,
                -0.16223062325133403,
                -8.589255525595796e-17,
                -1.2624658419907737e-16,
                -0.10990922856784931,
                0.06975306459295788,
                1.0816622772178546e-16,
                -1.7673980748733736e-17,
                -1.086403248492678,
                -7.705107312740182
            ],
            [
