{
    "dist": 1.625,
    "thetas": [
        1.2344523002620233,
        -1.3437261884234306,
        -1.71624293364286,
        0.3224202031429355,
        1.3789642063384902,
        -0.4831363599630145,
        3.0207305475081876,
        1.1613194978062573,
        -0.1198083964293164,
        -0.6778456245845823,
        -0.9853415847636118,
        1.4391617560491943,
        -0.3859619696820067,
        -2.766625370449171,
        -0.6406068368903868,
        1.4953692364717712,
        -1.9949632941225846,
        -2.0391967572450125,
        0.1982431285443691,
        0.1999786276100073,
        0.844466128040513,
        2.1955447144109703,
        1.4102943992825638,
        0.6975812910408847,
        1.3976529930445434,
        -1.112381951244826,
        -0.8684074882794137,
        -1.7073724751617976,
        -1.296132872807237,
        0.8229472569938512,
        -2.5628802482082387,
        -0.4165678177032248,
        -0.4344020696261799,
        -0.039677701659869946,
        -0.46602203025102895,
        -1.1795975254072706,
        -0.46274838598426316,
        2.471737009701255,
        2.7907397004152337,
        0.011540174930514624
    ],
    "oo": false,
    "mo": [
        [
            [
                3.976827741000028e-06,
                0.025081495413655744,
                -4.073206307843399e-19,
                2.2605619854564776e-16,
                -0.2109120016308826,
                -0.3691699965633134,
                -7.165389928460416e-17,
                -4.698815171009782e-17,
                0.03940580535893325,
                -0.5384398955695564,
                1.1583126517422797
            ],
            [
                0.0006700512432960383,
                0.015630426392793714,
                5.884197934575179e-17,
                2.0307161658562883e-16,
                -0.3209903633477508,
                -0.4469552907070082,
                -1.82694514955664e-16,
                1.4719648839316241e-16,
                0.14039698827515373,
                1.1593870310297356,
                -0.7776842896977565
            ],
            [
                0.9955888265856816,
                -0.2390120607786226,
                -3.567252504161915e-17,
                -2.373867758266073e-16,
                -0.02327576323625664,
                -0.03013400280843228,
                2.2584874210562313e-16,
                -6.620527805709694e-17,
                -0.11938772684409818,
                4.9190273900016534e-05,
                -0.008892322700262476
            ],
            [
                0.02045399628489628,
                0.5224178915431521,
                2.499316068899995e-16,
                -1.234514410062207e-16,
                0.06525264364153292,
                0.13235752564965475,
                -2.7427151027286815e-15,
                8.459853147604809e-16,
                1.4843527809227215,
                0.25552804965344106,
                0.04821950936815491
            ],
            [
                -0.004331725943071695,
                0.5621005514590043,
                -2.693314801325122e-16,
                -8.22308471781453e-17,
                0.07832721799637099,
                0.03379987883904738,
                2.7275432519453085e-15,
                -8.636766232212231e-16,
                -1.4834439632755936,
                -0.5127620921008277,
                0.07327804062467835
            ],
            [
                1.6600259649211168e-16,
                4.210045214228e-17,
                0.07723343514364399,
                0.6631644300841203,
                6.673115263213905e-16,
                -9.938491639753486e-17,
                0.7439158690215887,
                0.5773323342949571,
                1.2994981040837038e-15,
                -6.483126269236621e-17,
                -1.0433728290607542e-17
            ],
            [
                -2.9373894817345024e-17,
                -6.461453018464872e-18,
                0.6631644300841202,
                -0.07723343514364406,
                -5.495785439476109e-17,
                8.593666473784629e-17,
                -0.5773323342949568,
                0.743915869021589,
                -1.5567648450919271e-15,
                9.99457396722864e-17,
                7.893310930133483e-17
            ],
            [
                -0.0006475001911079053,
                -0.0073943660244393606,
                3.428068656758398e-17,
                -4.3333762551674737e-16,
                0.5008939853980379,
                -0.7235334801372498,
                -5.1681083054688715e-16,
                1.2455076981297166e-16,
                0.13252141887160954,
                -0.5948472629119701,
                -0.4611093156242143
            ],
            [
                1.0696768931204233e-16,
                8.218899893842506e-18,
                0.05578824320430256,
                0.4790254174395662,
                4.857954331360998e-16,
                7.095641924727483e-17,
                -0.8285255396123457,
                -0.6429955371653765,
                -1.4595680039120947e-15,
                1.951844706700397e-16,
                7.665539839947615e-17
            ],
            [
                1.8243768573949398e-17,
                -2.0628114477319057e-18,
                0.479025417439566,
                -0.055788243204302736,
                -4.484194017049669e-17,
                -7.548989831225909e-17,
                0.6429955371653758,
                -0.8285255396123461,
                2.1192100360549125e-15,
                -1.3921210716773762e-16,
                -1.3150613015055117e-16
            ],
            [
                0.00046417345090050445,
                -0.0165601555131856,
                -6.25409998768654e-17,
                -5.931949494652907e-16,
                0.40028191392422874,
                0.06903344315246236,
                5.281352031130637e-16,
                -1.0046797749439166e-16,
                -0.11655966307242244,
                1.0398929078657528,
                0.5624142105962929
            ]
        ],
        [
            [
                3.976827741000028e-06,
                0.025081495413655744,
                -4.073206307843399e-19,
                2.2605619854564776e-16,
                -0.2109120016308826,
                -0.3691699965633137,
                1.2022731976919086e-16,
                3.8316175405049455e-17,
                0.039405805358933545,
                -0.5384398955695683,
                1.1583126517422746
            ],
            [
                0.0006700512432960383,
                0.015630426392793714,
                5.884197934575179e-17,
                2.0307161658562883e-16,
                -0.3209903633477508,
                -0.44695529070700846,
                2.55091193258405e-16,
                -1.6371514081601997e-16,
                0.14039698827515337,
                1.1593870310297445,
                -0.7776842896977452
            ],
            [
                0.9955888265856816,
                -0.2390120607786226,
                -3.567252504161915e-17,
                -2.373867758266073e-16,
                -0.02327576323625664,
                -0.030134002808432255,
                -2.106684772784307e-16,
                3.988058291977321e-17,
                -0.11938772684409829,
                4.9190273900091195e-05,
                -0.008892322700262462
            ],
            [
                0.02045399628489628,
                0.5224178915431521,
                2.499316068899995e-16,
                -1.234514410062207e-16,
                0.06525264364153292,
                0.1323575256496544,
                2.6482138826876434e-15,
                -5.601776496607423e-16,
                1.484352780922722,
                0.255528049653441,
                0.048219509368157124
            ],
