{
    "dist": 1.625,
    "thetas": [
        2.285571396673803,
        -1.3514756789437503,
        -2.681309192325017,
        1.6539681345510768,
        -0.297074922600983,
        0.265759097311558,
        1.4239946207429375,
        2.1922354457653626,
        1.6851501599552883,
        1.4648852168254765,
        -1.621147105353423,
        1.3842403401038794,
        -2.7747972234408573,
        -0.5675668759471639,
        0.6953744050146056,
        -1.5336320738538296,
        -1.3466629957570095,
        1.1590199036646274,
        2.142061872320946,
        1.9424682268417985,
        -3.1411936979972466,
        2.661620723129924,
        1.9287190028927457,
        2.865210417567324,
        -0.09595058622705643,
        1.0214825905762295,
        1.4690505556903348,
        -0.21292378582540206,
        1.9191876336743157,
        -0.38963584749314606,
        -2.330811864735062,
        0.8931583869241067,
        -0.13418557120045138,
        0.9935021116792697,
        -2.6178707404175032,
        1.0287028169829453,
        -0.056925124332792176,
        1.6041885760146908,
        -0.4531873031628644,
        -1.0693315257619167
    ],
    "oo": false,
    "mo": [
        [
            [
                3.976827740871388e-06,
                0.025081495413656035,
                5.635548092678217e-17,
                9.893928396129893e-18,
                -0.21091200163088272,
                -0.3691699965633144,
                1.7566561551173195e-16,
                -8.24853300049772e-18,
                0.03940580535893736,
                -0.5384398955695446,
                1.1583126517422848
            ],
            [
                0.0006700512432960752,
                0.01563042639279486,
                2.902348028253546e-16,
                -4.768372554708942e-17,
                -0.32099036334774605,
                -0.44695529070700607,
                1.2184707855724505e-16,
                1.3922372923995218e-16,
                0.140396988275147,
                1.159387031029733,
                -0.777684289697766
            ],
            [
                0.9955888265856814,
                -0.23901206077862266,
                -2.560250063641515e-16,
                3.376213781698012e-17,
                -0.023275763236256873,
                -0.030134002808432536,
                -2.8311511078351997e-16,
                -9.035636809907223e-17,
                -0.11938772684409812,
                4.919027390025506e-05,
                -0.008892322700262204
            ],
            [
                0.0204539962848954,
                0.5224178915431528,
                2.4030724917110337e-16,
                -9.380726396916738e-17,
                0.0652526436415334,
                0.13235752564965816,
                3.576041788776242e-15,
                1.058819137367911e-15,
                1.4843527809227193,
                0.25552804965344783,
                0.048219509368151864
            ],
            [
                -0.0043317259430711704,
                0.5621005514590036,
                -1.5944443124510418e-16,
                1.6405966649341871e-18,
                0.07832721799637113,
                0.03379987883904371,
                -3.562393892061463e-15,
                -1.0764148733568629e-15,
                -1.4834439632755905,
                -0.5127620921008357,
                0.07327804062468346
            ],
            [
                9.532337562396829e-18,
                -5.884983523549531e-17,
                0.6240826118428704,
                -0.2372192201915,
                3.184315893129292e-16,
                -2.083144983731875e-16,
                -0.9371144599989488,
                -0.09241175934634248,
                2.6210338334170126e-15,
                -2.7793912563246464e-16,
                -1.355706665023961e-16
            ],
            [
                1.827404014636886e-17,
                1.8981096505739053e-17,
                0.23721922019150044,
                0.6240826118428704,
                1.4580907494972685e-16,
                -4.9311946510885054e-17,
                -0.09241175934634213,
                0.9371144599989496,
                -3.636485935616121e-16,
                -6.127313821246724e-17,
                -2.0402512294911785e-17
            ],
            [
                -0.0006475001911074313,
                -0.0073943660244412375,
                -3.0799265482492047e-16,
                -3.191756888564126e-17,
                0.5008939853980385,
                -0.7235334801372505,
                7.579826000407187e-16,
                6.941225222098608e-17,
                0.13252141887161384,
                -0.594847262911972,
                -0.46110931562420787
            ],
            [
                7.390118321278379e-18,
                -3.497967555619189e-17,
                0.4507953383701314,
                -0.1713512227465339,
                2.6025916393798966e-16,
                1.673892413469453e-16,
                1.0436976760158723,
                0.10292226038900694,
                -2.8538076576968628e-15,
                3.933269896178894e-16,
                1.8609442664092547e-16
            ],
            [
                -1.7542446534958506e-17,
                1.011515002411301e-17,
                0.17135122274653336,
                0.4507953383701314,
                1.1030665156218189e-16,
                5.580478957790569e-18,
                0.10292226038900731,
                -1.0436976760158736,
                6.351847071851926e-16,
                7.956953392643486e-17,
                4.953217922321256e-18
            ],
            [
                0.00046417345090016027,
                -0.016560155513184828,
                -7.216695343249876e-17,
                -6.591799056552871e-17,
                0.4002819139242314,
                0.06903344315246839,
                -8.175297640130216e-16,
                -6.352846837254714e-17,
                -0.1165596630724281,
                1.0398929078657557,
                0.5624142105962833
            ]
        ],
        [
            [
                3.976827740871388e-06,
                0.025081495413656035,
                5.635548092678217e-17,
                9.893928396129893e-18,
                -0.21091200163088272,
                -0.3691699965633142,
                -1.6323867988164908e-16,
                3.982264059739906e-17,
                -0.039405805358935724,
                -0.5384398955695475,
                1.158312651742284
            ],
            [
                0.0006700512432960752,
                0.01563042639279486,
                2.902348028253546e-16,
                -4.768372554708942e-17,
                -0.32099036334774605,
                -0.4469552907070061,
                -5.58815879474461e-16,
                -2.2784074584248465e-16,
                -0.14039698827514926,
                1.1593870310297343,
                -0.7776842896977632
            ],
            [
                0.9955888265856814,
                -0.23901206077862266,
                -2.560250063641515e-16,
                3.376213781698012e-17,
                -0.023275763236256873,
                -0.03013400280843248,
                5.133468479868861e-16,
                6.046875236144487e-17,
                0.11938772684409811,
                4.919027390044966e-05,
                -0.008892322700262249
            ],
            [
                0.0204539962848954,
                0.5224178915431528,
                2.4030724917110337e-16,
                -9.380726396916738e-17,
                0.0652526436415334,
                0.13235752564965778,
                -6.340074371801727e-15,
                -6.681254287941637e-16,
                -1.4843527809227206,
                0.25552804965344567,
                0.04821950936815316
            ],
            [
