{
    "dist": 2.2,
    "thetas": [
        1.704757879308132,
        -3.011204310279467,
        0.8397366260192594,
        1.563280899135842,
        -0.009380718364163876,
        -1.7291536732871136,
        -1.8971269718342263,
        1.6369627429575306,
        -2.0790379300152217,
        -2.586537231132677,
        1.1646500873100205,
        2.8487544111850127,
        -3.1167849646094092,
        0.07660625016677525,
        1.9642554329689128,
        0.70702212977712,
        1.3933297522764283,
        -1.3076812305427234,
        2.6249522282931705,
        1.3482194095209188,
        0.2673141479915979,
        -2.2483118993788564,
        -0.7958234754631421,
        1.0941137716709264,
        -0.3654729438307087,
        -0.4146023075677032,
        0.7399517487893483,
        0.08255001257991035,
        0.94497336375301,
        0.6348464674842362,
        1.917773905749895,
        0.1360130698619595,
        2.567616643692406,
        -1.1357731497354906,
        -2.5732197993538017,
        -1.2522384758651308,
        -2.425407785880496,
        2.0651656802006935,
        -2.846934388642458,
        0.7934855547557511
    ],
    "oo": false,
    "mo": [
        [
            [
                -0.00017310757738394828,
                0.008781503443184643,
                6.425301231992735e-16,
                9.809544507538302e-17,
                -0.1868443967447405,
                -0.306744477572957,
                1.2763755474545415,
                -6.983478810488247e-16,
                -2.866530863122565e-16,
                -0.11449493330094157,
                -0.20692214377829668
            ],
            [
                0.0004320853681478245,
                0.013758438871458913,
                1.2802550241611278e-15,
                2.204168262691897e-16,
                -0.3927523380979216,
                -0.6234186662867252,
                -1.1209537802254552,
                1.274830031038107e-15,
                4.989416273073116e-16,
                0.2214078960168344,
                0.31225468403529505
            ],
            [
                0.9955883790612595,
                -0.2399883454167544,
                5.619864587126001e-17,
                1.555615107998632e-17,
                -0.011138284325802087,
                -0.012953308617064466,
                -0.02126303066393606,
                7.387484642516361e-17,
                -8.083802867058386e-17,
                0.02537409055161958,
                -0.11790493198364264
            ],
            [
                0.02035162734842837,
                0.5266854317187667,
                -1.8897361648550796e-17,
                -1.031615329790916e-16,
                0.03595916601076898,
                0.02718408381950492,
                0.12346311825181215,
                -4.194836599881127e-16,
                1.251741564253867e-15,
                -0.28617143155265595,
                1.458468466711758
            ],
            [
                -0.004112954264284254,
                0.563070623755889,
                -3.4499361162749164e-16,
                4.872988801985273e-17,
                0.02525011132694873,
                0.0550330638304772,
                -0.01832869042973049,
                2.760756605511102e-16,
                -1.2876617293184465e-15,
                0.2603640731350577,
                -1.448495079936707
            ],
            [
                -2.0193967234373848e-16,
                -1.7922979760377918e-16,
                0.6665886634841558,
                0.049589231652092114,
                4.715478846862491e-15,
                -1.599319342546045e-15,
                -1.3321786263129979e-17,
                0.7018493503059013,
                0.6269636835824193,
                -3.958371740690649e-15,
                -1.0609827224127215e-15
            ],
            [
                2.8484709246558344e-17,
                7.548404156755803e-18,
                -0.04958923165209235,
                0.6665886634841562,
                3.937143165764479e-16,
                -1.2549939131653455e-16,
                -1.9967981509422646e-16,
                -0.6269636835824185,
                0.701849350305902,
                2.451355070497277e-15,
                -3.957305312480309e-16
            ],
            [
                -0.0003267468243363411,
                -0.0002512733992845047,
                -5.15245327608453e-15,
                -8.833860552701149e-16,
                0.49954997014979025,
                -0.3727973945418458,
                -0.08928583221471485,
                -4.3882197197316305e-15,
                -7.545002669030856e-16,
                -0.9528470159061604,
                -0.19624531216241647
            ],
            [
                1.393104148080971e-16,
                -3.859195552819654e-17,
                0.48006293421878565,
                0.03571310668280571,
                3.853081294184847e-15,
                -1.4710605304699903e-15,
                -5.798651543868202e-17,
                -0.7824359183817275,
                -0.6989518553262049,
                3.995023637106e-15,
                1.1077264620306798e-15
            ],
            [
                -3.892928023224128e-17,
                2.340871051903618e-18,
                -0.03571310668280583,
                0.4800629342187863,
                3.156563460396946e-16,
                -1.1389490691215822e-16,
                2.199640873021137e-16,
                0.6989518553262041,
                -0.7824359183817285,
                -2.703896276368777e-15,
                3.567583735739488e-16
            ],
            [
                0.0001928012390270146,
                -0.005823849571639103,
                -3.713390433535539e-15,
                -4.796971891545833e-16,
                0.4148744903496259,
                -0.34035496238276325,
                -0.04114927325283785,
                5.00953078233724e-15,
                1.0823502006166154e-15,
                1.0352976749169092,
                0.23829632772223308
            ]
        ],
        [
            [
                -0.00017310752162880632,
                0.00878152975063888,
                -1.781427006039829e-17,
                -3.0851341456248387e-16,
                -0.18684504348545108,
                -0.30674426038273067,
                1.2763755234524894,
                9.688461707197183e-16,
                7.488845659237663e-17,
                -0.11449465222288213,
                -0.2069221842204985
            ],
            [
                0.0004320852919225977,
                0.013758495531100551,
                -1.1516488500527525e-17,
                -6.431640300759764e-16,
                -0.3927535533015485,
                -0.6234177458919352,
                -1.120953901249842,
                -1.4387398615685375e-15,
                -1.1866710742687552e-16,
                0.22140750216537777,
                0.3122548354358433
            ],
            [
                0.9955883799445752,
                -0.2399883318379157,
                2.352814230309513e-17,
                1.3273141505152934e-16,
                -0.01113826137055122,
                -0.012953340908500185,
                -0.0212630345609001,
                -3.4182421474378743e-16,
                -3.132999382900672e-17,
                0.02537418518549243,
                -0.11790492971595903
            ],
            [
                0.020351623376128954,
                0.5266853110925517,
                -7.80042068035075e-17,
                9.438352934193991e-17,
                0.03595924225031204,
                0.027184036247260915,
                0.12346307047037955,
                9.42404822760388e-16,
                2.5711532044347875e-16,
                -0.28617283219466183,
                1.4584682385540015
            ],
            [
