{
    "dist": -0.3,
    "thetas": [
        1.0607592975211642,
        -0.9380084697972517,
        2.4699562004424855,
        -1.3946453069212887,
        -2.811806829505575,
        2.6256889639960885,
        -0.17491097986209603,
        -3.1023400166459405,
        -0.07535832863870562,
        2.1433622426575356,
        1.6961668436679096,
        -0.963132038435158,
        -0.8863242082270948,
        1.4280752807055181,
        1.0193758125997254,
        0.6339726059438919,
        1.4093175001577878,
        1.254081355212083,
        -3.0318265567316476,
        1.246513139645585,
        -1.2965252396870526,
        3.045232358412844,
        2.3077423290309644,
        1.5163704326518106,
        -0.9141490480795276,
        -1.282661373371675,
        -2.9821870896762968,
        -2.1355240193390217,
        2.005167089661641,
        -2.1894946755565146,
        1.4193801604722447,
        -3.0798820566823406,
        1.2656368141233738,
        -1.7007790101032148,
        3.072585558811828,
        0.5123593138743661,
        1.6055803129963904,
        -2.9016287942201364,
        -1.6106493757343296,
        -2.3758833491673643
    ],
    "oo": false,
    "mo": [
        [
            [
                -0.004174643316297828,
                0.5198149514223064,
                -0.40240137769816703,
                9.512381681432793e-17,
                7.280945161772398e-16,
                -0.004075651686172189,
                -1.0093452871456863,
                6.064715915429481e-18,
                -3.345694812261805e-16,
                -0.9117414136101207,
                5.102149037096919
            ],
            [
                0.004990302737666523,
                0.08487548169779698,
                -0.05412549125263573,
                -4.806111025080003e-16,
                2.6675170974918126e-16,
                1.902408425360735,
                -0.9454013008923515,
                2.45900213731489e-16,
                -3.9726507831192103e-16,
                -1.5275358590489079,
                0.4603436044139734
            ],
            [
                0.9951774985926058,
                -0.25195570751763235,
                -0.08198077226450673,
                2.251379621962651e-17,
                1.009432616454336e-16,
                0.0802067619217171,
                0.02493662179329928,
                -8.847557492835433e-18,
                9.635644651174574e-18,
                0.12184820557882667,
                -0.23446758479203447
            ],
            [
                0.02728933891575111,
                0.41002278775819817,
                0.28426258063563836,
                -6.952080612766473e-17,
                -2.293710678196351e-16,
                -0.07818760482217074,
                0.1570908092114213,
                7.577996100137493e-17,
                -6.739368066284963e-17,
                -1.3525974479206602,
                -2.330820272793022
            ],
            [
                -0.008784474516304326,
                -0.0018710108379307074,
                0.6565213462708518,
                9.554920677820102e-17,
                -1.4150998309175733e-15,
                -1.3484411288336158,
                1.5778823630642862,
                -2.027250991275937e-16,
                7.279628944818552e-16,
                3.361980808723463,
                -2.739575104266316
            ],
            [
                -1.0226293459747793e-18,
                -3.4050115347198494e-17,
                8.379614667336319e-16,
                -0.3276286387984581,
                0.6244530770668779,
                -4.5937713234376926e-17,
                1.3945442094438373e-17,
                -0.9137339254961312,
                -0.01684197778466357,
                -1.0976895260471031e-16,
                -1.0138908562000218e-17
            ],
            [
                -5.430747038154907e-19,
                2.83993489645853e-17,
                8.081293605102633e-16,
                0.6244530770668772,
                0.3276286387984575,
                1.6186835287027855e-16,
                1.7282386311694949e-16,
                0.01684197778466366,
                -0.9137339254961323,
                1.256411916360734e-16,
                -3.0061244112750338e-18
            ],
            [
                0.00949041173067649,
                0.31297736770967277,
                -0.5907384809502815,
                2.0496259040772937e-16,
                7.782329421125864e-16,
                -0.049918866121902924,
                -0.4977566259796141,
                -5.655397713722819e-17,
                -9.067936875923022e-17,
                0.4243086088136325,
                -1.5457171965150311
            ],
            [
                4.811455398347176e-19,
                -8.756393950082633e-18,
                2.9480415596870795e-16,
                -0.20417154229593037,
                0.38914652975319813,
                -1.2446298309569057e-16,
                6.457453859236719e-17,
                1.0672242107977057,
                0.01967111644645418,
                6.846422770321785e-17,
                3.4252272014829114e-18
            ],
            [
                2.5891753328649444e-19,
                1.2150175310922681e-18,
                4.1429046395775075e-16,
                0.38914652975319924,
                0.20417154229593087,
                1.2088404411672084e-16,
                -2.8035501042524444e-16,
                -0.019671116446454338,
                1.067224210797706,
                -6.310882487120346e-17,
                8.095933879692818e-19
            ],
            [
                -0.002874226427149026,
                -0.08773013660973118,
                -0.16322044504166758,
                1.529038431045337e-16,
                3.0747789234622424e-16,
                -0.06843973671607538,
                1.4847653225769677,
                -1.5163499159994555e-16,
                3.673202961170295e-16,
                0.3452439110968376,
                -1.181812421913077
            ]
        ],
        [
            [
                -0.004174640906603693,
                0.5198149552333244,
                -0.4024013594461362,
                -1.3962959920300383e-16,
                5.473131366788005e-16,
                -0.004075749334951918,
                -1.0093453060539046,
                -6.148155650347741e-17,
                4.3104966343336083e-16,
                -0.9117415687659085,
                5.1021490066056066
            ],
            [
                0.004990302194601157,
                0.08487551144648402,
                -0.054125564206273236,
                2.1695606726255242e-16,
                4.377138085899024e-16,
                1.9024084099799334,
                -0.9454013024343298,
                4.107438866231889e-17,
                7.269378771742222e-16,
                -1.5275358801055885,
                0.4603435808816962
            ],
            [
                0.9951774993056679,
                -0.25195569936108775,
                -0.0819807684693935,
                -4.469764270597151e-17,
                1.0720040087776529e-16,
                0.0802067778867729,
                0.024936630447705794,
                1.2869360645670262e-18,
                4.098383568571793e-18,
                0.12184822264829498,
                -0.23446757660493142
            ],
            [
                0.02728933344110304,
                0.4100226731871322,
                0.28426257507135066,
                1.1704428255769841e-16,
                -3.576372859910272e-16,
                -0.07818760790609927,
                0.157090794433321,
                3.2341186401149183e-17,
                4.6833150299834266e-17,
                -1.3525974120596223,
                -2.3308203153933813
            ],
            [
