{
    "dist": -0.3,
    "thetas": [
        1.7448557058857794,
        -1.649077150016919,
        2.0375021118516665,
        2.926388517974451,
        2.9694403750439315,
        -0.2924870046656962,
        0.6851339998803385,
        1.7311841483035746,
        0.8897828870907407,
        1.394981677626908,
        -2.921451680140999,
        -1.2663793231633795,
        -2.773947824309876,
        2.243480068231582,
        -0.7988817039240748,
        1.1300180068818442,
        -1.531338241455982,
        -0.9576754694920289,
        -3.0824504749171866,
        -0.8901150950318448,
        2.8217419638603713,
        -1.7724928009645748,
        -1.1347975131086745,
        2.6249413174642493,
        -2.941136005369488,
        -2.7326544467196805,
        0.815739659640105,
        2.3487391344402075,
        -3.0868300924373417,
        1.5492904725652465,
        1.9656390491245403,
        -2.6658459083030457,
        0.9830378595694711,
        0.05819611947691916,
        -0.12639637898020917,
        2.862456773761779,
        -3.1415170444428115,
        -1.5897797083310843,
        1.3334972435574386,
        -1.1021834873956844
    ],
    "oo": false,
    "mo": [
        [
            [
                -0.004174643316298964,
                0.5198149514222957,
                -0.4024013776981673,
                -1.3720171952248147e-16,
                -8.265113780108981e-17,
                -0.004075651686134441,
                -1.0093452871456654,
                2.6030214737632615e-16,
                -1.0781428663686343e-16,
                -0.9117414136101831,
                5.102149037096907
            ],
            [
                0.004990302737666099,
                0.08487548169779092,
                -0.05412549125267966,
                -1.3914936835612194e-16,
                3.894485494502789e-17,
                1.9024084253607607,
                -0.9454013008923142,
                4.3427285839526876e-16,
                -1.1981759055084245e-16,
                -1.5275358590489059,
                0.46034360441394945
            ],
            [
                0.9951774985926048,
                -0.25195570751763613,
                -0.08198077226450931,
                -9.692478450782614e-18,
                -1.8832830806606826e-17,
                0.08020676192171027,
                0.024936621793302857,
                -3.919073768447035e-18,
                5.090646879559772e-18,
                0.12184820557882443,
                -0.23446758479203356
            ],
            [
                0.027289338915752668,
                0.4100227877582273,
                0.28426258063567117,
                7.776118245470535e-17,
                6.973694033900027e-17,
                -0.07818760482216122,
                0.15709080921141427,
                9.053053819151985e-17,
                -5.249020169853353e-17,
                -1.3525974479206226,
                -2.3308202727930336
            ],
            [
                -0.008784474516303598,
                -0.0018710108379385566,
                0.6565213462708426,
                2.1213140752293677e-16,
                1.029331470440525e-16,
                -1.3484411288336553,
                1.5778823630642262,
                -7.112345727053752e-16,
                2.6565497102469815e-16,
                3.3619808087235095,
                -2.7395751042662746
            ],
            [
                -3.532007125416861e-19,
                -2.2533344008029988e-17,
                -2.007666341500083e-17,
                -0.3754067772938824,
                0.5969521940500027,
                3.7812085587977043e-17,
                -7.677823080117325e-17,
                -0.9034633765550334,
                -0.13764906843847266,
                -1.8774955924171872e-16,
                8.131254234144659e-19
            ],
            [
                6.660530836754812e-19,
                3.9986337064219046e-17,
                -7.898685322958661e-17,
                0.5969521940500034,
                0.3754067772938827,
                -1.2901335882627401e-17,
                6.119476049464164e-17,
                0.13764906843847263,
                -0.9034633765550331,
                8.137449210410096e-17,
                3.0201024511493814e-18
            ],
            [
                0.00949041173067676,
                0.3129773677096654,
                -0.5907384809503194,
                -1.4579813539335786e-16,
                -1.4449038454815402e-16,
                -0.049918866121917566,
                -0.49775662597959647,
                6.028905211995089e-17,
                -2.3598765294113555e-17,
                0.42430860881363364,
                -1.5457171965150218
            ],
            [
                1.350861534846591e-19,
                -9.036588898162572e-18,
                -3.310294724711552e-17,
                -0.23394591202258036,
                0.3720085355880016,
                -1.022353905764664e-16,
                1.554077883222406e-16,
                1.0552284008773167,
                0.1607715488417852,
                7.403579110411161e-17,
                -9.080937888149993e-19
            ],
            [
                -1.999682280421112e-19,
                9.018252557874893e-18,
                -9.745672247539227e-17,
                0.3720085355880011,
                0.23394591202258014,
                -1.93606393092942e-17,
                -9.791749257778865e-17,
                -0.16077154884178532,
                1.0552284008773167,
                -6.324826441899391e-17,
                -8.799462136848497e-19
            ],
            [
                -0.0028742264271486555,
                -0.08773013660973235,
                -0.16322044504162397,
                1.1119083523928081e-17,
                -4.7127615509513844e-17,
                -0.06843973671611082,
                1.4847653225769715,
                -2.374615239541265e-16,
                1.1604606680830539e-16,
                0.3452439110968506,
                -1.1818124219130723
            ]
        ],
        [
            [
                -0.004174640906602979,
                0.5198149552333373,
                -0.402401359446135,
                4.690746121182304e-16,
                -5.471142216535667e-16,
                -0.004075749334931934,
                -1.00934530605396,
                -2.489814067620039e-16,
                -4.62568322537373e-17,
                -0.9117415687659232,
                5.102149006605596
            ],
            [
                0.004990302194601506,
                0.08487551144649287,
                -0.05412556420622236,
                -1.8782655659158803e-16,
                2.303614557119057e-16,
                1.9024084099799488,
                -0.9454013024343779,
                -2.424117829281645e-16,
                -2.6452976159724195e-16,
                -1.5275358801055459,
                0.46034358088167787
            ],
            [
                0.9951774993056676,
                -0.25195569936108403,
                -0.08198076846939081,
                5.9901038958997e-17,
                -9.445930384013532e-17,
                0.08020677788677806,
                0.024936630447707935,
                4.1666642795395264e-18,
                -4.739372447583398e-18,
                0.121848222648303,
                -0.2344675766049296
            ],
            [
                0.02728933344110145,
                0.4100226731871004,
                0.2842625750713114,
                -1.7636982819297107e-16,
                3.023965171141456e-16,
                -0.07818760790610264,
                0.1570907944332972,
                -8.522956062141607e-18,
                -1.841730442030784e-17,
                -1.3525974120596205,
                -2.3308203153933964
            ],
            [
