{
    "dist": 1.15,
    "thetas": [
        0.10303561663791783,
        0.4440175435037328,
        -2.9626838121493106,
        -2.0638903033331175,
        1.1641296091591355,
        2.0979358614283568,
        -1.2128670123447274,
        2.47314391898043,
        1.392001137158437,
        -1.9481710072691576,
        0.34072200379900464,
        -0.9290823338613339,
        -1.9987289817083937,
        1.7944887938507428,
        2.924717343797493,
        -1.6816715396059143,
        -2.6165606813494104,
        0.6506139255218115,
        1.4388039280401017,
        -1.40593290510329,
        1.1643140023190055,
        0.11226465135129837,
        -2.836955320406834,
        -2.275334685827516,
        -1.966841668758823,
        3.1058909736072735,
        0.129844516818022,
        0.495049251658644,
        1.475411656763927,
        0.2636535907361983,
        2.5959203631973624,
        1.934719368471801,
        -0.609482604949342,
        -0.8970859114113354,
        2.84550831983512,
        -0.9824917722923239,
        2.293989801545284,
        2.0751960685763695,
        0.2397754572129318,
        2.6544533544477575
    ],
    "oo": false,
    "mo": [
        [
            [
                0.0003481510322682991,
                0.07181268045829688,
                -0.2566496863765297,
                -1.783868206174201e-16,
                -1.351602404539649e-16,
                -0.4214398068200062,
                -2.144630152530851e-16,
                -1.7913456417382092e-17,
                -0.045274400962069576,
                1.2181535762949087,
                -0.5059800356400803
            ],
            [
                0.0011258637573175595,
                0.004132276269094314,
                -0.19173365697286612,
                -1.2107707103628392e-16,
                -5.910546706516074e-17,
                -0.30098015811884643,
                -6.231901082833162e-16,
                1.2697763402353863e-16,
                -0.20886568468066397,
                -0.35100044137888553,
                1.5191802127566638
            ],
            [
                0.9955613171638195,
                -0.23527252714132502,
                -0.04456304483274615,
                -3.353064491460969e-17,
                -3.624303055358549e-17,
                -0.05425092737048799,
                4.1101728655457566e-16,
                7.791986472837049e-17,
                0.11283599842318531,
                -0.0025843104606803682,
                0.004773632339722945
            ],
            [
                0.020881346298667346,
                0.5083061142225643,
                0.10922235996523,
                2.679835430072615e-17,
                1.3848332408222493e-16,
                0.3065255970752312,
                -5.284142048722065e-15,
                -8.984578703995056e-16,
                -1.4562436321846781,
                0.3508181042069706,
                0.3567337284178505
            ],
            [
                -0.005035083540310787,
                0.5566398425011717,
                0.1616761820585357,
                1.6555130050285047e-16,
                4.209064625777082e-18,
                -0.03138637611950842,
                5.475395580879059e-15,
                8.2608440384174e-16,
                1.5202670199475983,
                -0.4826082201646364,
                -0.9102619871126263
            ],
            [
                -2.0417755393612476e-17,
                1.4895987069226583e-18,
                -5.033505085389217e-16,
                0.5476469820123667,
                0.3735792397261406,
                -2.958138596886277e-16,
                0.19867735704293785,
                0.9238637084409738,
                -1.6622407714955081e-15,
                -1.434521541813607e-16,
                -2.0671736748452032e-16
            ],
            [
                7.39661045721302e-19,
                3.282675775912674e-19,
                -4.404179149466712e-17,
                -0.3735792397261418,
                0.5476469820123675,
                -1.5726825266555943e-16,
                0.9238637084409735,
                -0.1986773570429387,
                -3.659418971536812e-15,
                -1.5070617141319497e-16,
                -1.8467953402111987e-16
            ],
            [
                -0.001163188679069958,
                -0.03972071707411935,
                0.5243322404697776,
                3.5099950231509482e-16,
                2.823727026351543e-16,
                -0.8162607552867454,
                -1.4311291552272249e-15,
                -6.682817729866474e-16,
                -0.2744092283900527,
                -0.4746963563951011,
                -0.3795685887069194
            ],
            [
                -1.9891116289198425e-17,
                -5.0227161901305945e-18,
                -4.002019291161968e-16,
                0.4027219960090882,
                0.2747181707041192,
                3.584187607294756e-16,
                -0.2199859065412725,
                -1.0229499649426375,
                1.7994091180856897e-15,
                2.985324485308685e-16,
                3.784495175613467e-16
            ],
            [
                -4.360988220150385e-18,
                -3.4146615530666896e-20,
                -3.2672662466943934e-17,
                -0.27471817070411914,
                0.40272199600908776,
                1.8169823225079603e-16,
                -1.022949964942638,
                0.21998590654127287,
                4.190752151765933e-15,
                1.7951640356888662e-16,
                2.0781460202049181e-16
            ],
            [
                0.0010493043029064229,
                -0.04067094105826616,
                0.38533683436004185,
                2.145762021555404e-16,
                2.025953065092271e-16,
                0.2326650072565371,
                1.2933267126616367e-15,
                7.485761503997012e-16,
                0.2365411088041506,
                1.0434764805937409,
                0.8364824698960066
            ]
        ],
        [
            [
                0.0003481510322682991,
                0.07181268045829688,
                -0.2566496863765297,
                -1.783868206174201e-16,
                -1.351602404539649e-16,
                0.4214398068200058,
                -1.6205518094768232e-16,
                8.617854211678099e-17,
                0.045274400962066426,
                1.218153576294953,
                -0.5059800356399797
            ],
            [
                0.0011258637573175595,
                0.004132276269094314,
                -0.19173365697286612,
                -1.2107707103628392e-16,
                -5.910546706516074e-17,
                0.3009801581188473,
                -2.5810057759087243e-16,
                -2.2159795263596096e-17,
                0.2088656846806634,
                -0.3510004413790137,
                1.5191802127566338
            ],
            [
                0.9955613171638195,
                -0.23527252714132502,
                -0.04456304483274615,
                -3.353064491460969e-17,
                -3.624303055358549e-17,
                0.05425092737048788,
                -1.0306625300949578e-16,
                -4.4964728421065384e-17,
                -0.11283599842318556,
                -0.0025843104606808596,
                0.00477363233972283
            ],
            [
                0.020881346298667346,
                0.5083061142225643,
                0.10922235996523,
                2.679835430072615e-17,
                1.3848332408222493e-16,
                -0.3065255970752296,
                1.0609118344139148e-15,
                5.744021757885183e-16,
                1.4562436321846788,
                0.3508181042069421,
                0.3567337284178781
            ],
            [
