{
    "dist": 1.15,
    "thetas": [
        -2.8354451983958078,
        -1.325063087034727,
        1.3883725037911319,
        -3.0057737497215755,
        -1.8477417604476294,
        -2.822574873123744,
        -1.2423623306579668,
        1.0298787548813921,
        -1.2056528250732828,
        0.5252194785450901,
        -2.7044654537614434,
        2.30847045561727,
        -2.304417780706233,
        -2.022402397232817,
        -0.02557539272590459,
        2.285192262914668,
        1.6269921026744445,
        2.9561452268403734,
        1.6292459897763445,
        -0.7272784976778075,
        -0.573539651253947,
        1.3405831056173065,
        -1.4409243148323205,
        2.2248939625261066,
        2.5959857833208897,
        1.6383787056745502,
        0.10473151153364979,
        -2.0870494395307757,
        -1.2648536355851678,
        -1.357525884977483,
        -1.0856553998608915,
        -0.2504456690610555,
        0.278774624247891,
        -1.7756227029474454,
        1.8841282659115013,
        1.4243004011860876,
        2.194670844684585,
        -1.460703581689548,
        0.7214649379889844,
        0.9597947146749215
    ],
    "oo": false,
    "mo": [
        [
            [
                0.0003481510322679619,
                0.07181268045829856,
                -0.2566496863765327,
                -6.139077488578063e-16,
                9.663992705813183e-17,
                0.4214398068200084,
                -2.732872802838621e-16,
                1.1748782440584765e-16,
                0.04527440096206827,
                1.218153576294531,
                -0.5059800356409955
            ],
            [
                0.001125863757317882,
                0.004132276269096013,
                -0.19173365697285788,
                -7.228384830447998e-16,
                1.122569228071716e-16,
                0.30098015811883827,
                -2.0610636448702902e-16,
                -1.7098387831904288e-16,
                0.2088656846806596,
                -0.35100044137774244,
                1.519180212756931
            ],
            [
                0.9955613171638202,
                -0.23527252714132504,
                -0.04456304483274592,
                -6.202319000907031e-17,
                1.94133065895619e-17,
                0.05425092737048858,
                3.2437574727537317e-16,
                -7.083318738020918e-17,
                -0.11283599842318555,
                -0.0025843104606766295,
                0.004773632339725013
            ],
            [
                0.02088134629866723,
                0.5083061142225632,
                0.10922235996523041,
                2.6278621800284727e-16,
                -1.3749688373703183e-16,
                -0.30652559707523463,
                -4.131882681772057e-15,
                8.270551831560634e-16,
                1.4562436321846772,
                0.35081810420724185,
                0.3567337284175875
            ],
            [
                -0.005035083540310664,
                0.5566398425011717,
                0.16167618205853274,
                5.51057791950983e-16,
                -3.1582314268828396e-17,
                0.031386376119512394,
                4.191901848970264e-15,
                -7.547210164933037e-16,
                -1.5202670199475963,
                -0.4826082201653258,
                -0.9102619871122662
            ],
            [
                8.647122736762762e-17,
                -4.306690668954068e-17,
                -1.6632839714292485e-15,
                0.6328436986862579,
                -0.19745257226663382,
                3.6393156227916795e-16,
                0.7633851135986118,
                -0.556991931998942,
                2.954321464775226e-15,
                -1.0493715848637047e-16,
                -3.047162225320968e-16
            ],
            [
                1.0593396035491904e-17,
                6.257566793800493e-18,
                -1.6915098788771228e-16,
                0.19745257226663382,
                0.6328436986862579,
                -1.8026404042945325e-16,
                -0.5569919319989411,
                -0.7633851135986118,
                -1.4484533726015182e-15,
                1.4411494504146653e-16,
                1.3719890337176222e-16
            ],
            [
                -0.0011631886790700345,
                -0.03972071707411817,
                0.5243322404697789,
                1.3522468298714354e-15,
                -2.576255147603261e-16,
                0.8162607552867475,
                -1.562656000211637e-15,
                1.4923821659372446e-16,
                0.2744092283900537,
                -0.47469635639538743,
                -0.3795685887065591
            ],
            [
                6.469837419938564e-17,
                -2.4490380657290845e-17,
                -1.1965628708441819e-15,
                0.4653729242882053,
                -0.14520027797496846,
                -3.849143992818666e-16,
                -0.8452597153223083,
                0.6167304463914351,
                -3.300104214621766e-15,
                2.3511339315517375e-16,
                5.667756726278182e-16
            ],
            [
                9.332468830841145e-18,
                3.564409557115097e-18,
                -1.2126302478945709e-16,
                0.14520027797496798,
                0.46537292428820515,
                2.79730792554785e-16,
                0.6167304463914346,
                0.8452597153223085,
                1.7078184495970068e-15,
                -2.5693822372703706e-16,
                -1.9915603375387448e-16
            ],
            [
                0.0010493043029062045,
                -0.04067094105826576,
                0.3853368343600437,
                7.446589132968686e-16,
                -2.0994620399474704e-16,
                -0.23266500725654532,
                1.5003437848027342e-15,
                -2.3389362914109907e-16,
                -0.2365411088041542,
                1.0434764805943737,
                0.836482469895216
            ]
        ],
        [
            [
                0.0003481510322679619,
                0.07181268045829856,
                -0.2566496863765327,
                -6.139077488578063e-16,
                9.663992705813183e-17,
                0.4214398068200087,
                2.245768783457217e-16,
                2.642132153289464e-16,
                -0.045274400962066606,
                1.2181535762945783,
                -0.5059800356408785
            ],
            [
                0.001125863757317882,
                0.004132276269096013,
                -0.19173365697285788,
                -7.228384830447998e-16,
                1.122569228071716e-16,
                0.30098015811883866,
                -3.7897461887332014e-17,
                8.812439857656715e-16,
                -0.20886568468066,
                -0.3510004413778879,
                1.519180212756897
            ],
            [
                0.9955613171638202,
                -0.23527252714132504,
                -0.04456304483274592,
                -6.202319000907031e-17,
                1.94133065895619e-17,
                0.05425092737048841,
                -2.3996680539546797e-16,
                -4.865398135926241e-16,
                0.11283599842318566,
                -0.0025843104606770692,
                0.004773632339724849
            ],
            [
                0.02088134629866723,
                0.5083061142225632,
                0.10922235996523041,
                2.6278621800284727e-16,
                -1.3749688373703183e-16,
                -0.3065255970752322,
                2.976671021675993e-15,
                6.2836635687147825e-15,
                -1.4562436321846781,
                0.35081810420720727,
                0.35673372841761997
            ],
            [
