{
    "dist": 1.9,
    "thetas": [
        0.7003270491300002,
        -0.053869488946690414,
        1.2521357632657004,
        -1.9190780120328719,
        1.7275848218570173,
        1.3062330150862813,
        -0.8477272751259246,
        2.9662757615906044,
        -2.557455115564175,
        -0.5417974658723006,
        -2.7579177865614644,
        -1.2611919830145855,
        3.116726685272372,
        2.6474127966978234,
        -0.2979985587264111,
        2.634381324251887,
        -1.3107404352401797,
        0.3796338484110535,
        -0.2565573770438969,
        -3.0272038179249767,
        2.8195056772726383,
        -1.1887936715863368,
        2.1463338267637173,
        -3.0008659805164486,
        0.5090497007790056,
        0.6544887072823364,
        2.188024353240066,
        -1.163240541119771,
        2.7880790271266633,
        1.5137781885772634,
        2.5272337397359106,
        2.304403660937262,
        2.5192370373805115,
        1.4045127989437134,
        0.1702470555831357,
        1.6657501249314342,
        -1.7526813500610607,
        1.5617571314008787,
        1.6891796897122564,
        -0.763262672723064
    ],
    "oo": false,
    "mo": [
        [
            [
                -0.00013431050708368044,
                0.015149502705434359,
                -5.546224722314719e-17,
                -7.748659807451652e-18,
                -0.1967075687421894,
                -0.352038585860466,
                -6.38319423626831e-16,
                2.2094714390494046e-16,
                0.03896925898605027,
                1.174935691776134,
                0.5286190984700477
            ],
            [
                0.0005631595133806871,
                0.015139642856317543,
                -1.665293878090531e-17,
                2.1491753887329545e-17,
                -0.3631637427867593,
                -0.49942562269803,
                -2.5188475651862892e-16,
                2.7380397177499404e-16,
                0.09356091024151163,
                -0.8865006475553471,
                -0.9634156183659799
            ],
            [
                0.9955903870366815,
                -0.23967436744355505,
                -9.088358037560185e-17,
                -6.448544080435432e-18,
                -0.01628417702137223,
                -0.02097459095272368,
                9.541293198973133e-16,
                -4.769430281340766e-16,
                -0.12122183868337762,
                -0.006310964661776091,
                0.0025688984985248217
            ],
            [
                0.020384688848775413,
                0.5254584244558088,
                3.888343037997922e-16,
                8.797453122979587e-17,
                0.048581163812135446,
                0.08137314511761037,
                -1.1407178914560408e-14,
                5.684017184295295e-15,
                1.48369277918875,
                -0.040163023465931626,
                -0.20329460667997104
            ],
            [
                -0.004196928983253862,
                0.5624742406326008,
                -3.361170014154271e-16,
                -1.0099225505383621e-16,
                0.04829442550527403,
                0.03517412682438639,
                1.1157973849199005e-14,
                -5.583536072221755e-15,
                -1.4613606775451087,
                0.15638913621668712,
                0.34858634912228115
            ],
            [
                -9.894528809745974e-18,
                -7.387182336107143e-17,
                0.6368952438289394,
                -0.20318651718534575,
                -2.2272350441093297e-16,
                -4.403784403437695e-17,
                0.9406499239981383,
                -0.027072446175988002,
                8.453884112200863e-15,
                -5.0795511560875484e-17,
                5.785972883543916e-16
            ],
            [
                5.906815269451498e-17,
                -7.218232341998332e-18,
                0.20318651718534547,
                0.6368952438289396,
                -1.1543230983879025e-16,
                2.7321256756128542e-17,
                0.027072446175988224,
                0.9406499239981382,
                -3.755685586738311e-15,
                -4.4565706888823196e-17,
                -3.4985856573101246e-17
            ],
            [
                -0.0004644810787051519,
                -0.002150034890280518,
                9.323512239430137e-17,
                1.576175477206321e-17,
                0.4984000444307478,
                -0.6580786716619436,
                -1.0882434011484707e-15,
                2.2422065767358653e-16,
                0.08623309360485265,
                -0.41203258626155576,
                0.7000307079562667
            ],
            [
                1.0997640600679245e-16,
                -2.6821936000686212e-17,
                0.45852043781227,
                -0.1462802112593539,
                -1.9698296264011524e-16,
                2.1446544460513493e-16,
                -1.0487733430770219,
                0.03018430040432321,
                -9.447287130715245e-15,
                3.0454845316850787e-17,
                -5.959143929143042e-16
            ],
            [
                -3.015854285580125e-17,
                -1.835850556454621e-18,
                0.14628021125935398,
                0.45852043781227037,
                -9.209808834920128e-17,
                6.552686050746252e-17,
                -0.030184300404323156,
                -1.0487733430770219,
                4.21143659046535e-15,
                5.621209700894906e-17,
                2.5283186223119738e-17
            ],
            [
                0.00030564707061616914,
                -0.009580991887207669,
                2.7166230248246544e-16,
                6.42687571538901e-17,
                0.40614016428401833,
                -0.01189140906152398,
                1.1632594071091662e-15,
                -2.503598639890116e-16,
                -0.08434997642301253,
                0.4074222945838299,
                -1.0708440266211126
            ]
        ],
        [
            [
                -0.00013431050708368044,
                0.015149502705434359,
                -5.546224722314719e-17,
                -7.748659807451652e-18,
                -0.1967075687421894,
                -0.35203858586046605,
                2.1370234175575127e-16,
                6.357283899245216e-17,
                -0.038969258986048805,
                1.174935691776136,
                0.5286190984700431
            ],
            [
                0.0005631595133806871,
                0.015139642856317543,
                -1.665293878090531e-17,
                2.1491753887329545e-17,
                -0.3631637427867593,
                -0.4994256226980302,
                3.5997923966637305e-16,
                -6.273667529411362e-17,
                -0.09356091024151253,
                -0.8865006475553504,
                -0.9634156183659759
            ],
            [
                0.9955903870366815,
                -0.23967436744355505,
                -9.088358037560185e-17,
                -6.448544080435432e-18,
                -0.01628417702137223,
                -0.020974590952723686,
                -5.366041851273115e-16,
                -2.3106130266515216e-17,
                0.12122183868337758,
                -0.006310964661776169,
                0.002568898498524688
            ],
            [
                0.020384688848775413,
                0.5254584244558088,
                3.888343037997922e-16,
                8.797453122979587e-17,
                0.048581163812135446,
                0.08137314511761046,
                6.327588146971746e-15,
                2.8448965239144197e-16,
                -1.4836927791887489,
                -0.04016302346593158,
                -0.2032946066799693
