{
    "dist": 1.5,
    "thetas": [
        1.2344523002620233,
        -1.3437261884234306,
        -1.71624293364286,
        0.3224202031429355,
        1.3789642063384902,
        -0.4831363599630145,
        3.0207305475081876,
        1.1613194978062573,
        -0.1198083964293164,
        -0.6778456245845823
    ],
    "oo": false,
    "mo": [
        [
            [
                0.23794069540058171,
                -0.21539111370980774,
                -0.9206343931108006,
                0.9346922049933383
            ],
            [
                0.41659599639710265,
                -0.8032379665752122,
                1.0616279409051674,
                -0.6859796164978748
            ],
            [
                0.23794069540058144,
                0.21539111370980832,
                0.9206343931107575,
                0.934692204993381
            ],
            [
                0.416595996397102,
                0.8032379665752124,
                -1.0616279409051355,
                -0.685979616497924
            ]
        ],
        [
            [
                0.23794069597130468,
                0.21539111407703965,
                -0.9206343930248844,
                0.9346922048480512
            ],
            [
                0.41659599597824315,
                0.8032379661517401,
                1.0616279412255711,
                -0.6859796167522474
            ],
            [
                0.23794069597130454,
                -0.21539111407703934,
                0.920634393024839,
                0.9346922048480947
            ],
            [
                0.41659599597824337,
                -0.8032379661517399,
                -1.061627941225538,
                -0.6859796167522982
            ]
        ]
    ],
    "iterations": 31,
    "final_energy": -1.404523,
    "iter_energies": [
        -0.8973282543497292,
        -1.1398507273892717,
        -1.3438646051200807,
        -1.34953025274083,
        -1.3499842616333582,
        -1.3501392663054215,
        -1.350282032638737,
        -1.3502827570009974,
        -1.3502828385574506,
        -1.3502835960943285,
        -1.3537454373696822,
        -1.353745912161618,
        -1.3549442728484633,
        -1.3572395797443413,
        -1.372204773093705,
        -1.382810099737019,
        -1.3924747842383907,
        -1.3990821598362677,
        -1.4017161249624024,
        -1.4030443579478638,
        -1.4038340521286612,
        -1.4041966076472086,
        -1.4043765379634143,
        -1.4044593044640439,
        -1.4045088934042416,
        -1.4045211823699415,
        -1.4045226453833215,
        -1.4045227712510777,
        -1.4045227907297781,
        -1.4045227930300879,
        -1.4045227930688338
    ],
    "function_evaluations": 50,
    "gradient_evaluations": 50
}