{
    "dist": 2.8,
    "thetas": [
        1.704757879308132,
        -3.011204310279467,
        0.8397366260192594,
        1.563280899135842,
        -0.009380718364163876,
        -1.7291536732871136,
        -1.8971269718342263,
        1.6369627429575306,
        -2.0790379300152217,
        -2.586537231132677
    ],
    "oo": false,
    "mo": [
        [
            [
                0.21702798676806534,
                -0.23727116434231232,
                0.8967317823940402,
                -0.9321196080853664
            ],
            [
                0.5212600243874687,
                -0.5542079967081428,
                -0.7063844690575236,
                0.8520440928410747
            ],
            [
                0.21702798676794277,
                0.23727116434237902,
                0.8967317823938543,
                0.9321196080855563
            ],
            [
                0.5212600243872468,
                0.5542079967083897,
                -0.7063844690573303,
                -0.85204409284121
            ]
        ],
        [
            [
                0.21702799760294317,
                0.23727117175734197,
                0.8967317797715282,
                0.932119606198103
            ],
            [
                0.5212600158521663,
                0.5542079899304255,
                -0.706384475355568,
                -0.8520440972499261
            ],
            [
                0.21702799760306704,
                -0.23727117175727494,
                0.8967317797717678,
                -0.932119606197859
            ],
            [
                0.5212600158523913,
                -0.5542079899301747,
                -0.7063844753558118,
                0.8520440972497487
            ]
        ]
    ],
    "iterations": 35,
    "final_energy": -1.179671,
    "iter_energies": [
        -1.0150014889242691,
        -1.0187356739104625,
        -1.0192513565781203,
        -1.0297936296854544,
        -1.0322295510555897,
        -1.0549638494942717,
        -1.063448511552672,
        -1.078428575770479,
        -1.1052447732098065,
        -1.1371253748775645,
        -1.1611966906416096,
        -1.1750507446120073,
        -1.1786662660762064,
        -1.1789678656079439,
        -1.1790370412043816,
        -1.1790479766313742,
        -1.179056064908284,
        -1.1790710334353824,
        -1.179099478116045,
        -1.1791525234632052,
        -1.179242780820779,
        -1.1793285976454377,
        -1.1794182985584907,
        -1.1795515402143935,
        -1.1795992713517456,
        -1.1796278981651214,
        -1.1796477302416153,
        -1.1796584206405643,
        -1.1796649408001871,
        -1.1796684662896544,
        -1.1796703925695577,
        -1.1796706024123287,
        -1.179670613174834,
        -1.179670613373634,
        -1.1796706133750612
    ],
    "function_evaluations": 45,
    "gradient_evaluations": 45
}