{
    "dist": 0.875,
    "thetas": [
        -2.8354451983958078,
        -1.325063087034727,
        1.3883725037911319,
        -3.0057737497215755,
        -1.8477417604476294,
        -2.822574873123744,
        -1.2423623306579668,
        1.0298787548813921,
        -1.2056528250732828,
        0.5252194785450901,
        -2.7044654537614434,
        2.30847045561727,
        -2.304417780706233,
        -2.022402397232817,
        -0.02557539272590459,
        2.285192262914668,
        1.6269921026744445,
        2.9561452268403734,
        1.6292459897763445,
        -0.7272784976778075,
        -0.573539651253947,
        1.3405831056173065,
        -1.4409243148323205,
        2.2248939625261066,
        2.5959857833208897,
        1.6383787056745502,
        0.10473151153364979,
        -2.0870494395307757,
        -1.2648536355851678,
        -1.357525884977483,
        -1.0856553998608915,
        -0.2504456690610555,
        0.278774624247891,
        -1.7756227029474454,
        1.8841282659115013,
        1.4243004011860876,
        2.194670844684585,
        -1.460703581689548,
        0.7214649379889844,
        0.9597947146749215
    ],
    "oo": false,
    "mo": [
        [
            [
                0.0002427725990498606,
                0.148136471663251,
                -0.3002644771705689,
                3.6269091377536485e-16,
                9.892894431289151e-17,
                -0.07831836360185923,
                -1.4457266221300302,
                3.3616862657398024e-16,
                2.7374376775334514e-16,
                0.4230039458586292,
                -0.4883078162002514
            ],
            [
                0.001922882168417114,
                -0.017237211959190316,
                -0.09427081911243243,
                1.1835926530879916e-16,
                1.2441983400358335e-16,
                -1.409431853149909,
                0.7524124401326091,
                -1.1019938991265296e-16,
                -7.156700358157725e-16,
                0.09655748904715665,
                -0.7257396571910372
            ],
            [
                0.9954988619407464,
                -0.22936051755651563,
                -0.0653803881685645,
                2.626428033883061e-16,
                8.218178098010928e-17,
                -0.06449552993880216,
                -0.03989827833500334,
                3.169630415816827e-17,
                -5.848282970009516e-17,
                0.061050089864685804,
                0.08542449645327893
            ],
            [
                0.021480069081938544,
                0.49532008948016143,
                0.14245700748858459,
                -2.4131872058481046e-17,
                -1.3552462395948175e-16,
                0.07978858374454742,
                0.12943371390350641,
                -2.5862284177156153e-16,
                3.4385260271755357e-16,
                -0.5219947684975786,
                -1.5429543276629991
            ],
            [
                -0.005988498113480985,
                0.5183750860754969,
                0.26529752712930316,
                -5.017861303672315e-16,
                -3.090395078456593e-17,
                0.7777696999194362,
                0.09875159279486594,
                1.7732904388014629e-16,
                -7.261683009310797e-17,
                0.270655767269765,
                2.122696210827707
            ],
            [
                2.7194049062732593e-17,
                1.700846909356543e-17,
                6.257462523373819e-16,
                0.5073897101514517,
                0.4226336508866989,
                1.3071336990141262e-16,
                2.6857523258918673e-16,
                0.05589119754325528,
                0.9451392291325542,
                7.026419503894296e-16,
                3.236303010496868e-17
            ],
            [
                -1.0675830165806044e-18,
                -3.363645218099255e-17,
                -2.8503392220222084e-16,
                -0.42263365088669913,
                0.5073897101514516,
                -1.91516527499776e-17,
                3.8189515756832486e-17,
                0.9451392291325539,
                -0.055891197543255444,
                -6.847848794908934e-16,
                -5.351011941414785e-17
            ],
            [
                -0.0015551083467314172,
                -0.0958102016371588,
                0.5529533263453018,
                -4.742003520472955e-16,
                -1.7388753486928185e-16,
                -0.24988271823097552,
                -0.42491292222852994,
                -3.861660899118651e-16,
                7.211918818830648e-16,
                -0.8362896741298794,
                0.3499579836492607
            ],
            [
                -2.887658658216938e-18,
                9.99938516819862e-18,
                4.1519016064072754e-16,
                0.37676851690767627,
                0.3138318547932865,
                1.2639842777124083e-16,
                -3.3176214441911507e-16,
                -0.061688893891769236,
                -1.043180253451961,
                -7.011457805299819e-16,
                2.0508902839066256e-17
            ],
            [
                4.452173812689229e-18,
                -8.984029071844874e-18,
                -1.8453700274098676e-16,
                -0.3138318547932863,
                0.3767685169076759,
                -1.92326587674096e-17,
                -3.9840520305900515e-17,
                -1.043180253451961,
                0.06168889389176935,
                5.253775045614056e-16,
                1.797509017508718e-17
            ],
            [
                0.0014353311941180211,
                -0.045357978259958236,
                0.33896244551101423,
                -3.1956997575034757e-16,
                3.0296036594439085e-17,
                -0.43725155183729086,
                -0.3639337672222723,
                6.017042697760386e-16,
                -8.570242150384705e-16,
                1.2103619848870282,
                -0.909330031147505
            ]
        ],
        [
            [
                0.00024277254659231079,
                0.1481364594622571,
                -0.3002645719031599,
                -1.6217687574765342e-16,
                4.813539718297501e-17,
                0.07831843641188356,
                -1.445726496785959,
                -4.07947089497372e-16,
                -5.165884022275369e-16,
                0.4230040378889783,
                -0.48830804135382005
            ],
            [
                0.0019228829644288268,
                -0.01723728665000287,
                -0.09427084733415443,
                -8.660790178593824e-17,
                -1.2174569449134095e-16,
                1.4094317819410203,
                0.7524126262495696,
                -2.961597698324918e-16,
                3.862875858949471e-17,
                0.09655728859595761,
                -0.725739623753296
            ],
            [
                0.9954988603144335,
                -0.2293605568280214,
                -0.0653803806687556,
                2.4028899818054227e-17,
                3.608287988242505e-18,
                0.06449550347423393,
                -0.039898274639202674,
                -9.394630620925075e-17,
                -8.44214727876058e-17,
                0.06105007902890941,
                0.0854244451544664
            ],
            [
                0.021480077276411595,
                0.49532040453677456,
                0.14245712454092144,
                7.803160307378236e-17,
                6.519729634560368e-17,
                -0.07978854058401913,
                0.12943380373041075,
                5.809868570725255e-16,
                7.963391725325909e-16,
                -0.5219949690553808,
                -1.5429541424482174
            ],
            [
