{
    "dist": 0.875,
    "thetas": [
        1.0655702938519083,
        2.5608670627034327,
        1.0551188508115938,
        -2.6490061407730363,
        -0.15386294019893487,
        2.734369317674937,
        -2.190927948945686,
        -2.9780574016743966,
        -1.9364939729810378,
        -2.5679302926602348,
        -0.6569494054321154,
        1.3658652191592457,
        -0.4666071963149765,
        -0.18069234476428386,
        -2.0536861845125167,
        0.5957114448809415,
        -3.029090132252127,
        2.084142762719022,
        -1.7388366955994112,
        -1.6224783445360957,
        1.8983000482250887,
        -2.811622223328434,
        -0.40258445370641693,
        -1.9441957630910902,
        -1.7357246250506833,
        2.3196584796925936,
        2.7149725654840644,
        -0.7073495073263456,
        1.8682579386804257,
        -1.6958332500459903,
        2.6283402879556395,
        -1.010442643750141,
        -3.0327715170391953,
        -0.6898801336470464,
        -0.47736509068018984,
        -2.021034664934765,
        -1.0534229285204186,
        2.5466463647611404,
        1.2257801758144478,
        -2.2367223105539145
    ],
    "oo": false,
    "mo": [
        [
            [
                0.0002427725990497912,
                0.14813647166325228,
                -0.30026447717054716,
                8.454903148062743e-17,
                -1.6295856710395258e-16,
                0.07831836360186285,
                -1.4457266221300202,
                6.434627766825897e-16,
                2.477985984751072e-16,
                0.4230039458586664,
                -0.4883078162002615
            ],
            [
                0.0019228821684172616,
                -0.017237211959196818,
                -0.09427081911237438,
                -8.060511320682296e-17,
                -7.092447457525288e-17,
                1.4094318531499153,
                0.7524124401326086,
                -5.047313159226256e-16,
                -7.506629340787448e-17,
                0.09655748904715376,
                -0.725739657191032
            ],
            [
                0.995498861940746,
                -0.2293605175565163,
                -0.06538038816856313,
                2.0007625749181544e-17,
                6.570105509674744e-17,
                0.0644955299388033,
                -0.03989827833500324,
                5.731761298519351e-17,
                1.7982404829431305e-17,
                0.06105008986468637,
                0.0854244964532781
            ],
            [
                0.021480069081938592,
                0.49532008948016815,
                0.14245700748858006,
                6.4944784541596e-17,
                4.2877218979699256e-17,
                -0.07978858374455056,
                0.12943371390351163,
                -5.90069007864222e-16,
                -1.3229792017405874e-16,
                -0.5219947684975693,
                -1.5429543276629996
            ],
            [
                -0.005988498113480978,
                0.5183750860754913,
                0.26529752712927424,
                -7.633549681246479e-17,
                1.872006129167283e-16,
                -0.7777696999194407,
                0.0987515927948567,
                5.640076330483081e-16,
                6.206225404579574e-17,
                0.270655767269742,
                2.1226962108277134
            ],
            [
                -8.797221145457113e-18,
                1.6667702951007507e-17,
                -3.261367522843122e-16,
                -0.40375928263620176,
                0.522534173537486,
                1.7680606550661417e-16,
                2.9684027764653043e-16,
                0.9460053426472635,
                -0.038547115208811635,
                -5.923783404704497e-16,
                -2.440644352366525e-16
            ],
            [
                -1.8162221128195707e-17,
                3.682129611103321e-18,
                -1.806971909969039e-16,
                0.5225341735374855,
                0.40375928263620176,
                5.757499593519752e-17,
                9.346545079758368e-17,
                0.03854711520881124,
                0.9460053426472638,
                -2.2630690713955445e-16,
                1.4476663887831296e-17
            ],
            [
                -0.0015551083467313662,
                -0.0958102016371699,
                0.5529533263453301,
                -6.996857054358656e-17,
                2.1450223861150738e-16,
                0.24988271823094968,
                -0.4249129222285471,
                -3.5318391135253904e-16,
                -2.0309524229294118e-16,
                -0.8362896741298648,
                0.34995798364924524
            ],
            [
                -5.738858059576854e-19,
                -1.1254591052239859e-17,
                -2.1115162793716533e-16,
                -0.29981645875541496,
                0.38801422586698847,
                -1.3635634839294834e-16,
                -3.406207993752467e-16,
                -1.0441362105088186,
                0.04254567811165372,
                6.00517962006814e-16,
                1.6214853275190698e-16
            ],
            [
                -1.2291384724264006e-17,
                -1.0068171167003985e-18,
                -1.242493419612067e-16,
                0.38801422586698875,
                0.2998164587554153,
                -1.6616055014102763e-17,
                -1.0021667056568889e-16,
                -0.042545678111653606,
                -1.0441362105088177,
                2.4618745353013463e-16,
                -1.053015146546879e-17
            ],
            [
                0.0014353311941180439,
                -0.04535797825996137,
                0.33896244551102683,
                1.6106124434555177e-17,
                2.0595206793499242e-16,
                0.4372515518372584,
                -0.36393376722222975,
                6.457574759172429e-16,
                3.6787467359882644e-16,
                1.2103619848870508,
                -0.9093300311475023
            ]
        ],
        [
            [
                0.0002427725465923574,
                0.14813645946226495,
                -0.30026457190317857,
                1.6531586133180364e-17,
                1.702036225706362e-16,
                0.07831843641187249,
                -1.4457264967859629,
                -1.8129451221801347e-15,
                2.308864982534721e-16,
                0.42300403788895347,
                -0.48830804135381495
            ],
            [
                0.0019228829644282921,
                -0.0172372866499989,
                -0.09427084733416392,
                -5.1512623449312394e-18,
                2.268394384843567e-16,
                1.409431781941025,
                0.7524126262495566,
                1.932661858645569e-15,
                1.6429953097891888e-16,
                0.09655728859596303,
                -0.725739623753296
            ],
            [
                0.9954988603144336,
                -0.22936055682801978,
                -0.06538038066875793,
                2.123519460536254e-18,
                1.1453068192306267e-16,
                0.06449550347423468,
                -0.039898274639203694,
                -6.632693299182791e-17,
                3.6257074251143254e-17,
                0.061050079028909465,
                0.08542444515446729
            ],
            [
                0.02148007727641115,
                0.495320404536765,
                0.142457124540924,
                -2.7081280788171193e-17,
                -2.5059691091189154e-16,
                -0.07978854058401678,
                0.1294338037304119,
                3.415331159749068e-16,
                -4.4246354267293275e-16,
                -0.5219949690553882,
                -1.5429541424482174
            ],
