{
    "dist": 2.1,
    "thetas": [
        1.7448557058857794,
        -1.649077150016919,
        2.0375021118516665,
        2.926388517974451,
        2.9694403750439315,
        -0.2924870046656962,
        0.6851339998803385,
        1.7311841483035746,
        0.8897828870907407,
        1.394981677626908,
        -2.921451680140999,
        -1.2663793231633795,
        -2.773947824309876,
        2.243480068231582,
        -0.7988817039240748,
        1.1300180068818442,
        -1.531338241455982,
        -0.9576754694920289,
        -3.0824504749171866,
        -0.8901150950318448,
        2.8217419638603713,
        -1.7724928009645748,
        -1.1347975131086745,
        2.6249413174642493,
        -2.941136005369488,
        -2.7326544467196805,
        0.815739659640105,
        2.3487391344402075,
        -3.0868300924373417,
        1.5492904725652465,
        1.9656390491245403,
        -2.6658459083030457,
        0.9830378595694711,
        0.05819611947691916,
        -0.12639637898020917,
        2.862456773761779,
        -3.1415170444428115,
        -1.5897797083310843,
        1.3334972435574386,
        -1.1021834873956844
    ],
    "oo": false,
    "mo": [
        [
            [
                -0.0001712940596450592,
                0.010563766078602528,
                6.432627611964486e-18,
                3.501965752821631e-16,
                -0.18952104924274704,
                -0.30430776335362014,
                -1.2829472973534088,
                3.2625395160570774e-16,
                -2.8016306056378956e-16,
                -0.07673397825008609,
                -0.19900233680053134
            ],
            [
                0.0004777119546792272,
                0.014257102607021052,
                1.1619345941518205e-17,
                6.76023639985591e-16,
                -0.3844474459381691,
                -0.6346989912509083,
                1.1365725240956024,
                -4.806419947082811e-16,
                2.1024087412004743e-16,
                0.20581824091281345,
                0.32935187658664883
            ],
            [
                0.9955892427862557,
                -0.2399123838211418,
                1.2042939249037527e-17,
                -1.1834746228241464e-16,
                -0.012631436831787843,
                -0.014977937547105108,
                0.021919481738626703,
                -7.828453819055949e-17,
                -1.7881716420479385e-16,
                0.02608858253241579,
                -0.11739414421478724
            ],
            [
                0.02035993943689844,
                0.5264402318155622,
                -5.1078356910492217e-17,
                2.0699800728318745e-16,
                0.03963230695025603,
                0.03056182129910799,
                -0.11741936947890502,
                7.383703409412888e-16,
                1.1623444849466585e-15,
                -0.2934598296752567,
                1.4599896984376564
            ],
            [
                -0.0041361115074211785,
                0.5628445421720507,
                -2.1871792248226918e-18,
                -1.1055534757461688e-16,
                0.03191519848605668,
                0.06816637719752038,
                -0.005976157729100494,
                -6.575676103342941e-16,
                -1.0866025751156855e-15,
                0.2652175126243214,
                -1.4574696972724335
            ],
            [
                4.847195127685354e-17,
                -2.146934960364957e-16,
                -0.11591730256240877,
                0.6584211872037601,
                2.152497511071259e-15,
                -6.356753932940546e-16,
                2.323750444586521e-17,
                -0.1518881952766768,
                -0.9286819717109465,
                -1.3287202753273893e-15,
                5.564522205519794e-16
            ],
            [
                1.4055269067586515e-17,
                -6.63347267258914e-19,
                0.6584211872037609,
                0.11591730256240884,
                4.0606084042610783e-16,
                -1.111072650346694e-16,
                -5.696138416947344e-17,
                0.9286819717109461,
                -0.1518881952766773,
                1.3993343614910132e-15,
                -8.587639883351548e-17
            ],
            [
                -0.0003673641900197203,
                -0.0006119741401329931,
                -4.212118490942843e-17,
                -2.24883217722919e-15,
                0.49890567539082326,
                -0.3745791964733855,
                0.06484773126028844,
                1.4490564437686163e-15,
                8.433544482547283e-16,
                -0.9533520256771452,
                -0.205841564162238
            ],
            [
                8.18062656045675e-17,
                -1.902528127651216e-16,
                -0.0834441041065715,
                0.4739703640138032,
                1.6215331435611508e-15,
                -4.95882623657627e-16,
                5.5146741726764945e-18,
                0.16935255323011617,
                1.0354633733157377,
                1.2886500932707691e-15,
                -7.110336757907161e-16
            ],
            [
                1.0688404890085369e-17,
                7.647809435068595e-19,
                0.4739703640138028,
                0.08344410410657148,
                3.302077146423533e-16,
                -1.0852534120443656e-16,
                7.082052291720868e-17,
                -1.0354633733157377,
                0.16935255323011664,
                -1.5024668528221417e-15,
                7.951594245227896e-17
            ],
            [
                0.0002258413976519327,
                -0.006758442627569301,
                -7.919029683675015e-18,
                -1.6174123243284508e-15,
                0.41180006158568605,
                -0.3483131360546201,
                0.07228166729667482,
                -1.573098823058272e-15,
                -8.778900868558366e-16,
                1.0378612287850548,
                0.2546855111875391
            ]
        ],
        [
            [
                -0.00017129411291862145,
                0.010563812345920019,
                -1.3031606050352263e-16,
                1.830324304713109e-17,
                -0.1895206425913737,
                -0.3043077463777495,
                -1.282947380062038,
                -2.382047719724584e-16,
                4.6409806207805195e-17,
                -0.0767333046445862,
                -0.19900247410249305
            ],
            [
                0.0004777119355559495,
                0.014257257606040205,
                -2.821277877978108e-16,
                1.742830484644529e-17,
                -0.3844471501020849,
                -0.6346994055497146,
                1.136572434879321,
                5.405628680468943e-16,
                -1.2114339316041104e-16,
                0.20581720581026552,
                0.3293523715330318
            ],
            [
                0.9955892436045075,
                -0.23991235630810345,
                -1.5557009143523353e-16,
                2.4141137525797935e-18,
                -0.012631240425822044,
                -0.014978135037787764,
                0.021919494247641915,
                6.949270316231956e-17,
                -1.0380110457508272e-17,
                0.026088838709719443,
                -0.11739413017146608
            ],
            [
                0.020359935346518716,
                0.5264399510970352,
                -9.288135015724852e-17,
                7.717973889589938e-17,
                0.039632350065591036,
                0.030561943800928828,
                -0.11741932459692325,
                -8.453773799139599e-16,
                2.248465489497051e-16,
                -0.29346388642453847,
                1.4599889841728195
            ],
