{
    "dist": 2.7,
    "thetas": [
        2.3463261368903874,
        2.9439278084526643,
        2.319717710563025,
        0.1938720278250048,
        -1.6793174426784083,
        -3.0699718540344296,
        -0.4368772992954577,
        -0.6135444998792989,
        0.1424691618875915,
        -0.1357683511288812
    ],
    "oo": false,
    "mo": [
        [
            [
                0.2169588792100101,
                -0.3289584792180407,
                0.8961612774090644,
                -0.9060276406251886
            ],
            [
                0.5172102370037968,
                -0.47093264427279696,
                -0.6999853338227144,
                0.9148282501208311
            ],
            [
                0.21695887921000914,
                0.32895847921802235,
                0.8961612774092421,
                0.9060276406250195
            ],
            [
                0.5172102370037969,
                0.4709326442728123,
                -0.6999853338228772,
                -0.9148282501206989
            ]
        ],
        [
            [
                0.2169588792100101,
                -0.3289584792180407,
                0.896161277409066,
                -0.906027640625187
            ],
            [
                0.5172102370037968,
                -0.47093264427279685,
                -0.6999853338227157,
                0.9148282501208299
            ],
            [
                0.21695887921000914,
                0.32895847921802274,
                0.8961612774092405,
                0.9060276406250207
            ],
            [
                0.5172102370037969,
                0.470932644272812,
                -0.699985333822876,
                -0.9148282501207001
            ]
        ]
    ],
    "iterations": 164,
    "final_energy": -1.194744,
    "iter_energies": [
        -1.0235735030663222,
        -1.1573725106084056,
        -1.1737828983812781,
        -1.1819882507922244,
        -1.182588651426425,
        -1.1826830009196405,
        -1.183293750101173,
        -1.1836525171196615,
        -1.1842471463277304,
        -1.1851940780232433,
        -1.1862917126109374,
        -1.1868689428507984,
        -1.1879783974509963,
        -1.1898963172014234,
        -1.191447027249101,
        -1.1923173338966857,
        -1.192470216196769,
        -1.1926399413083484,
        -1.1927031828255275,
        -1.1927412381650986,
        -1.1927507192752316,
        -1.1927553304770926,
        -1.1927579309094647,
        -1.1927587478289192,
        -1.1927588849118296,
        -1.1927590943639894,
        -1.1927594614070651,
        -1.1927601396150211,
        -1.1927614264575213,
        -1.1927712303686544,
        -1.1927850836814065,
        -1.1928002872450663,
        -1.1928176050606565,
        -1.1928393954357195,
        -1.1928615106034948,
        -1.1928688037666935,
        -1.1928807194631883,
        -1.1928857273928348,
        -1.1928945486360019,
        -1.1929107678276747,
        -1.1929395209818094,
        -1.1929765926060831,
        -1.192988902402441,
        -1.1929954776324225,
        -1.192995769635621,
        -1.1929958953746163,
        -1.192995898415513,
        -1.192995899385221,
        -1.192995900666826,
        -1.192995902825313,
        -1.192995906719109,
        -1.1929959139378816,
        -1.1929959274101265,
        -1.192995952416125,
        -1.1929959980435325,
        -1.192996078422108,
        -1.1929962102738294,
        -1.192996404365758,
        -1.1929967142263527,
        -1.1929972656875538,
        -1.1929982629622373,
        -1.1930000459019372,
        -1.193003162748106,
        -1.1930085044010812,
        -1.1930126755548283,
        -1.1930198175333335,
        -1.19303153693869,
        -1.1930484985873477,
        -1.1930709400796355,
        -1.193084098045858,
        -1.193107337453246,
        -1.1931499724858,
        -1.193223561203669,
        -1.1933311807196907,
        -1.1933821625207357,
        -1.1934696245951324,
        -1.1935381487315464,
        -1.193650588705566,
        -1.1938079451162782,
        -1.1939070789753405,
        -1.1940508243623784,
        -1.19411336024349,
        -1.1942174278437467,
        -1.1942909081046094,
        -1.1944061058032271,
        -1.194526547296361,
        -1.1945382888472316,
        -1.1945569092401762,
        -1.1945738130429282,
        -1.1945913145534173,
        -1.1946165932303634,
        -1.194632655723673,
        -1.1946427026764075,
        -1.1946530851660466,
        -1.1946616718175989,
        -1.1946738269269763,
        -1.1946810126517342,
        -1.1946860221926654,
        -1.1946933323031628,
        -1.1946951779091168,
        -1.1946979530222679,
        -1.1947018798522944,
        -1.1947062596529872,
        -1.1947089606681307,
        -1.1947107447727552,
        -1.19471324073766,
        -1.1947161889147253,
        -1.1947180770071721,
        -1.1947201054882464,
        -1.1947214296933526,
        -1.194723526732543,
        -1.1947245712507766,
        -1.1947255356469662,
        -1.194726641940806,
        -1.1947281282191675,
        -1.1947293583320795,
        -1.1947305550290168,
        -1.1947319169051918,
        -1.1947325020432882,
        -1.194733289618434,
        -1.194733847827082,
        -1.1947346728272548,
        -1.1947357094050974,
        -1.1947364225083006,
        -1.1947368047798577,
        -1.1947374278541836,
        -1.1947378394845332,
        -1.1947384768007205,
        -1.1947391241508318,
        -1.1947393033239229,
        -1.194739604972271,
        -1.1947400822265501,
        -1.194740603144085,
        -1.194741068943918,
        -1.1947414307497985,
        -1.1947414939215446,
        -1.1947416034570186,
        -1.1947417895302104,
        -1.194742066570692,
        -1.1947423526149807,
        -1.1947425458465628,
        -1.1947425898059854,
        -1.1947426614752301,
        -1.1947427758323235,
        -1.1947428966649785,
        -1.1947430556702612,
        -1.1947431145805576,
        -1.1947431743828802,
        -1.1947432544655985,
        -1.1947433142880313,
        -1.1947433685411417,
        -1.1947434127465744,
        -1.1947434248389164,
        -1.1947434448111467,
        -1.1947434731014566,
        -1.194743490135824,
        -1.1947434992194688,
        -1.194743504930429,
        -1.19474350796296,
        -1.194743509428822,
        -1.1947435101121855,
        -1.1947435103834176,
        -1.1947435105115003,
        -1.1947435105849162
    ],
    "function_evaluations": 189,
    "gradient_evaluations": 189
}