{
    "dist": 0.9,
    "thetas": [
        0.0041979616052225666,
        -0.20063828010322737,
        0.004916753617765668,
        -2.204278596269102,
        2.0123656205543545,
        -1.12240289192412,
        1.7541019567718958,
        1.9797079610483523,
        -3.0485872024626652,
        -1.7116670481088534,
        1.3303487237216896,
        2.017611826950281,
        1.8430183187708211,
        -0.03005884899993827,
        0.38060203635481615,
        0.0938127945663263,
        -1.3382347235245735,
        -1.9597896027308164,
        -0.9989910534481625,
        -1.4683217553975476,
        -1.8673072594636073,
        -0.5801417420434314,
        0.1334834942899632,
        -3.088481703315672,
        2.910021795475287,
        2.2649266903510474,
        1.8222796736284623,
        1.5842660155966026,
        2.7594641571641203,
        3.0424658479416467,
        -2.6070862416883784,
        0.20512283176273893,
        1.6075647637327464,
        -1.1916817754211517,
        1.2049176098936316,
        -1.9141566965251737,
        2.2255113678159137,
        -0.38900592398375444,
        0.8455951269240969,
        -1.3883354549218891
    ],
    "oo": false,
    "mo": [
        [
            [
                0.00027969563384847154,
                0.13852751256864693,
                -0.2959398477616849,
                -2.782911574332571e-16,
                -8.404893175193779e-17,
                -0.4898361437233269,
                4.419537550505605e-16,
                5.659757295763757e-17,
                0.04573644942037395,
                0.537333749396557,
                -1.3766071422059822
            ],
            [
                0.0018313300464416796,
                -0.015325760404099302,
                -0.10221392086472143,
                -2.4129654074835376e-16,
                -1.0931292408985733e-16,
                -0.17529992835768424,
                -1.9442391980933705e-16,
                -2.947578715281374e-17,
                0.19394127441556103,
                1.3490842908759495,
                1.0622775363745327
            ],
            [
                0.9955076081076389,
                -0.23006253810856883,
                -0.0631946055663561,
                1.4999367716724848e-17,
                1.4357960268674233e-18,
                -0.068283306038133,
                -4.197726597677311e-17,
                -1.846425647750712e-17,
                -0.10852241468490674,
                0.01325783070926724,
                -0.004928583110331906
            ],
            [
                0.02141186496046933,
                0.49644619908940757,
                0.1391846224540703,
                9.397759717607071e-17,
                1.1952941849509515e-16,
                0.46134320941094076,
                7.060942593796079e-16,
                2.7017692799690535e-16,
                1.4067319368359348,
                0.6745879953595343,
                -0.09572918226882415
            ],
            [
                -0.005890954927349453,
                0.5253223229914354,
                0.25239900468475046,
                3.6707521930895194e-16,
                3.7678536326388127e-17,
                -0.11944207455796335,
                -7.75391546459249e-16,
                -2.7007414300579194e-16,
                -1.4931546741303083,
                -1.6411373791763575,
                0.07979639733302539
            ],
            [
                -8.075612066602704e-17,
                -2.6437200341343136e-17,
                -4.542338510810576e-16,
                0.6571471316142189,
                0.06561023810065944,
                -3.8432048439554417e-16,
                -0.9391240771599153,
                0.11989337347663256,
                5.968218608711787e-16,
                -8.086908625091165e-17,
                -1.3527739504504697e-16
            ],
            [
                -1.4493906081762308e-17,
                1.3762151580947195e-18,
                -1.1387029169664827e-16,
                -0.06561023810065955,
                0.6571471316142183,
                -5.4652471175642714e-17,
                -0.11989337347663259,
                -0.9391240771599169,
                2.839391241965904e-16,
                -2.6412919509448432e-17,
                -2.6572996090334124e-17
            ],
            [
                -0.0015141325301682028,
                -0.0887878795878888,
                0.5501970987809571,
                3.296967398056092e-16,
                1.2262384096219446e-16,
                -0.8551837589813569,
                6.408542222513578e-16,
                3.5253722169671936e-17,
                0.37034110115462304,
                -0.44154490475230634,
                0.08493954432933913
            ],
            [
                -8.267837419349519e-17,
                -9.296707176720357e-18,
                -2.9377500566223184e-16,
                0.48785654752912855,
                0.048708093975433166,
                2.9346754400376266e-16,
                1.0366219300802963,
                -0.13234044706109852,
                -7.093231858633841e-16,
                2.008320782204831e-16,
                2.8023162780165885e-16
            ],
            [
                -2.849077727157012e-17,
                -2.200625166527689e-19,
                -7.466234007453733e-17,
                -0.048708093975433506,
                0.48785654752912977,
                4.72724400347824e-18,
                0.13234044706109838,
                1.036621930080297,
                -3.077207522257481e-16,
                4.478645924583163e-17,
                7.163672446826719e-17
            ],
            [
                0.0014158890008523209,
                -0.04655347729641711,
                0.34552003560912775,
                1.1354542294615116e-16,
                1.5662320056853932e-17,
                0.33662178610017207,
                -4.3988741781752816e-16,
                -3.174225359187904e-17,
                -0.3434394523290391,
                1.3814862956378673,
                -0.6302121040025658
            ]
        ],
        [
            [
                0.00027969563384847154,
                0.13852751256864693,
                -0.2959398477616849,
                -2.782911574332571e-16,
                -8.404893175193779e-17,
                0.48983614372332734,
                -4.3666507376628785e-18,
                3.590894895551464e-17,
                0.04573644942032115,
                0.5373337493959507,
                -1.376607142206216
            ],
            [
                0.0018313300464416796,
                -0.015325760404099302,
                -0.10221392086472143,
                -2.4129654074835376e-16,
                -1.0931292408985733e-16,
                0.17529992835769184,
                8.805304669806467e-16,
                -1.4758377553297132e-16,
                0.19394127441563894,
                1.3490842908764065,
                1.0622775363739345
            ],
            [
                0.9955076081076389,
                -0.23006253810856883,
                -0.0631946055663561,
                1.4999367716724848e-17,
                1.4357960268674233e-18,
                0.06828330603812989,
                -2.1461488284466266e-16,
                -9.311695553810732e-18,
                -0.10852241468490861,
                0.013257830709268158,
                -0.0049285831103333755
            ],
            [
                0.02141186496046933,
                0.49644619908940757,
                0.1391846224540703,
                9.397759717607071e-17,
                1.1952941849509515e-16,
                -0.46134320941090007,
                2.9195398491963256e-15,
                1.0031104498353722e-16,
                1.406731936835966,
                0.6745879953594499,
                -0.09572918226917443
