{
    "dist": 0.9,
    "thetas": [
        -0.788287681898749,
        2.8319215077704234,
        1.4576609265440963,
        0.6198895383354297,
        -2.1612986243157413,
        -2.1614501754128375,
        -2.776642555026645,
        2.3007525789727232,
        0.6353243561202211,
        1.3073585636350948,
        -3.012256461474685,
        2.952530678803174,
        2.088798716157191,
        -1.8074266732364683,
        -1.9991526911557285,
        -1.9892281320082241,
        -1.2299822628030639,
        0.15554924748987276,
        -0.427602058948239,
        -1.3117459988749123,
        0.7027924646851598,
        -2.265126877899127,
        -1.3059936903421663,
        -0.8396733026956396,
        -0.27602042971168705,
        1.7918134105853962,
        -1.8870052793034098,
        0.0894376142963571,
        0.5806578612433215,
        -2.8497361028750756,
        0.6757242333299223,
        -2.0701579851181284,
        -2.732861440336058,
        2.8204310122755585,
        2.9256523487662305,
        1.9377176864584964,
        -1.2276478947550764,
        -2.5279006619437125,
        1.1575702452784116,
        -0.3760329720066755
    ],
    "oo": false,
    "E_corr_OVOS": -0.12322046691754063,
    "mo": [
        [
            [
                0.0002796956338488018,
                0.13852751256864998,
                -0.2959398477616839,
                5.237659773147688e-17,
                7.247706921866132e-17,
                -0.4898361437221682,
                -3.647684299831155e-16,
                -1.2952413992420159e-16,
                0.045736449449632545,
                0.5373337495356079,
                -1.3766071421511399
            ],
            [
                0.0018313300464415047,
                -0.015325760404099819,
                -0.10221392086471151,
                1.0971208368653236e-16,
                2.3061572981686136e-18,
                -0.17529992835301134,
                2.0236113519480466e-17,
                -4.9967689434851985e-17,
                0.19394127437386635,
                1.349084290772878,
                1.0622775365138009
            ],
            [
                0.9955076081076394,
                -0.23006253810856853,
                -0.06319460556635602,
                4.388582164868552e-17,
                2.6834282396902125e-17,
                -0.06828330603984374,
                2.2980739717948942e-17,
                3.7691355898559383e-17,
                -0.1085224146839237,
                0.013257830708118121,
                -0.004928583111360282
            ],
            [
                0.02141186496046932,
                0.496446199089408,
                0.13918462245407126,
                8.041034628597603e-19,
                -9.248610443094324e-17,
                0.46134320943401935,
                -5.547178193888758e-16,
                -5.731974871081105e-16,
                1.406731936820008,
                0.6745879953908701,
                -0.09572918217072268
            ],
            [
                -0.0058909549273497555,
                0.5253223229914329,
                0.25239900468474485,
                -1.7457181598033575e-16,
                -6.04382911394589e-18,
                -0.11944207458346973,
                7.0821918002836e-16,
                6.455812263458371e-16,
                -1.493154674104173,
                -1.6411373792078388,
                0.07979639713626122
            ],
            [
                -3.7692181259258143e-17,
                3.778495076105749e-17,
                2.365469197686495e-16,
                0.45068983846758465,
                0.48272738210555743,
                7.410688906372396e-16,
                -0.7207759869651255,
                -0.6138488656986487,
                -1.232982145582434e-15,
                2.0970630255304854e-16,
                6.105943886964557e-17
            ],
            [
                -3.1777772445762216e-17,
                -2.5321028297355828e-18,
                1.5532515733695215e-16,
                0.48272738210555743,
                -0.4506898384675849,
                4.2433004965266915e-16,
                -0.613848865698648,
                0.720775986965126,
                -2.6385621072606226e-16,
                1.3296527343406168e-16,
                2.898328876546166e-17
            ],
            [
                -0.0015141325301679094,
                -0.0887878795878884,
                0.550197098780959,
                -2.0060115225795466e-16,
                -1.7890006748211926e-16,
                -0.8551837589759436,
                -1.5506192377868013e-15,
                -4.3073387239285957e-16,
                0.3703411011733469,
                -0.44154490475402475,
                0.08493954429330508
            ],
            [
                -2.4844711901943112e-17,
                2.260969562840297e-17,
                1.6587029570680913e-16,
                0.3345856323851876,
                0.35836984246329023,
                -8.780195274556377e-16,
                0.7956054082043204,
                0.6775773419232438,
                1.2982209992819654e-15,
                -3.5709443889055656e-16,
                -4.325040664204555e-17
            ],
            [
                -2.452029681567424e-17,
                -1.9475001180234555e-18,
                1.0406286907914738e-16,
                0.35836984246329,
                -0.33458563238518796,
                -4.592119633326651e-16,
                0.6775773419232429,
                -0.7956054082043207,
                3.2161133416948445e-16,
                -1.6875804351048678e-16,
                -2.307421640794795e-17
            ],
            [
                0.0014158890008523096,
                -0.04655347729641666,
                0.3455200356091308,
                -1.674742734303561e-16,
                1.4674978193854939e-16,
                0.3366217860961557,
                1.254227682472427e-15,
                3.236615755805006e-16,
                -0.3434394523425208,
                1.3814862956951495,
                -0.6302121038718079
            ]
        ],
        [
            [
                0.0002796956338488018,
                0.13852751256864998,
                -0.2959398477616839,
                5.237659773147688e-17,
                7.247706921866132e-17,
                0.4898361437221716,
                5.4606361614295593e-17,
                1.5716124423246225e-16,
                0.045736449449607024,
                0.5373337495352888,
                -1.3766071421512618
            ],
            [
                0.0018313300464415047,
                -0.015325760404099819,
                -0.10221392086471151,
                1.0971208368653236e-16,
                2.3061572981686136e-18,
                0.1752999283530226,
                -3.2031258705225695e-16,
                -1.4835167988158492e-17,
                0.19394127437390835,
                1.3490842907731115,
                1.0622775365135095
            ],
            [
                0.9955076081076394,
                -0.23006253810856853,
                -0.06319460556635602,
                4.388582164868552e-17,
                2.6834282396902125e-17,
                0.06828330603984199,
                2.558201262239824e-16,
                -2.1590433685422237e-18,
                -0.10852241468392555,
                0.013257830708118416,
                -0.004928583111360942
            ],
            [
                0.02141186496046932,
                0.496446199089408,
                0.13918462245407126,
                8.041034628597603e-19,
                -9.248610443094324e-17,
                -0.4613432094339923,
                -3.0986425398508877e-15,
                1.5799579091003963e-16,
                1.4067319368200355,
                0.6745879953908256,
