{
    "dist": 0.9,
    "thetas": [
        0.10303561663791783,
        0.4440175435037328,
        -2.9626838121493106,
        -2.0638903033331175,
        1.1641296091591355,
        2.0979358614283568,
        -1.2128670123447274,
        2.47314391898043,
        1.392001137158437,
        -1.9481710072691576,
        0.34072200379900464,
        -0.9290823338613339,
        -1.9987289817083937,
        1.7944887938507428,
        2.924717343797493,
        -1.6816715396059143,
        -2.6165606813494104,
        0.6506139255218115,
        1.4388039280401017,
        -1.40593290510329,
        1.1643140023190055,
        0.11226465135129837,
        -2.836955320406834,
        -2.275334685827516,
        -1.966841668758823,
        3.1058909736072735,
        0.129844516818022,
        0.495049251658644,
        1.475411656763927,
        0.2636535907361983,
        2.5959203631973624,
        1.934719368471801,
        -0.609482604949342,
        -0.8970859114113354,
        2.84550831983512,
        -0.9824917722923239,
        2.293989801545284,
        2.0751960685763695,
        0.2397754572129318,
        2.6544533544477575
    ],
    "oo": false,
    "mo": [
        [
            [
                0.0002796956338490405,
                0.13852751256864693,
                -0.29593984776168386,
                -1.1283514321998047e-16,
                -4.461217772154316e-17,
                0.4898361437310921,
                -4.638621762239753e-17,
                1.5774751305182746e-16,
                -0.04573644922380188,
                0.5373337484613399,
                -1.3766071425747926
            ],
            [
                0.0018313300464415322,
                -0.01532576040409649,
                -0.10221392086472342,
                1.8512956982829482e-17,
                2.1051354726823534e-17,
                0.17529992838896427,
                -3.03401861015838e-17,
                -1.490761197614744e-16,
                -0.19394127469560513,
                1.3490842915692456,
                1.0622775354377663
            ],
            [
                0.9955076081076398,
                -0.23006253810856866,
                -0.06319460556635659,
                8.920585064930405e-17,
                -4.276817615903457e-18,
                0.06828330602664814,
                2.1355793649104729e-16,
                9.147774727274482e-17,
                0.10852241469150468,
                0.01325783071698244,
                -0.00492858310343066
            ],
            [
                0.02141186496046923,
                0.49644619908940785,
                0.13918462245407273,
                -8.62672398214795e-17,
                6.621887503492492e-17,
                -0.46134320925603034,
                -2.6086781360747472e-15,
                -1.0668011863904925e-15,
                -1.406731936942824,
                0.6745879951489832,
                -0.09572918292845775
            ],
            [
                -0.005890954927349801,
                0.5253223229914329,
                0.2523990046847501,
                1.4609733895434057e-16,
                -5.809756663687247e-17,
                0.11944207438679715,
                2.574695656565671e-15,
                1.037890157292856e-15,
                1.4931546743057413,
                -1.6411373789648656,
                0.07979639865627926
            ],
            [
                -8.507417889713672e-17,
                1.661270372359751e-17,
                -1.649587602994952e-16,
                0.6471328717033353,
                0.13178050801774693,
                -9.487055984355929e-17,
                0.387651862780545,
                -0.8637444567624406,
                6.455196238140492e-17,
                5.7765250046125e-17,
                -3.540765988312219e-17
            ],
            [
                1.5336968674148682e-17,
                -6.19979502834299e-19,
                2.473051725840811e-17,
                -0.1317805080177472,
                0.647132871703336,
                -1.0420375594595054e-16,
                -0.8637444567624399,
                -0.3876518627805453,
                2.2510913382855775e-15,
                1.7475863738528562e-16,
                5.365558256639555e-18
            ],
            [
                -0.001514132530167845,
                -0.08878787958788972,
                0.5501970987809554,
                1.3136570131232523e-16,
                8.075213739264942e-17,
                0.855183759017726,
                -7.019670943718584e-16,
                -6.618890469776781e-16,
                -0.3703411010289015,
                -0.4415449047406826,
                0.08493954457179435
            ],
            [
                -5.889214315000411e-17,
                8.834575773234591e-18,
                -7.706777474290977e-17,
                0.4804221054823651,
                0.0978319474898271,
                2.478102030876518e-16,
                -0.4278970499937074,
                0.9534165587288761,
                -3.312376843806281e-17,
                -9.704433362097993e-17,
                1.2507424976867096e-16
            ],
            [
                1.0778871171921313e-17,
                -3.28935779653101e-19,
                1.4270974759493374e-17,
                -0.09783194748982689,
                0.480422105482364,
                1.2323519752152617e-16,
                0.9534165587288764,
                0.4278970499937082,
                -2.5568558628005054e-15,
                -2.2883342233146094e-16,
                1.6926836559767643e-17
            ],
            [
                0.0014158890008526377,
                -0.04655347729641658,
                0.3455200356091288,
                8.926727334371453e-17,
                -9.625654360437877e-17,
                -0.3366217861272415,
                8.526062918224647e-16,
                7.223096095161103e-16,
                0.3434394522385532,
                1.381486295252512,
                -0.6302121048821486
            ]
        ],
        [
            [
                0.0002796956338490405,
                0.13852751256864693,
                -0.29593984776168386,
                -1.1283514321998047e-16,
                -4.461217772154316e-17,
                0.4898361437310911,
                2.864829385518131e-16,
                2.4012036770804503e-16,
                -0.045736449223757476,
                0.5373337484608505,
                -1.376607142574981
            ],
            [
                0.0018313300464415322,
                -0.01532576040409649,
                -0.10221392086472342,
                1.8512956982829482e-17,
                2.1051354726823534e-17,
                0.17529992838896666,
                5.32661558278786e-16,
                4.4884543231306104e-17,
                -0.1939412746956683,
                1.3490842915696135,
                1.0622775354372676
            ],
            [
                0.9955076081076398,
                -0.23006253810856866,
                -0.06319460556635659,
                8.920585064930405e-17,
                -4.276817615903457e-18,
                0.06828330602664573,
                -1.7251624954829687e-16,
                7.149232354777894e-18,
                0.1085224146915051,
                0.013257830716983386,
                -0.004928583103432067
            ],
            [
                0.02141186496046923,
                0.49644619908940785,
                0.13918462245407273,
                -8.62672398214795e-17,
                6.621887503492492e-17,
                -0.46134320925600136,
                2.445807784481409e-15,
                6.442121821260236e-17,
                -1.406731936942836,
                0.674587995148912,
                -0.09572918292874408
            ],
            [
                -0.005890954927349801,
