{
    "dist": 0.8,
    "thetas": [
        -0.788287681898749,
        2.8319215077704234,
        1.4576609265440963,
        0.6198895383354297,
        -2.1612986243157413,
        -2.1614501754128375,
        -2.776642555026645,
        2.3007525789727232,
        0.6353243561202211,
        1.3073585636350948
    ],
    "oo": false,
    "mo": [
        [
            [
                0.31729275851754407,
                -0.7758943701397122,
                0.7924175743169436,
                -0.7603499148401754
            ],
            [
                0.28655780110744133,
                -0.4188468797595175,
                -0.6898829978851911,
                2.00273436865748
            ],
            [
                0.3172927585175443,
                0.7758943701399295,
                0.7924175743166731,
                0.7603499148402373
            ],
            [
                0.28655780110743934,
                0.4188468797593287,
                -0.6898829978851492,
                -2.0027343686575345
            ]
        ],
        [
            [
                0.31729275851754407,
                -0.7758943701397009,
                0.7924175743169588,
                -0.7603499148401721
            ],
            [
                0.28655780110744133,
                -0.418846879759528,
                -0.689882997885194,
                2.0027343686574772
            ],
            [
                0.3172927585175443,
                0.7758943701399414,
                0.7924175743166579,
                0.7603499148402411
            ],
            [
                0.28655780110743934,
                0.41884687975931856,
                -0.6898829978851463,
                -2.0027343686575376
            ]
        ]
    ],
    "iterations": 71,
    "final_energy": -1.810871,
    "iter_energies": [
        -1.3346256122199032,
        -1.6541499324170714,
        -1.7831427145394991,
        -1.7837255607749154,
        -1.7846552958212258,
        -1.7853033901884694,
        -1.7853928139628654,
        -1.7908207262933373,
        -1.7912192637673543,
        -1.7919806813992374,
        -1.7934319543344472,
        -1.7960856628943924,
        -1.8004676166745446,
        -1.8062694757863966,
        -1.8088113845562193,
        -1.8092572592107734,
        -1.8094876479510515,
        -1.80983062605143,
        -1.8101297493416943,
        -1.8102811333728,
        -1.8103563109791247,
        -1.8104412445352351,
        -1.8105752809165157,
        -1.8107389099923732,
        -1.8108071810549897,
        -1.8108253834367471,
        -1.8108259801267232,
        -1.8108260057097736,
        -1.8108260192088463,
        -1.8108260447344842,
        -1.8108260935750518,
        -1.8108261868868378,
        -1.8108263633720345,
        -1.8108266907105275,
        -1.8108272784385269,
        -1.8108282829427524,
        -1.8108299035424724,
        -1.8108324694174411,
        -1.8108365032165825,
        -1.8108415689597943,
        -1.8108500975696373,
        -1.8108565444580005,
        -1.8108578445435168,
        -1.8108584187341557,
        -1.8108589037609755,
        -1.8108597803238877,
        -1.8108612788569856,
        -1.8108635890220024,
        -1.8108659873234745,
        -1.8108665302754037,
        -1.8108673726451658,
        -1.8108682522794393,
        -1.8108689406417222,
        -1.8108697566650362,
        -1.8108700556026394,
        -1.8108701994465892,
        -1.8108704218758347,
        -1.8108707063857,
        -1.8108709264000302,
        -1.8108710486660207,
        -1.8108711637736095,
        -1.8108712308180486,
        -1.8108712815082155,
        -1.81087132847701,
        -1.8108713531818588,
        -1.8108713760068091,
        -1.810871388892268,
        -1.8108713948417943,
        -1.8108713969414165,
        -1.8108713972757857,
        -1.810871397307227
    ],
    "function_evaluations": 80,
    "gradient_evaluations": 80
}