{
    "dist": 2.9,
    "thetas": [
        -0.788287681898749,
        2.8319215077704234,
        1.4576609265440963,
        0.6198895383354297,
        -2.1612986243157413,
        -2.1614501754128375,
        -2.776642555026645,
        2.3007525789727232,
        0.6353243561202211,
        1.3073585636350948
    ],
    "oo": false,
    "mo": [
        [
            [
                0.21723574860466532,
                0.23688792781327322,
                0.8976359267298852,
                0.9299557552636903
            ],
            [
                0.5247261321947547,
                0.5500587257303435,
                -0.7128130801100644,
                -0.8414453355337808
            ],
            [
                0.21723574860468933,
                -0.2368879278132609,
                0.8976359267299459,
                -0.9299557552636294
            ],
            [
                0.524726132194797,
                -0.5500587257302944,
                -0.7128130801101245,
                0.8414453355337358
            ]
        ],
        [
            [
                0.2172357586435938,
                -0.23688793474558112,
                0.8976359243004164,
                -0.9299557534977825
            ],
            [
                0.5247261242228968,
                -0.5500587194577747,
                -0.7128130859784882,
                0.8414453396341476
            ],
            [
                0.21723575864357256,
                0.23688793474559366,
                0.8976359243004072,
                0.9299557534977918
            ],
            [
                0.5247261242228569,
                0.5500587194578185,
                -0.7128130859784764,
                -0.8414453396341525
            ]
        ]
    ],
    "iterations": 29,
    "final_energy": -1.172745,
    "iter_energies": [
        -0.870769514712766,
        -1.0138316574781197,
        -1.0179542348075963,
        -1.0254651159108132,
        -1.0931816757025712,
        -1.1023330082064824,
        -1.1186232615486056,
        -1.1436440061406479,
        -1.161860323542942,
        -1.1678936478600688,
        -1.1713738589906921,
        -1.1725167029362216,
        -1.1727115995493929,
        -1.1727398536588478,
        -1.1727418332131239,
        -1.1727420118738594,
        -1.1727420754381317,
        -1.1727421240492548,
        -1.1727422113397754,
        -1.1727423714867637,
        -1.1727426629147906,
        -1.172743172190636,
        -1.1727439648446698,
        -1.172744682470353,
        -1.1727450376926547,
        -1.172745233745211,
        -1.1727452506877951,
        -1.1727452517781527,
        -1.1727452517907258
    ],
    "function_evaluations": 32,
    "gradient_evaluations": 32
}