{
    "dist": 3.0,
    "thetas": [
        1.0607592975211642,
        -0.9380084697972517,
        2.4699562004424855,
        -1.3946453069212887,
        -2.811806829505575,
        2.6256889639960885,
        -0.17491097986209603,
        -3.1023400166459405,
        -0.07535832863870562,
        2.1433622426575356
    ],
    "oo": false,
    "mo": [
        [
            [
                0.2175682619420592,
                0.31981170053001995,
                0.8987649832526581,
                0.9024334379684477
            ],
            [
                0.5276449926186851,
                0.4687756219686025,
                -0.7191269226329673,
                -0.8781240376787871
            ],
            [
                0.21756826194205992,
                -0.3198117005300606,
                0.8987649832522298,
                -0.9024334379688601
            ],
            [
                0.5276449926186864,
                -0.46877562196856853,
                -0.7191269226325855,
                0.8781240376791171
            ]
        ],
        [
            [
                0.2175682619420592,
                0.3198117005300202,
                0.898764983252657,
                0.9024334379684488
            ],
            [
                0.5276449926186851,
                0.4687756219686025,
                -0.7191269226329662,
                -0.878124037678788
            ],
            [
                0.21756826194205992,
                -0.3198117005300603,
                0.8987649832522309,
                -0.902433437968859
            ],
            [
                0.5276449926186864,
                -0.46877562196856865,
                -0.7191269226325866,
                0.8781240376791162
            ]
        ]
    ],
    "iterations": 214,
    "final_energy": -1.173789,
    "iter_energies": [
        -1.115681840110163,
        -1.1467012987183773,
        -1.1580032944864966,
        -1.1662298357243894,
        -1.1678952027394303,
        -1.1707776604935076,
        -1.172462933726601,
        -1.1731933856967767,
        -1.1736601426642153,
        -1.1736894242856957,
        -1.173695933299442,
        -1.1737027953644197,
        -1.1737078184541303,
        -1.1737092304762904,
        -1.1737101129403675,
        -1.1737116463724233,
        -1.1737144756224214,
        -1.173719701564434,
        -1.1737280606016516,
        -1.1737345672186215,
        -1.173744928707175,
        -1.1737584702616124,
        -1.1737621115330854,
        -1.1737647747575684,
        -1.1737658066250447,
        -1.1737669718934787,
        -1.1737690316203377,
        -1.1737724877604345,
        -1.173777269941613,
        -1.1737784500916795,
        -1.1737801901251037,
        -1.1737805526277287,
        -1.1737809923641405,
        -1.173781721299875,
        -1.173782802284561,
        -1.1737834956757587,
        -1.173784372314515,
        -1.1737850130725718,
        -1.1737858767847582,
        -1.173786502720274,
        -1.1737868090788968,
        -1.1737871167778458,
        -1.173787350975822,
        -1.1737875219020024,
        -1.1737877864777007,
        -1.1737881445654712,
        -1.17378823768308,
        -1.173788378574496,
        -1.1737885206824343,
        -1.1737886592644557,
        -1.1737887011412458,
        -1.1737887639816142,
        -1.173788819299773,
        -1.1737888664211247,
        -1.1737888950121795,
        -1.1737889141396975,
        -1.1737889269534938,
        -1.173788944391376,
        -1.173788955894673,
        -1.173788971863546,
        -1.1737889884789068,
        -1.1737890072559858,
        -1.1737890122279326,
        -1.173789019410687,
        -1.1737890296228708,
        -1.1737890350234654,
        -1.1737890412193377,
        -1.173789047348322,
        -1.1737890508738151,
        -1.1737890553045056,
        -1.1737890599727636,
        -1.173789063065823,
        -1.1737890678538627,
        -1.1737890701624,
        -1.1737890736556882,
        -1.1737890769913868,
        -1.1737890794280508,
        -1.1737890827832385,
        -1.173789084470236,
        -1.1737890857670883,
        -1.1737890865044218,
        -1.173789087389952,
        -1.1737890886660152,
        -1.1737890896162806,
        -1.17378909096254,
        -1.1737890917749496,
        -1.173789092971035,
        -1.173789094216358,
        -1.173789095116153,
        -1.1737890961464916,
        -1.1737890970480425,
        -1.173789097647638,
        -1.1737890979282222,
        -1.1737890983611754,
        -1.1737890987791173,
        -1.1737890991386748,
        -1.1737890996580884,
        -1.1737890999749006,
        -1.1737891003631562,
        -1.1737891008552686,
        -1.1737891011400656,
        -1.1737891015472084,
        -1.173789102069727,
        -1.1737891022842355,
        -1.1737891024001665,
        -1.173789102587579,
        -1.1737891028827228,
        -1.173789103196173,
        -1.1737891035458752,
        -1.1737891037577206,
        -1.1737891038237436,
        -1.173789103931157,
        -1.1737891040987556,
        -1.1737891042293338,
        -1.1737891044311166,
        -1.1737891045851865,
        -1.1737891047843345,
        -1.173789104929128,
        -1.1737891050532492,
        -1.1737891052237124,
        -1.1737891053022902,
        -1.1737891053532603,
        -1.1737891054386287,
        -1.1737891055677796,
        -1.1737891056135819,
        -1.1737891056858818,
        -1.1737891057984022,
        -1.1737891058811991,
        -1.173789105998981,
        -1.1737891060436667,
        -1.1737891061125794,
        -1.1737891062100587,
        -1.17378910624764,
        -1.173789106293954,
        -1.173789106367806,
        -1.1737891064241361,
        -1.173789106502771,
        -1.17378910654996,
        -1.1737891066064148,
        -1.1737891066722939,
        -1.1737891067003217,
        -1.1737891067445838,
        -1.173789106807993,
        -1.1737891068308106,
        -1.1737891068601305,
        -1.1737891069069963,
        -1.1737891069559376,
        -1.1737891070068633,
        -1.173789107036079,
        -1.1737891070565565,
        -1.1737891070664144,
        -1.173789107079786,
        -1.173789107099604,
        -1.1737891071214532,
        -1.173789107156664,
        -1.1737891072091629,
        -1.173789107225316,
        -1.1737891072472588,
        -1.1737891072804232,
        -1.1737891073102984,
        -1.1737891073519555,
        -1.173789107407901,
        -1.1737891074123101,
        -1.1737891074205966,
        -1.1737891074355464,
        -1.1737891074594795,
        -1.173789107495763,
        -1.173789107518212,
        -1.1737891075521842,
        -1.1737891075689308,
        -1.1737891075954572,
        -1.173789107621805,
        -1.1737891076490998,
        -1.1737891076728002,
        -1.1737891076798714,
        -1.1737891076911022,
        -1.1737891077091642,
        -1.173789107735349,
        -1.173789107742296,
        -1.1737891077539901,
        -1.1737891077731817,
        -1.1737891077988254,
        -1.1737891078201395,
        -1.173789107836842,
        -1.1737891078416012,
        -1.1737891078500116,
        -1.1737891078633151,
        -1.1737891078737155,
        -1.173789107886919,
        -1.1737891079011473,
        -1.1737891079134437,
        -1.1737891079313316,
        -1.1737891079450082,
        -1.1737891079590852,
        -1.1737891079811096,
        -1.1737891080050522,
        -1.1737891080135414,
        -1.1737891080188758,
        -1.1737891080275367,
        -1.1737891080390823,
        -1.1737891080441498,
        -1.1737891080521203,
        -1.1737891080651504,
        -1.1737891080848744,
        -1.1737891080911964,
        -1.1737891081015412,
        -1.1737891081173761,
        -1.1737891081216139,
        -1.1737891081289298,
        -1.173789108140889,
        -1.1737891081488565,
        -1.1737891081614709,
        -1.1737891081739784,
