{
    "dist": 1.85,
    "thetas": [
        -2.8354451983958078,
        -1.325063087034727,
        1.3883725037911319,
        -3.0057737497215755,
        -1.8477417604476294,
        -2.822574873123744,
        -1.2423623306579668,
        1.0298787548813921,
        -1.2056528250732828,
        0.5252194785450901,
        -2.7044654537614434,
        2.30847045561727,
        -2.304417780706233,
        -2.022402397232817,
        -0.02557539272590459,
        2.285192262914668,
        1.6269921026744445,
        2.9561452268403734,
        1.6292459897763445,
        -0.7272784976778075,
        -0.573539651253947,
        1.3405831056173065,
        -1.4409243148323205,
        2.2248939625261066,
        2.5959857833208897,
        1.6383787056745502,
        0.10473151153364979,
        -2.0870494395307757,
        -1.2648536355851678,
        -1.357525884977483,
        -1.0856553998608915,
        -0.2504456690610555,
        0.278774624247891,
        -1.7756227029474454,
        1.8841282659115013,
        1.4243004011860876,
        2.194670844684585,
        -1.460703581689548,
        0.7214649379889844,
        0.9597947146749215
    ],
    "oo": false,
    "mo": [
        [
            [
                -0.00011679790949501126,
                0.016569011744683615,
                -1.4726946679434102e-17,
                1.50045406504623e-16,
                -0.19888999695378315,
                0.29366813631196453,
                1.2949415229806607,
                -2.3394867820875053e-16,
                -1.764939036251856e-17,
                0.07123592574086579,
                0.12393060720866442
            ],
            [
                0.0005828811938714812,
                0.015321791613248599,
                -3.3211476192103865e-17,
                1.8232329525615408e-16,
                -0.3567387975222814,
                0.6793091218100994,
                -1.1892071530577069,
                -1.0292350195753088e-16,
                2.2289508561038363e-17,
                0.12244800862661803,
                -0.3408316697298864
            ],
            [
                0.9955904564035931,
                -0.23958995840060474,
                1.7134997707716534e-17,
                -3.2434798286677035e-18,
                -0.017362944085130633,
                0.021367849754349667,
                -0.020357559206157713,
                -8.838930323375741e-17,
                -1.694756429977301e-17,
                0.028311067530337533,
                0.11625545009695046
            ],
            [
                0.020393287401884962,
                0.5250783760823442,
                -3.2209974585245004e-17,
                -2.7255797302941285e-17,
                0.051204436879803625,
                -0.040519413833959315,
                0.07375642168678712,
                6.913461426728033e-16,
                1.8122001416002762e-16,
                -0.3218990114289801,
                -1.4648270360975513
            ],
            [
                -0.004215874001360644,
                0.5623996603300446,
                -6.839650273311743e-17,
                1.8658820573886053e-16,
                0.05307116420062317,
                -0.11511763315912178,
                0.10325153041452619,
                -6.450644766756e-16,
                -1.7201510078785437e-16,
                0.2928228966581212,
                1.4832052020363171
            ],
            [
                7.386832253700016e-18,
                -2.2018621090488792e-16,
                -0.21253700212889504,
                0.6337559244728499,
                1.7315571384431766e-16,
                -1.5254867951859356e-16,
                -3.014437034672234e-17,
                -0.941008505264747,
                -0.012647259723871634,
                -1.9194394650325945e-15,
                -6.688976003458626e-17
            ],
            [
                9.476612961712957e-18,
                2.244386294701418e-17,
                0.633755924472848,
                0.21253700212889426,
                1.7217453596735327e-16,
                5.083583026589702e-17,
                9.804761962892437e-19,
                0.012647259723871554,
                -0.9410085052647488,
                -3.0117724013237615e-17,
                -1.6041574356935665e-16
            ],
            [
                -0.000492807913515062,
                -0.0027711513694700534,
                -1.7864769652944448e-16,
                2.6781506683772833e-17,
                0.4985113686897539,
                0.3781841819162196,
                0.030206905657627642,
                1.9284227214921617e-15,
                4.219191953486171e-17,
                -0.9494059098042718,
                0.2369937689951887
            ],
            [
                5.803330333651006e-17,
                -1.1820734066244911e-16,
                -0.15305631764345434,
                0.4563927556751313,
                6.265228702920193e-17,
                -1.7917411302182612e-16,
                6.204837550312314e-17,
                1.0490739367201107,
                0.014099671228275221,
                2.1127982528004967e-15,
                9.240695173937366e-17
            ],
            [
                7.674355997221132e-18,
                1.9199978800118374e-18,
                0.45639275567513315,
                0.1530563176434551,
                1.3792735866641465e-16,
                5.0812019954628696e-17,
                -3.047986703226347e-18,
                -0.014099671228275266,
                1.0490739367201105,
                3.823818197660539e-17,
                1.6206093638555396e-16
            ],
            [
                0.00032919186482599646,
                -0.01053976143886785,
                -8.904239267211447e-17,
                -2.2020668953458744e-16,
                0.40489064314097045,
                0.373294402880075,
                -0.16665834101276777,
                -1.942169141298335e-15,
                -5.413116509934548e-17,
                1.0369694832430334,
                -0.3033441424930129
            ]
        ],
        [
            [
                -0.0001167980469089449,
                0.016568976504259664,
                -4.702552094662783e-18,
                6.664929636362799e-17,
                -0.19888893305281474,
                0.29366841825119044,
                1.2949416143730368,
                1.2972691685107139e-16,
                -7.726088692248844e-17,
                0.07123600930109728,
                0.12393064824524375
            ],
            [
                0.0005828815127542806,
                0.01532174825240594,
                3.794514812698183e-17,
                2.1247095622709513e-16,
                -0.35673701814191405,
                0.6793104131855675,
                -1.1892069332468833,
                -3.8633662368067224e-16,
                4.1404387965727086e-16,
                0.12244799872376975,
                -0.34083173077409895
            ],
            [
                0.9955904543995435,
                -0.2395899894385105,
                1.045495243236804e-17,
                1.4413661038212815e-16,
                -0.017362853495584904,
                0.021367900920555755,
                -0.020357552776047897,
                9.47069234249315e-17,
                -8.693366067903023e-17,
                0.02831104790014976,
                0.11625541332514155
            ],
            [
                0.020393296604625608,
                0.5250786519304133,
                2.30368125369498e-17,
                1.118681303420237e-17,
                0.051204334106598595,
                -0.04051953936722149,
                0.07375646356066061,
                -1.0375492350918619e-15,
                1.1749534879165464e-15,
                -0.3218989923953827,
                -1.464826939283903
            ],
