{
    "dist": 1.525,
    "thetas": [
        -0.788287681898749,
        2.8319215077704234,
        1.4576609265440963,
        0.6198895383354297,
        -2.1612986243157413,
        -2.1614501754128375,
        -2.776642555026645,
        2.3007525789727232,
        0.6353243561202211,
        1.3073585636350948,
        -3.012256461474685,
        2.952530678803174,
        2.088798716157191,
        -1.8074266732364683,
        -1.9991526911557285,
        -1.9892281320082241,
        -1.2299822628030639,
        0.15554924748987276,
        -0.427602058948239,
        -1.3117459988749123,
        0.7027924646851598,
        -2.265126877899127,
        -1.3059936903421663,
        -0.8396733026956396,
        -0.27602042971168705,
        1.7918134105853962,
        -1.8870052793034098,
        0.0894376142963571,
        0.5806578612433215,
        -2.8497361028750756,
        0.6757242333299223,
        -2.0701579851181284,
        -2.732861440336058,
        2.8204310122755585,
        2.9256523487662305,
        1.9377176864584964,
        -1.2276478947550764,
        -2.5279006619437125,
        1.1575702452784116,
        -0.3760329720066755
    ],
    "oo": false,
    "mo": [
        [
            [
                7.596900313048536e-05,
                0.030544466226123185,
                -4.629945198595733e-16,
                -2.7641636710967663e-16,
                -0.21773361927703597,
                -0.2659692961437901,
                1.2660277431491513,
                1.8081091100470174e-16,
                -4.8860504421976786e-17,
                0.27477368602923047,
                -0.1326405625556496
            ],
            [
                0.0007168177182412346,
                0.015200712946526793,
                -4.907844937335668e-16,
                -2.813824640696633e-16,
                -0.3006881874573183,
                -0.7951250295347215,
                -1.2315479265184595,
                -1.624876489583001e-16,
                1.4285641322117882e-17,
                -0.061994693193354385,
                -0.29768039048432526
            ],
            [
                0.9955866168549836,
                -0.23860121010854873,
                -4.524338600406055e-17,
                -1.4854416374896828e-17,
                -0.026590908827924854,
                -0.033364370238179224,
                -0.00981664984535534,
                -4.966976092417611e-17,
                -6.752725845373743e-17,
                0.05309052470254394,
                0.1060771105478689
            ],
            [
                0.020499662454214293,
                0.5205763222672951,
                1.8252343976175104e-16,
                6.299557626781256e-17,
                0.07281771731873686,
                0.056115491016383884,
                -0.024601225644379582,
                6.552790008238645e-16,
                2.5213936206351227e-16,
                -0.6256464215667168,
                -1.3834261374640546
            ],
            [
                -0.004409441209519887,
                0.5619178241423666,
                4.245249883565911e-17,
                3.093031065609353e-17,
                0.09175632864675672,
                0.22620344122145417,
                0.266805727440187,
                -6.311548550367665e-16,
                -2.368519253743616e-16,
                0.6075489882733808,
                1.4421942163435442
            ],
            [
                -2.6527358569449643e-17,
                3.421768230439454e-17,
                0.6292675169336889,
                0.2211714988447228,
                -1.4579253278115816e-15,
                8.263681396439556e-17,
                1.73247857222776e-16,
                -0.9346670887384718,
                -0.1182307180792346,
                -3.511040195978104e-16,
                -3.248284674367714e-16
            ],
            [
                -1.0691886602162253e-17,
                4.6030370716257045e-17,
                -0.22117149884472234,
                0.6292675169336881,
                -2.617915099066696e-16,
                -7.224031348582333e-18,
                2.7067513078204598e-17,
                0.11823071807923413,
                -0.9346670887384718,
                -4.06908318004656e-16,
                -1.8572700930302809e-16
            ],
            [
                -0.0007338508404448732,
                -0.010829063789844768,
                9.701745480922907e-16,
                5.158369734814416e-16,
                0.5032981450812302,
                -0.3760461126124296,
                0.17898901116761934,
                1.6496347815419908e-16,
                2.1282030047944727e-16,
                -0.8652605908178734,
                0.43432005208038277
            ],
            [
                -1.6595574697894613e-17,
                3.8786668489343963e-17,
                0.4556533739699243,
                0.16015055117679347,
                -1.0495105393536867e-15,
                -2.840341067903555e-17,
                -1.5243028265825308e-16,
                1.0401422553362507,
                0.13157279980719322,
                3.657825242963716e-16,
                3.7457155469285223e-16
            ],
            [
                -1.256153401465137e-19,
                8.078208052302111e-18,
                -0.1601505511767939,
                0.4556533739699248,
                -1.9496231902793433e-16,
                -1.0523438565314766e-17,
                -1.2777420908630138e-17,
                -0.13157279980719241,
                1.04014225533625,
                1.9856062480178664e-16,
                -3.8054151076902905e-18
            ],
            [
                0.0005469412314295811,
                -0.020344641256477985,
                8.317384815630604e-16,
                5.043120073785416e-16,
                0.3986348904040992,
                -0.4176970896004633,
                -0.23357440550974481,
                -2.602156084714712e-16,
                -2.3898356059461154e-16,
                0.9609490659704333,
                -0.5622018394821169
            ]
        ],
        [
            [
                7.596865094468601e-05,
                0.030543767181491353,
                5.0835949453616725e-17,
                1.8326222408142872e-17,
                -0.21772645188162026,
                -0.26597067342586733,
                -1.2660282610022457,
                -9.021926438582442e-16,
                -1.5726918249136164e-16,
                0.2747761652150481,
                -0.13263964849331555
            ],
            [
                0.0007168193693793664,
                0.015200045712189454,
                3.4658160063462224e-17,
                6.141340197459715e-17,
                -0.3006779100951295,
                -0.7951317097831369,
                1.231546127142214,
                9.737197765642806e-16,
                8.382165509892587e-17,
                -0.06199358427709715,
                -0.29768063731730526
            ],
            [
                0.9955866062325697,
                -0.2386013879291981,
                -2.6647100857912908e-17,
                -4.077799739310944e-17,
                -0.02659054282759517,
                -0.033364379259327316,
                0.009816628183508012,
                7.037788923229066e-18,
                -4.548532794277577e-18,
                0.05308988635345742,
                0.10607722066821824
            ],
            [
                0.020499710072148975,
                0.5205777030726793,
                3.5035097749729524e-17,
                2.2458059228658806e-16,
                0.07281650767348158,
                0.0561163344995769,
                0.024601365380711566,
                -5.710749485576701e-16,
                6.834857859159312e-16,
                -0.6256377324050023,
                -1.3834295737298636
            ],
