{
    "dist": 0.3,
    "thetas": [
        1.0607592975211642,
        -0.9380084697972517,
        2.4699562004424855,
        -1.3946453069212887,
        -2.811806829505575,
        2.6256889639960885,
        -0.17491097986209603,
        -3.1023400166459405,
        -0.07535832863870562,
        2.1433622426575356,
        1.6961668436679096,
        -0.963132038435158,
        -0.8863242082270948,
        1.4280752807055181,
        1.0193758125997254,
        0.6339726059438919,
        1.4093175001577878,
        1.254081355212083,
        -3.0318265567316476,
        1.246513139645585,
        -1.2965252396870526,
        3.045232358412844,
        2.3077423290309644,
        1.5163704326518106,
        -0.9141490480795276,
        -1.282661373371675,
        -2.9821870896762968,
        -2.1355240193390217,
        2.005167089661641,
        -2.1894946755565146,
        1.4193801604722447,
        -3.0798820566823406,
        1.2656368141233738,
        -1.7007790101032148,
        3.072585558811828,
        0.5123593138743661,
        1.6055803129963904,
        -2.9016287942201364,
        -1.6106493757343296,
        -2.3758833491673643
    ],
    "oo": false,
    "mo": [
        [
            [
                -0.004174643316299101,
                0.5198149514222594,
                -0.402401377698166,
                1.5519238707562742e-16,
                -7.393631555228147e-17,
                0.0040756516861132006,
                -1.0093452871455577,
                1.6600979119105124e-17,
                -3.9542436503976107e-17,
                -0.9117414136102688,
                5.102149037096922
            ],
            [
                0.00499030273766656,
                0.08487548169777302,
                -0.05412549125273851,
                -1.218190549942647e-16,
                1.5238180704128768e-16,
                -1.9024084253607605,
                -0.9454013008921979,
                -1.1716501491061624e-16,
                -8.13878612966424e-18,
                -1.527535859048978,
                0.46034360441394334
            ],
            [
                0.995177498592605,
                -0.2519557075176418,
                -0.08198077226451417,
                1.712258492482002e-17,
                -6.631154120224418e-18,
                -0.08020676192170127,
                0.024936621793302638,
                -2.9870295271557388e-18,
                -5.657372787663023e-18,
                0.12184820557881655,
                -0.23446758479203514
            ],
            [
                0.02728933891575522,
                0.41002278775828616,
                0.2842625806357391,
                -3.059809440301216e-17,
                8.681610574776993e-17,
                0.07818760482216629,
                0.15709080921144952,
                -3.334521350518822e-17,
                4.702303400268765e-17,
                -1.3525974479205778,
                -2.33082027279304
            ],
            [
                -0.008784474516304841,
                -0.0018710108379370823,
                0.6565213462707992,
                -2.0820433260041432e-16,
                -6.348666260732345e-17,
                1.3484411288336264,
                1.5778823630639611,
                1.0528625938243053e-16,
                2.5182516523776975e-17,
                3.361980808723655,
                -2.739575104266273
            ],
            [
                4.492164935978823e-19,
                1.949556407504863e-17,
                -2.684974557848653e-16,
                0.20093993988213188,
                0.6759477131994696,
                4.4226343219502417e-17,
                -4.4966810947704706e-17,
                -0.6843841564634914,
                0.6056497875834014,
                2.2383754297038465e-17,
                2.9095942141024935e-19
            ],
            [
                -2.9152705863036193e-19,
                -1.3447095360064367e-17,
                4.4153517059640306e-16,
                0.6759477131994701,
                -0.2009399398821321,
                9.043632751829983e-17,
                -3.903266097447458e-17,
                0.6056497875834009,
                0.6843841564634917,
                -1.2534048647879237e-17,
                -2.6680286829055394e-18
            ],
            [
                -0.00949041173067657,
                -0.3129773677096543,
                0.5907384809503985,
                -1.8344044613671033e-16,
                1.3594764519749424e-16,
                -0.04991886612192926,
                0.49775662597958525,
                -2.3799778461846333e-17,
                6.502881675686788e-17,
                -0.42430860881358523,
                1.5457171965150114
            ],
            [
                -1.8152049454956846e-19,
                9.320367077528716e-18,
                -3.408978818442505e-17,
                0.1252217070675547,
                0.42123694565101283,
                -7.901453746427483e-18,
                2.988694717367867e-17,
                0.79934795117491,
                -0.7073876743961955,
                -1.745632734706803e-17,
                5.541934399886574e-19
            ],
            [
                1.1797143092087316e-19,
                -3.685999733953095e-18,
                2.208157712641709e-16,
                0.4212369456510126,
                -0.12522170706755445,
                -8.806420636053739e-17,
                5.132525579965781e-18,
                -0.7073876743961953,
                -0.7993479511749104,
                2.5514217107835393e-17,
                1.8408738070638803e-18
            ],
            [
                0.0028742264271486625,
                0.08773013660972886,
                0.16322044504153674,
                -1.1919984362624167e-16,
                2.448155721275358e-17,
                -0.06843973671614284,
                -1.484765322576957,
                2.5406907502060836e-17,
                -5.911151877266533e-17,
                -0.345243911096924,
                1.1818124219130801
            ]
        ],
        [
            [
                -0.0041746409066005545,
                0.5198149552333594,
                -0.40240135944614425,
                -4.2246988208810995e-16,
                3.6553211846094663e-16,
                -0.004075749334931634,
                1.0093453060540352,
                1.8784076953845166e-15,
                1.6532899183491862e-16,
                -0.911741568765897,
                5.102149006605581
            ],
            [
                0.004990302194601027,
                0.08487551144650997,
                -0.05412556420609698,
                4.662932395920626e-16,
                3.693499544447019e-16,
                1.9024084099799423,
                0.9454013024344455,
                1.9326291832688445e-15,
                2.2420550675620955e-16,
                -1.5275358801055172,
                0.46034358088167204
            ],
            [
                0.9951774993056678,
                -0.2519556993610759,
                -0.08198076846938462,
                -7.078825961786521e-17,
                1.1012394227449035e-16,
                0.08020677788679255,
                -0.02493663044770722,
                -5.572522897717782e-17,
                -2.8425699624017713e-18,
                0.12184822264831398,
                -0.23446757660492834
            ],
            [
                0.027289333441098674,
                0.410022673187033,
                0.2842625750712427,
                3.1870559473616183e-16,
                -5.231950749225708e-16,
                -0.07818760790612934,
                -0.15709079443329863,
                -2.0394248930656818e-16,
                -8.498258709267997e-17,
                -1.3525974120596496,
                -2.3308203153933973
            ],
            [
