{
    "dist": 0.3,
    "thetas": [
        1.704757879308132,
        -3.011204310279467,
        0.8397366260192594,
        1.563280899135842,
        -0.009380718364163876,
        -1.7291536732871136,
        -1.8971269718342263,
        1.6369627429575306,
        -2.0790379300152217,
        -2.586537231132677,
        1.1646500873100205,
        2.8487544111850127,
        -3.1167849646094092,
        0.07660625016677525,
        1.9642554329689128,
        0.70702212977712,
        1.3933297522764283,
        -1.3076812305427234,
        2.6249522282931705,
        1.3482194095209188,
        0.2673141479915979,
        -2.2483118993788564,
        -0.7958234754631421,
        1.0941137716709264,
        -0.3654729438307087,
        -0.4146023075677032,
        0.7399517487893483,
        0.08255001257991035,
        0.94497336375301,
        0.6348464674842362,
        1.917773905749895,
        0.1360130698619595,
        2.567616643692406,
        -1.1357731497354906,
        -2.5732197993538017,
        -1.2522384758651308,
        -2.425407785880496,
        2.0651656802006935,
        -2.846934388642458,
        0.7934855547557511
    ],
    "oo": false,
    "mo": [
        [
            [
                -0.004174643316296712,
                0.5198149514223321,
                -0.4024013776981717,
                -1.098034685898406e-16,
                -1.2011878424486309e-16,
                0.0040756516861856626,
                -1.0093452871457984,
                -1.8949680183967097e-16,
                -3.846268909128769e-16,
                -0.911741413610057,
                5.102149037096904
            ],
            [
                0.004990302737666136,
                0.08487548169780704,
                -0.05412549125259139,
                -1.5293643919992204e-16,
                -6.040238647499534e-17,
                -1.902408425360734,
                -0.9454013008924624,
                -3.9659802859601177e-16,
                -4.961460996868677e-16,
                -1.5275358590488455,
                0.46034360441397004
            ],
            [
                0.9951774985926062,
                -0.25195570751762697,
                -0.08198077226450275,
                -3.225941040192722e-18,
                -1.9904305184693704e-17,
                -0.08020676192172363,
                0.024936621793299033,
                -6.0405988653268824e-18,
                1.0616991133499213e-17,
                0.12184820557883466,
                -0.23446758479203372
            ],
            [
                0.027289338915747592,
                0.4100227877581489,
                0.28426258063557747,
                -4.3217203513955395e-17,
                3.724354408344729e-17,
                0.0781876048221683,
                0.15709080921139554,
                1.6230008863697884e-17,
                -2.7804732447783024e-17,
                -1.3525974479206948,
                -2.3308202727930207
            ],
            [
                -0.00878447451630314,
                -0.001871010837924506,
                0.6565213462709008,
                3.1730014267854617e-16,
                2.6321544434174246e-16,
                1.3484411288336373,
                1.5778823630645429,
                4.941472192749805e-16,
                7.926024709365512e-16,
                3.3619808087233385,
                -2.739575104266302
            ],
            [
                -1.2303632767205978e-20,
                1.3245417391808152e-17,
                -1.9314853368618718e-16,
                0.5765664070823185,
                0.40602136476209844,
                -2.2303873294832218e-17,
                -1.955632794391161e-16,
                0.0027906764937048467,
                0.9138848674439837,
                2.3222414242850213e-18,
                4.438220638509483e-18
            ],
            [
                -4.592728638799222e-19,
                -7.883111619094473e-18,
                -1.1088836656337266e-16,
                -0.4060213647620984,
                0.5765664070823184,
                -3.879809004548664e-17,
                -1.1238007776119387e-16,
                0.9138848674439839,
                -0.002790676493704812,
                -2.5273827278129163e-17,
                -2.4084072158626342e-18
            ],
            [
                -0.009490411730676048,
                -0.3129773677096869,
                0.5907384809502003,
                3.6010596010634274e-17,
                1.3884610136563497e-16,
                -0.04991886612189774,
                0.4977566259796255,
                9.3069715093557e-17,
                1.234835070454233e-16,
                -0.42430860881368365,
                1.5457171965150425
            ],
            [
                -7.394820262035854e-21,
                -4.151096300477598e-19,
                -1.2794946041676312e-16,
                0.3593045253973665,
                0.25302430383566904,
                1.751519555482943e-17,
                2.377346072700574e-16,
                -0.003259458180857603,
                -1.067400508182053,
                3.89403127419651e-17,
                -2.0321779088491595e-18
            ],
            [
                1.8767746796021228e-19,
                -3.2975516572034954e-18,
                -4.8221635163681315e-17,
                -0.2530243038356692,
                0.3593045253973665,
                1.0241156672988763e-16,
                1.6474474054702334e-16,
                -1.0674005081820535,
                0.0032594581808576724,
                3.036159679216535e-17,
                6.577726558029604e-19
            ],
            [
                0.002874226427149093,
                0.08773013660973272,
                0.16322044504175576,
                4.7729561185777983e-17,
                6.33598473296833e-17,
                -0.0684397367160473,
                -1.4847653225769828,
                -2.477702211961448e-16,
                -4.527856983808403e-16,
                -0.345243911096775,
                1.1818124219130668
            ]
        ],
        [
            [
                -0.004174640906603274,
                0.519814955233296,
                -0.4024013594461298,
                2.349014512422189e-16,
                3.8160658021934607e-17,
                -0.004075749334950323,
                -1.0093453060538309,
                2.655780950553887e-17,
                -2.5426870667980776e-17,
                -0.9117415687659431,
                5.102149006605619
            ],
            [
                0.004990302194601912,
                0.08487551144646091,
                -0.05412556420640639,
                -7.100113846397447e-17,
                -3.361515854857775e-16,
                1.9024084099799377,
                -0.9454013024342652,
                -1.7886528535794235e-16,
                3.87485603011521e-16,
                -1.527535880105618,
                0.46034358088169847
            ],
            [
                0.995177499305667,
                -0.2519556993610954,
                -0.08198076846940007,
                5.231501187913841e-17,
                2.3461232824803417e-17,
                0.0802067778867567,
                0.024936630447705586,
                -4.379928151841768e-18,
                1.2745553757155375e-17,
                0.12184822264828397,
                -0.23446757660493342
            ],
            [
                0.027289333441104586,
                0.41002267318720487,
                0.2842625750714204,
                -2.427202702596943e-16,
                -2.0305816069511546e-16,
                -0.07818760790607074,
                0.15709079443332188,
                -3.011625195950811e-17,
                -8.077878625767342e-17,
                -1.352597412059588,
                -2.3308203153933804
            ],
            [
