{
    "dist": 0.825,
    "thetas": [
        -1.2505772065726115,
        -1.5892573810424488,
        2.678742656538237,
        2.4605169696278546,
        1.151561845422318,
        0.42024870984405016,
        0.2950953286817728,
        -1.819460699037379,
        1.6949173110487727,
        2.489587148595139,
        1.3926708920249595,
        -0.007663287536284535,
        -0.3630877934619958,
        1.900227048743333,
        2.166638993680615,
        -1.7018748543102284,
        2.9038843056064927,
        -2.77139783336574,
        -1.3204875036640336,
        -1.1802075024498442,
        1.268614493515388,
        1.3044449462369565,
        2.7836318370578113,
        0.6684251508296,
        -0.9096337654423947,
        -0.4976330838188763,
        2.554112145376455,
        -1.5586760466297462,
        -1.2382874039468406,
        -2.6637713125372455,
        -1.5614152906569299,
        2.5800995086330216,
        2.1591747296674244,
        0.8620180788284371,
        3.0794339883431086,
        2.7640959639582094,
        2.2301402312698464,
        2.6461352571082326,
        1.04148016903377,
        -0.6719528336182714
    ],
    "oo": false,
    "mo": [
        [
            [
                0.00014633261407024162,
                0.16933431370279556,
                -0.30897474571020256,
                -1.7840929984789097e-17,
                -4.760256987231016e-17,
                -0.5282126611172671,
                3.025271954537385e-17,
                1.518676221886711e-16,
                -0.04132069752677573,
                1.1470075996703113,
                -1.060372971459292
            ],
            [
                0.0021128684896643303,
                -0.020450794748065697,
                -0.079682392613291,
                5.3146301846373586e-17,
                -3.27347978848704e-16,
                -0.1304848866478236,
                2.2198733804591876e-17,
                -8.87317892766419e-18,
                -0.17703555239039875,
                -1.4401755464642665,
                -1.0637450777663886
            ],
            [
                0.9954787233465389,
                -0.22787059140134266,
                -0.06988932381653669,
                1.2560766718224793e-17,
                -1.9167773145581803e-16,
                -0.07122865978368487,
                -9.02776776226744e-17,
                9.598798663971244e-17,
                0.10768220783975573,
                0.002206769595092839,
                -0.01973195671912984
            ],
            [
                0.021627989423471286,
                0.49315796305779275,
                0.14928765207440603,
                -3.3963977722115054e-17,
                2.4970697818284206e-16,
                0.5139584989788023,
                3.0652909675460054e-16,
                -2.0041988703887896e-16,
                -1.3875722204472904,
                -0.16788431497605405,
                -0.7057086842479428
            ],
            [
                -0.00618254977835648,
                0.5010268348477924,
                0.293626193525266,
                -2.35681941730392e-18,
                8.892192327249616e-17,
                -0.14597920291542305,
                -3.2721835954485055e-16,
                1.3312137832040573e-16,
                1.471085763798406,
                0.4568721140524537,
                1.8354234468607957
            ],
            [
                8.857812228418645e-17,
                2.442878190776671e-18,
                -3.534438213859318e-16,
                -0.2886511179427823,
                0.5939983544480819,
                -5.385150024432938e-17,
                -0.042816171369508736,
                -0.9457741652900566,
                6.578117059339194e-17,
                5.1863423103043166e-17,
                4.5492285039826076e-17
            ],
            [
                1.0409313047701126e-16,
                4.3239431977849876e-18,
                -1.444673513320981e-16,
                0.5939983544480814,
                0.28865111794278275,
                -1.7669466539607576e-16,
                0.9457741652900552,
                -0.04281617136950862,
                2.974874545970336e-16,
                2.6265408321370144e-18,
                3.9471618920482587e-17
            ],
            [
                -0.0016462574840570205,
                -0.11113354223310158,
                0.5582747320924434,
                -3.935068055379125e-17,
                2.013943191841181e-16,
                -0.8670560165716992,
                -1.7757229704775733e-16,
                9.108009991494539e-17,
                -0.39550372421257074,
                0.086005049476581,
                0.3715932162127837
            ],
            [
                -6.057784283852242e-17,
                -3.459051147607108e-18,
                -2.692366736906005e-16,
                -0.21428647982131996,
                0.4409676889578763,
                1.0021016504487588e-16,
                0.047261539422444016,
                1.0439687054648004,
                -1.1661187598160025e-16,
                -8.041547136118144e-17,
                7.180316232553178e-18
            ],
            [
                -1.0178993267745696e-16,
                1.5631916177505893e-18,
                -9.139926226815886e-17,
                0.44096768895787536,
                0.21428647982132,
                1.7469301491428958e-16,
                -1.0439687054647988,
                0.04726153942244399,
                -3.4007829135656954e-16,
                3.34067478943407e-18,
                -8.00111518681158e-17
            ],
            [
                0.0014584555729096488,
                -0.04133698348693709,
                0.3243621259337402,
                4.171025943747325e-18,
                2.0295549120261029e-16,
                0.3666191344747021,
                1.8825781217377232e-16,
                6.029345189664648e-17,
                0.3786753285042984,
                0.2193581603284841,
                -1.565095163084963
            ]
        ],
        [
            [
                0.00014633261407024162,
                0.16933431370279556,
                -0.30897474571020256,
                -1.7840929984789097e-17,
                -4.760256987231016e-17,
                0.5282126611172656,
                4.608922052978514e-16,
                1.1874315957686217e-16,
                -0.04132069752677334,
                1.1470075996703055,
                -1.0603729714592982
            ],
            [
                0.0021128684896643303,
                -0.020450794748065697,
                -0.079682392613291,
                5.3146301846373586e-17,
                -3.27347978848704e-16,
                0.1304848866478215,
                3.114435349240967e-16,
                -1.7939838513568384e-17,
                -0.17703555239039884,
                -1.440175546464271,
                -1.063745077766382
            ],
            [
                0.9954787233465389,
                -0.22787059140134266,
                -0.06988932381653669,
                1.2560766718224793e-17,
                -1.9167773145581803e-16,
                0.0712286597836843,
                -3.353701117497533e-16,
                2.952535054372269e-17,
                0.10768220783975599,
                0.002206769595092638,
                -0.019731956719129997
            ],
            [
                0.021627989423471286,
                0.49315796305779275,
                0.14928765207440603,
                -3.3963977722115054e-17,
                2.4970697818284206e-16,
                -0.5139584989787968,
                5.562436165436852e-15,
                -1.5577912956610476e-16,
                -1.387572220447293,
                -0.16788431497605644,
                -0.705708684247941
            ],
            [
