{
    "dist": 0.975,
    "thetas": [
        2.830292529664302,
        -1.3161554982377885,
        2.3138906146080664,
        1.7926006138769264,
        -0.8056669505775651,
        -0.6842470368635021,
        1.988065916926888,
        1.0279108726635657,
        2.2478519852938046,
        1.5172433989400274,
        1.0390654303130313,
        1.2173868599350657,
        -1.6681467403549353,
        2.736038079650694,
        1.2281751786387307,
        0.5880475170514226,
        0.5792178168397495,
        2.3186216093984537,
        2.544651754696443,
        0.20810838014218325,
        -2.84414722614307,
        1.0486728991472214,
        1.7496481108822177,
        3.04237855011527,
        -2.9373252832894425,
        -2.120084351655082,
        2.2498224214658036,
        -0.8067266665731956,
        2.664372052366776,
        1.9546659025502526,
        0.47498217055780456,
        0.4534616092773205,
        2.9644732223995502,
        1.4515888763411802,
        -1.8121575832237378,
        -1.8345214820930618,
        1.3253969360738322,
        -2.4090702818534,
        -2.269592057169401,
        -2.3406893074721826
    ],
    "oo": false,
    "mo": [
        [
            [
                0.00035046267173423964,
                0.11332682694857171,
                -0.28326848592585924,
                -6.320728615612679e-17,
                -3.4021280046522584e-16,
                0.1200652917254286,
                1.3405197477894155,
                -4.099042744650702e-16,
                2.386995105188647e-16,
                0.392797764444618,
                -0.4967007194595821
            ],
            [
                0.0015761128550629624,
                -0.009060398369805354,
                -0.1279417333103381,
                -2.412593710828927e-17,
                -2.1378097923993e-16,
                1.2890898546701888,
                -0.9209278880614052,
                -4.1852274045059545e-17,
                -9.210297888655635e-17,
                -0.01269935651536329,
                -0.5724169624793636
            ],
            [
                0.9955293844668801,
                -0.2319700643088942,
                -0.05697039595838286,
                -9.312274267061048e-18,
                -1.1468746344750096e-17,
                0.06078528151596764,
                0.02967585202193519,
                -1.7511842123732696e-16,
                5.65732855499671e-17,
                0.06643036485657539,
                0.08536622442069068
            ],
            [
                0.021225607122424415,
                0.49997991615852255,
                0.12976212618184213,
                1.0039142176581087e-16,
                1.3230234301801537e-17,
                -0.07947524658643935,
                -0.12244910836818129,
                7.085752376874915e-16,
                -5.41427916794406e-16,
                -0.651544489905328,
                -1.4657974082938512
            ],
            [
                -0.005604048840010962,
                0.54068613998692,
                0.21848226329639467,
                -6.094995136402862e-17,
                3.9840970237111275e-16,
                -0.6667893846208617,
                0.10562006125572469,
                -5.239900774339937e-16,
                4.600010349719645e-16,
                0.5044983702248547,
                1.8981402830768086
            ],
            [
                -7.978848691526234e-17,
                1.5339369903011224e-17,
                -5.608993424319266e-16,
                0.1233565090727235,
                0.6492810061431451,
                2.2221467839600325e-17,
                -3.0755981198480754e-17,
                -0.46810847818921814,
                -0.8225371168622132,
                3.773553355074766e-18,
                1.4625824128547005e-16
            ],
            [
                -1.3299445762631567e-16,
                2.862653748678175e-18,
                1.0590491149126626e-16,
                0.6492810061431451,
                -0.12335650907272339,
                2.174375054370538e-18,
                6.96236797847626e-18,
                -0.822537116862214,
                0.4681084781892183,
                -1.4711509348942663e-15,
                -2.0882846579983e-17
            ],
            [
                -0.0014017680036958339,
                -0.07022984970054726,
                0.5418581276557443,
                1.2074444463822889e-16,
                4.642541798237001e-16,
                0.28856338996438397,
                0.39006614015320823,
                8.813981469588781e-16,
                -4.680761583539472e-16,
                -0.8139175901506541,
                0.4349936970035881
            ],
            [
                6.592337471470171e-17,
                5.235892745005688e-18,
                -3.904519195113943e-16,
                0.09141230030907113,
                0.48114421172167443,
                1.0704466453250628e-16,
                -1.152313632052803e-17,
                0.517012966199983,
                0.9084696697730307,
                -1.2778993115560155e-17,
                -4.860576926497018e-17
            ],
            [
                1.4739168275216277e-16,
                -1.4005860596010325e-18,
                7.355224149833263e-17,
                0.4811442117216749,
                -0.0914123003090713,
                2.250543279464528e-18,
                -1.5722073410909637e-17,
                0.9084696697730309,
                -0.5170129661999832,
                1.3651770762238642e-15,
                1.7827023093879044e-17
            ],
            [
                0.0013308331416718735,
                -0.04751387713230105,
                0.3621489585354629,
                -1.7112910934305505e-16,
                2.1892133654638093e-16,
                0.46062975152056046,
                0.18014847643287474,
                -1.2211238324901952e-15,
                6.229596120676753e-16,
                1.100691278493435,
                -0.92596952035603
            ]
        ],
        [
            [
                0.00035046294068958396,
                0.1133268123394499,
                -0.28326849967337775,
                -1.913645338035667e-16,
                1.9008118988094427e-18,
                0.12006550907884064,
                1.3405195673691486,
                -5.303597635754325e-16,
                -1.5131215634666358e-16,
                0.3927979201065198,
                -0.49670102623960094
            ],
            [
                0.0015761140432942642,
                -0.009060573698543887,
                -0.12794133973705957,
                -2.8112973559271364e-16,
                -9.945565626948773e-17,
                1.2890897380333572,
                -0.9209281555069415,
                2.6162905680011476e-16,
                -5.075407163547518e-16,
                -0.012699547316459277,
                -0.5724168758259596
            ],
            [
                0.9955293812542085,
                -0.23197013372729494,
                -0.056970363962818495,
                -3.083064492863391e-18,
                -1.5578133349899208e-17,
                0.06078524699091717,
                0.029675849486890983,
                -1.2039235748526668e-16,
                8.70873408538226e-17,
                0.066430334309667,
                0.08536614384080325
            ],
            [
                0.02122562314925286,
                0.4999804874524371,
                0.12976222535059342,
                1.3936669730094726e-16,
                1.0707628719979929e-16,
                -0.07947522729023432,
                -0.12244926180054297,
                1.2781247569439046e-15,
                -2.970272341673057e-16,
                -0.6515446042732105,
                -1.4657971418081284
            ],
            [
