{
    "dist": 1.4,
    "thetas": [
        1.704757879308132,
        -3.011204310279467,
        0.8397366260192594,
        1.563280899135842,
        -0.009380718364163876,
        -1.7291536732871136,
        -1.8971269718342263,
        1.6369627429575306,
        -2.0790379300152217,
        -2.586537231132677,
        1.1646500873100205,
        2.8487544111850127,
        -3.1167849646094092,
        0.07660625016677525,
        1.9642554329689128,
        0.70702212977712,
        1.3933297522764283,
        -1.3076812305427234,
        2.6249522282931705,
        1.3482194095209188,
        0.2673141479915979,
        -2.2483118993788564,
        -0.7958234754631421,
        1.0941137716709264,
        -0.3654729438307087,
        -0.4146023075677032,
        0.7399517487893483,
        0.08255001257991035,
        0.94497336375301,
        0.6348464674842362,
        1.917773905749895,
        0.1360130698619595,
        2.567616643692406,
        -1.1357731497354906,
        -2.5732197993538017,
        -1.2522384758651308,
        -2.425407785880496,
        2.0651656802006935,
        -2.846934388642458,
        0.7934855547557511
    ],
    "oo": false,
    "mo": [
        [
            [
                0.00017433756495443644,
                0.03974764487304052,
                3.2071462475761356e-16,
                -7.53198575456521e-15,
                -0.2280563439054867,
                0.2479637739111294,
                1.248975476368892,
                6.975957786143854e-16,
                -1.216175758529878e-16,
                0.30171524129772176,
                -0.25617108001594885
            ],
            [
                0.0007981308086457351,
                0.013633065637914254,
                4.338733108363037e-16,
                -8.639949641025667e-15,
                -0.270415474017686,
                0.8681847590710513,
                -1.2198267319354517,
                -2.474896050792544e-17,
                1.667608285557489e-16,
                -0.1068660124133165,
                -0.2862112851090044
            ],
            [
                0.995581894396028,
                -0.2378770218241355,
                3.727998457564744e-17,
                -9.650900994194933e-16,
                -0.031495655210997654,
                0.03926992607342357,
                -0.0034418873095293213,
                2.3733227566542356e-17,
                -4.217261399808191e-17,
                0.06399178345305524,
                0.0985250991865287
            ],
            [
                0.020583116853844206,
                0.517510657087707,
                -2.7371845937959523e-17,
                2.606460928204568e-15,
                0.08355193939640829,
                -0.0626363439431686,
                -0.058259696036705506,
                -6.744074207112664e-16,
                5.978759106988797e-16,
                -0.7513079219093898,
                -1.3314259075105104
            ],
            [
                -0.004545983369361387,
                0.5614425750750889,
                -2.756235371229649e-16,
                4.0399631755469635e-15,
                0.1108657650828856,
                -0.29316967214467954,
                0.308600585706311,
                5.942094759419803e-16,
                -6.397700457604579e-16,
                0.7344365114597697,
                1.4217229621995942
            ],
            [
                -1.651260033122456e-16,
                -1.9569245355804843e-16,
                0.05473068091541468,
                0.6636660830736105,
                -2.3555194596273345e-14,
                -8.964392118597701e-16,
                -2.875255422599345e-18,
                -0.8880617840779721,
                -0.3168180229122194,
                1.3757537926917847e-15,
                -3.5748102050802825e-16
            ],
            [
                3.96545777054551e-17,
                3.051067583476924e-18,
                0.6636660830736085,
                -0.054730680915415456,
                2.894804906692769e-15,
                6.240324239896023e-17,
                -5.563697576405466e-18,
                0.31681802291221955,
                -0.8880617840779732,
                -1.073217351334267e-15,
                -3.679253012871152e-17
            ],
            [
                -0.000859402368964892,
                -0.0169800274765492,
                -7.212247380701683e-16,
                1.9166282372403098e-14,
                0.5079339740849319,
                0.37011303623507646,
                0.2276685931438725,
                -1.2210405227737607e-15,
                3.8647450542922117e-16,
                -0.8153556372230314,
                0.5107360091880083
            ],
            [
                1.1091461504624273e-19,
                -6.51953913312583e-17,
                0.039794305731293805,
                0.4825470937249548,
                -1.7475463501960586e-14,
                -1.0847177414527747e-15,
                -2.2795470786462233e-16,
                0.9869490545714125,
                0.3520962772979146,
                -1.3071931685152518e-15,
                2.36018691824988e-16
            ],
            [
                -2.25762974152118e-17,
                2.0053943184536506e-17,
                0.48254709372495674,
                -0.03979430573129318,
                2.1659046993447657e-15,
                7.549703013590616e-17,
                6.371777203407635e-17,
                -0.35209627729791476,
                0.9869490545714115,
                1.0487785488764786e-15,
                5.3595965396666513e-17
            ],
            [
                0.0006790032217090636,
                -0.02620607811877896,
                -6.00444929597293e-16,
                1.445121832067015e-14,
                0.3963940736133581,
                0.4371195816122098,
                -0.20805157199520866,
                1.905720557348876e-15,
                -2.998021343980958e-16,
                0.9219603576312484,
                -0.6901933964884018
            ]
        ],
        [
            [
                0.0001743375576804692,
                0.03974736562989451,
                1.544014233797672e-17,
                -2.3387310708881566e-15,
                -0.22805380947538148,
                0.24796422059709172,
                1.248975613146736,
                3.483613501438563e-17,
                -4.767825537501066e-16,
                0.3017163732618947,
                -0.2561709471483313
            ],
            [
                0.00079813123818931,
                0.013632844393265965,
                2.5443633950455496e-18,
                -2.6011500852373987e-15,
                -0.2704120065473148,
                0.8681867917056092,
                -1.2198260579753855,
                -7.930317464331988e-17,
                1.2547988187486813e-16,
                -0.10686580430217606,
                -0.28621135609627507
            ],
            [
                0.9955818913349214,
                -0.23787706788449897,
                6.077538083348359e-17,
                -3.607637375058602e-16,
                -0.031495487669492214,
                0.03926995842982647,
                -0.0034418805006735586,
                1.5993965811228273e-17,
                -6.6446148640131085e-18,
                0.06399162159187342,
                0.09852516493897878
            ],
            [
                0.020583130281872405,
                0.5175109443435089,
                -4.748022284527741e-17,
                1.1219297945618683e-15,
                0.0835514240207209,
                -0.06263668730174242,
                -0.058259781082464705,
                -3.34780879798616e-16,
                7.365068765037449e-16,
                -0.751305493048611,
                -1.3314271786914165
            ],
            [
