{
    "dist": 1.1,
    "thetas": [
        -1.2505772065726115,
        -1.5892573810424488,
        2.678742656538237,
        2.4605169696278546,
        1.151561845422318,
        0.42024870984405016,
        0.2950953286817728,
        -1.819460699037379,
        1.6949173110487727,
        2.489587148595139,
        1.3926708920249595,
        -0.007663287536284535,
        -0.3630877934619958,
        1.900227048743333,
        2.166638993680615,
        -1.7018748543102284,
        2.9038843056064927,
        -2.77139783336574,
        -1.3204875036640336,
        -1.1802075024498442,
        1.268614493515388,
        1.3044449462369565,
        2.7836318370578113,
        0.6684251508296,
        -0.9096337654423947,
        -0.4976330838188763,
        2.554112145376455,
        -1.5586760466297462,
        -1.2382874039468406,
        -2.6637713125372455,
        -1.5614152906569299,
        2.5800995086330216,
        2.1591747296674244,
        0.8620180788284371,
        3.0794339883431086,
        2.7640959639582094,
        2.2301402312698464,
        2.6461352571082326,
        1.04148016903377,
        -0.6719528336182714
    ],
    "oo": false,
    "mo": [
        [
            [
                0.00036599078060573707,
                0.08159455183986315,
                -0.2637485164348004,
                2.461983157031138e-17,
                4.002912921938655e-17,
                -0.43067844646574094,
                2.9755051817634265e-16,
                8.371643730770206e-17,
                0.045854939767237965,
                0.30686280546327377,
                -1.3034438717218415
            ],
            [
                0.0012327575842648935,
                0.0008546901854008188,
                -0.173647586599365,
                4.410705516471923e-18,
                5.3283567512878806e-17,
                -0.279438519641346,
                8.088179423565079e-16,
                2.684199656157e-16,
                0.21165206605210324,
                -1.4973226694129764,
                0.5132379414694034
            ],
            [
                0.9955542635134677,
                -0.23448101965143275,
                -0.047807316896943515,
                -1.876889087691012e-17,
                7.076965874405205e-18,
                -0.05716615086403033,
                -4.626642929383125e-16,
                -1.1585846143052816e-16,
                -0.11196106260736724,
                -0.00519304637699766,
                0.0010959185966674398
            ],
            [
                0.020967460053601967,
                0.5060079081011438,
                0.1149135136220081,
                1.7416906115574177e-16,
                -5.978351353597755e-17,
                0.33295900411381335,
                5.996718203104657e-15,
                1.531311391783585e-15,
                1.4494459961805697,
                -0.4246396043893967,
                -0.3263379155172123
            ],
            [
                -0.005178659120355746,
                0.5539305347863128,
                0.1753516100173512,
                -1.6354024147397156e-16,
                2.682946798957936e-17,
                -0.04515990181575943,
                -6.288893244719794e-15,
                -1.6353212834207246e-15,
                -1.520744769664852,
                1.0388921196008185,
                0.4344512133369944
            ],
            [
                1.053866028210099e-17,
                -2.357262219443343e-18,
                -4.790502592047184e-17,
                0.4987653525260431,
                0.4357261675340597,
                8.214243483996818e-17,
                0.5628743100756068,
                -0.7596208596004032,
                -1.9641423074174548e-15,
                -6.682153036748982e-17,
                -2.576382889088994e-17
            ],
            [
                -1.2209923379041354e-17,
                -2.8851480805596264e-18,
                1.0494622378237362e-16,
                -0.4357261675340585,
                0.4987653525260425,
                1.1740755972347267e-17,
                0.7596208596004025,
                0.5628743100756068,
                -4.199713602171092e-15,
                -3.183861716184694e-17,
                1.7502325462970504e-17
            ],
            [
                -0.0012296564575632067,
                -0.04685232640353674,
                0.5288962926827196,
                2.4398861540493213e-17,
                -1.0421782848380785e-16,
                -0.8247495425543762,
                1.2397200223877837e-15,
                1.6753547252574964e-16,
                0.29235869240913503,
                0.4241182767938137,
                0.4011293738862958
            ],
            [
                1.9372777046548147e-18,
                -2.02788872693084e-18,
                -3.380452499762478e-17,
                0.36767056463841835,
                0.32120051088876866,
                -8.928220736775292e-17,
                -0.6227476130092087,
                0.8404222197396298,
                2.056813662085785e-15,
                1.1044349716291885e-16,
                5.843867995688201e-17
            ],
            [
                -1.8299703658606758e-17,
                -2.128736583179244e-20,
                7.401262107647216e-17,
                -0.32120051088876855,
                0.3676705646384187,
                6.420602069506469e-17,
                -0.8404222197396288,
                -0.6227476130092086,
                4.9608056568858345e-15,
                -4.0590666801036304e-17,
                -1.1572440308056202e-16
            ],
            [
                0.0011342372992740964,
                -0.0433711046500164,
                0.38059410798014076,
                1.768407463971731e-16,
                7.500132282542816e-17,
                0.2530863150295174,
                -1.0393434339840813e-15,
                -9.210216961398942e-17,
                -0.2542711645235042,
                -0.9612577893358449,
                -0.9735743430821859
            ]
        ],
        [
            [
                0.00036599078060573707,
                0.08159455183986315,
                -0.2637485164348004,
                2.461983157031138e-17,
                4.002912921938655e-17,
                -0.43067844646573966,
                1.9551274990911163e-16,
                -5.246608512790724e-17,
                0.04585493976725141,
                0.3068628054610384,
                -1.303443871722367
            ],
            [
                0.0012327575842648935,
                0.0008546901854008188,
                -0.173647586599365,
                4.410705516471923e-18,
                5.3283567512878806e-17,
                -0.27943851964134425,
                7.723335069254332e-16,
                -8.614766081198127e-17,
                0.21165206605207845,
                -1.4973226694120996,
                0.5132379414719709
            ],
            [
                0.9955542635134677,
                -0.23448101965143275,
                -0.047807316896943515,
                -1.876889087691012e-17,
                7.076965874405205e-18,
                -0.05716615086403118,
                -4.1036958985766215e-16,
                7.404982148589458e-19,
                -0.11196106260736685,
                -0.0051930463769939705,
                0.0010959185966759224
            ],
            [
                0.020967460053601967,
                0.5060079081011438,
                0.1149135136220081,
                1.7416906115574177e-16,
                -5.978351353597755e-17,
                0.33295900411382423,
                5.305516152859296e-15,
                -4.764424743713266e-17,
                1.4494459961805604,
                -0.42463960438997955,
                -0.32633791551647917
            ],
            [
