{
    "dist": 0.8,
    "thetas": [
        1.704757879308132,
        -3.011204310279467,
        0.8397366260192594,
        1.563280899135842,
        -0.009380718364163876,
        -1.7291536732871136,
        -1.8971269718342263,
        1.6369627429575306,
        -2.0790379300152217,
        -2.586537231132677
    ],
    "oo": false,
    "mo": [
        [
            [
                0.31729285049993583,
                0.13421349535752183,
                0.7924175374860338,
                -1.0780217086293304
            ],
            [
                0.28655772102707255,
                1.5741350888620367,
                -0.6898830311482739,
                1.3070869833716168
            ],
            [
                0.317292850499936,
                -0.13421349535752217,
                0.7924175374860359,
                1.0780217086293293
            ],
            [
                0.2865577210270716,
                -1.5741350888620365,
                -0.6898830311482751,
                -1.3070869833716159
            ]
        ],
        [
            [
                0.3172928618684469,
                -0.13421349902002858,
                0.7924175329339562,
                -1.0780217081733487
            ],
            [
                0.28655771112958534,
                -1.574135084421297,
                -0.6898830352594093,
                1.307086988719634
            ],
            [
                0.3172928618684474,
                0.1342134990200283,
                0.7924175329339561,
                1.078021708173348
            ],
            [
                0.2865577111295832,
                1.5741350844212976,
                -0.6898830352594085,
                -1.3070869887196335
            ]
        ]
    ],
    "iterations": 61,
    "final_energy": -1.797642,
    "iter_energies": [
        -1.784816117439836,
        -1.7849252320899922,
        -1.7851280463838164,
        -1.7853681602359803,
        -1.7854620694016263,
        -1.7855138979809886,
        -1.7855866171887331,
        -1.785713292089721,
        -1.7859293939298038,
        -1.7860820438355711,
        -1.7863372480080186,
        -1.7868019807675175,
        -1.7876249798620651,
        -1.7888175521067753,
        -1.789680972973617,
        -1.7912496951123538,
        -1.7940159824503037,
        -1.7973299547004955,
        -1.7975008464621731,
        -1.797600958323532,
        -1.7976079940210057,
        -1.7976131070609749,
        -1.797621228871559,
        -1.797632502994652,
        -1.7976384889934378,
        -1.7976401811386227,
        -1.7976403214803423,
        -1.7976403363613054,
        -1.7976403536414074,
        -1.7976403828532888,
        -1.7976404282636538,
        -1.7976404660837095,
        -1.7976404746401715,
        -1.797640476426221,
        -1.7976404765165879,
        -1.7976404765947618,
        -1.7976404767367737,
        -1.7976404770017171,
        -1.7976404774989558,
        -1.7976404784274373,
        -1.7976404801372734,
        -1.797640483214472,
        -1.7976404885792994,
        -1.7976404976239932,
        -1.7976405126614798,
        -1.79764053818801,
        -1.797640582887927,
        -1.7976406623876193,
        -1.7976408011458012,
        -1.7976410061513053,
        -1.797641241267731,
        -1.7976415985186869,
        -1.7976417483753118,
        -1.7976417600443344,
        -1.7976417793586839,
        -1.7976418019290836,
        -1.7976418317490115,
        -1.7976418416532376,
        -1.797641843137496,
        -1.7976418432849282,
        -1.7976418432944998
    ],
    "function_evaluations": 68,
    "gradient_evaluations": 68
}