{
    "dist": 1.95,
    "thetas": [
        0.9725849013986938,
        3.0287421515471404,
        -0.6289173301713022,
        2.16237457127599,
        -0.22718521280628412,
        0.2817572965695807,
        0.7507014191504124,
        -1.056600618389329,
        3.0221833115836887,
        -1.5016108035144697,
        2.7646484878048208,
        -2.8589964351740242,
        -0.5016555425818261,
        2.0733586813341685,
        0.5071355655896048,
        -2.4133419417808275,
        -2.4599761845258357,
        2.4611239750855427,
        -0.34992760330396155,
        0.24580324287761357,
        0.5581641695536286,
        0.24721344885994823,
        -2.6389742316536102,
        -0.9006083675731262,
        -1.1873121949029048,
        2.2458890663324613,
        2.055962515189252,
        -0.019834208791557284,
        1.9019236771753105,
        -0.12214653947925536,
        -1.9160646725362525,
        2.1694379634766676,
        -1.2133649235615256,
        -1.4492425834009157,
        2.2046696769441416,
        -0.22458344705123823,
        0.5066684200980132,
        2.926807060814026,
        -1.3461152645169567,
        2.3256045348177192
    ],
    "oo": false,
    "mo": [
        [
            [
                -0.00014835667092331104,
                0.013852681535832016,
                -2.3188816226176257e-17,
                5.809101376195705e-17,
                -0.19468253230435134,
                0.29878538818781836,
                1.2922754232171527,
                -1.3142278063618427e-17,
                -1.5478271600467415e-16,
                0.00317700532956089,
                0.16446820835809703
            ],
            [
                0.0005427802102509149,
                0.014937927855696483,
                -3.15452285247795e-17,
                5.639560803388969e-17,
                -0.36912102408459807,
                0.6581320543224032,
                -1.1669322249793963,
                -5.239911580846841e-16,
                4.768867407812603e-16,
                0.1645249741349233,
                -0.34152156835930925
            ],
            [
                0.9955902119162291,
                -0.23974736331178753,
                3.4063411929615286e-18,
                1.39409771012871e-16,
                -0.015276891791929549,
                0.018559903246503466,
                -0.02162882228951855,
                -9.866756264732727e-17,
                -6.113326285198416e-17,
                0.02669451134835747,
                0.11683700266048408
            ],
            [
                0.020377224234781728,
                0.5257782999874487,
                -3.8865549320731877e-17,
                -1.1964955625683633e-16,
                0.046120978435417986,
                -0.036289185981997596,
                0.09632659731686712,
                7.958597191159849e-16,
                8.023370851352331e-16,
                -0.30085046859510567,
                -1.4644723376813569
            ],
            [
                -0.00417965713479963,
                0.5625558844751806,
                -6.706988824753164e-17,
                -4.367078598275846e-17,
                0.04379962025905686,
                -0.09345800350583401,
                0.058153265856585534,
                -6.628477952304089e-16,
                -8.180434825809564e-16,
                0.2709958571097294,
                1.4741095995359057
            ],
            [
                -6.82266107745001e-17,
                7.371228163148581e-18,
                0.5883520174867674,
                0.3175260212084934,
                4.3851916962304536e-16,
                2.1714608961247593e-16,
                -7.153929417809482e-18,
                -0.5261726435051355,
                -0.7801519004905793,
                -7.806254009553994e-16,
                -5.596166119095051e-16
            ],
            [
                -1.494626512752073e-16,
                2.3913636671526412e-17,
                -0.3175260212084935,
                0.5883520174867681,
                3.8109494039868926e-16,
                1.198236845074289e-16,
                -2.264349620265558e-18,
                -0.780151900490579,
                0.5261726435051356,
                -3.1798793439561686e-15,
                6.100498593954515e-16
            ],
            [
                -0.0004379268693650281,
                -0.0016371584517868758,
                -2.3431712359840007e-16,
                -5.273840690204082e-16,
                0.4983982525137538,
                0.37699251492747876,
                -0.012986809591923986,
                2.8579119818511844e-15,
                -1.1743521638811486e-15,
                -0.9534609531169802,
                0.21864758716577545
            ],
            [
                3.142603545625815e-17,
                3.011336329853619e-17,
                0.42349954476288043,
                0.22855726067972548,
                3.3244440963854303e-16,
                1.779405023070669e-16,
                4.298831014991731e-17,
                0.5866868012284284,
                0.8698757501379488,
                8.692448612898542e-16,
                5.869106642478368e-16
            ],
            [
                2.7066855162223188e-17,
                1.1721685521398952e-17,
                -0.22855726067972534,
                0.4234995447628796,
                3.1738102659614645e-16,
                1.2438772692230086e-16,
                5.616567423314208e-18,
                0.8698757501379488,
                -0.586686801228429,
                3.245494545230606e-15,
                -5.493592687816166e-16
            ],
            [
                0.0002837229877784996,
                -0.008733846239740984,
                -2.300871600335907e-16,
                -5.385241201902157e-16,
                0.407464811572372,
                0.3623616253143995,
                -0.12773929130082196,
                -3.2020101494713178e-15,
                1.3428163975567797e-15,
                1.0400365248914345,
                -0.27734549868793734
            ]
        ],
        [
            [
                -0.00014835671933381133,
                0.01385271865053644,
                7.813105818970711e-17,
                -9.352519975909516e-17,
                -0.1946823727772066,
                0.29878537793410875,
                1.2922754527651523,
                -7.199463505208578e-17,
                -6.8098650184667e-17,
                0.003177393241425381,
                0.1644681730322454
            ],
            [
                0.0005427802794459686,
                0.01493802073971077,
                1.5530128119513953e-16,
                -1.6648871552817477e-16,
                -0.3691209234706805,
                0.6581322068485927,
                -1.166932191764011,
                2.5181650962528595e-16,
                6.301648748595276e-17,
                0.16452425842625087,
                -0.34152183739223263
            ],
            [
                0.9955902118814022,
                -0.23974735796780508,
                1.760765946544873e-18,
                -1.4961464564313067e-18,
                -0.015276763292036533,
                0.018560027121202232,
                -0.021628823743537178,
                -2.5758153283044216e-17,
                -4.9885449832957004e-17,
                0.026694672403610085,
                0.11683697398023668
            ],
            [
                0.020377224383600637,
                0.5257782462095174,
                -7.667318008586803e-17,
                1.199551031390403e-16,
                0.04612102566946757,
                -0.03628924239607774,
                0.09632658401010002,
                3.4457646505463425e-16,
                4.693966147108485e-16,
                -0.30085313823987614,
                -1.4644718065417535
            ],
