{
    "dist": 0.75,
    "thetas": [
        1.704757879308132,
        -3.011204310279467,
        0.8397366260192594,
        1.563280899135842,
        -0.009380718364163876,
        -1.7291536732871136,
        -1.8971269718342263,
        1.6369627429575306,
        -2.0790379300152217,
        -2.586537231132677,
        1.1646500873100205,
        2.8487544111850127,
        -3.1167849646094092,
        0.07660625016677525,
        1.9642554329689128,
        0.70702212977712,
        1.3933297522764283,
        -1.3076812305427234,
        2.6249522282931705,
        1.3482194095209188,
        0.2673141479915979,
        -2.2483118993788564,
        -0.7958234754631421,
        1.0941137716709264,
        -0.3654729438307087,
        -0.4146023075677032,
        0.7399517487893483,
        0.08255001257991035,
        0.94497336375301,
        0.6348464674842362,
        1.917773905749895,
        0.1360130698619595,
        2.567616643692406,
        -1.1357731497354906,
        -2.5732197993538017,
        -1.2522384758651308,
        -2.425407785880496,
        2.0651656802006935,
        -2.846934388642458,
        0.7934855547557511
    ],
    "oo": false,
    "E_corr_OVOS": -0.1153713262694143,
    "mo": [
        [
            [
                -5.8860971230867434e-05,
                0.20637647594830763,
                -0.3219139871030589,
                -1.3070599528900648e-16,
                -8.398078808327084e-17,
                0.5814231816295092,
                -2.464958102816166e-16,
                -2.776415341180898e-16,
                -0.03481451067538259,
                0.684475740886616,
                -1.5251253838011987
            ],
            [
                0.0024076588493041223,
                -0.022680701106944298,
                -0.06177734884369729,
                4.3523997267182663e-16,
                -2.982509591680159e-17,
                0.0842096826888044,
                3.564477505958183e-17,
                2.180067654091179e-16,
                -0.15177111321876421,
                -1.7735284432326655,
                -0.6236288247459036
            ],
            [
                0.9954408052601519,
                -0.225508684514494,
                -0.0768549366484216,
                2.7849316376107426e-17,
                -3.900574198674554e-18,
                0.07268399242462675,
                6.795773571105209e-17,
                -1.2615669009461212e-16,
                0.10738787185253691,
                -0.005537342202491476,
                -0.02522745139679295
            ],
            [
                0.02188961646974192,
                0.4900463498684981,
                0.16055240912501417,
                -2.908550362750957e-16,
                1.1850321654914928e-16,
                -0.5669378952546952,
                -8.400838121885724e-16,
                1.3048455539048064e-15,
                -1.3692598694314926,
                -0.4691569971773661,
                -0.5946651135263938
            ],
            [
                -0.006464021038532835,
                0.4645016982251666,
                0.3423665447077188,
                2.9370153683004385e-17,
                -4.6461786065389236e-17,
                0.16433916344352859,
                9.126730225617636e-16,
                -1.2004378417160265e-15,
                1.4419875250360144,
                1.1807074444600305,
                1.8182084162577599
            ],
            [
                -6.37750830080728e-17,
                -6.506819726836098e-18,
                3.020882439139546e-16,
                0.6478361133577211,
                -0.1319972342896727,
                -2.2097727241827928e-16,
                -0.6094110116103049,
                0.7238638190537204,
                1.5598752314872818e-15,
                -1.66332502563632e-16,
                -1.1415140075592457e-16
            ],
            [
                -3.811736571354972e-17,
                -6.471233708299607e-18,
                7.005658219165667e-17,
                0.13199723428967272,
                0.6478361133577206,
                1.5928546324255203e-17,
                0.7238638190537205,
                0.6094110116103062,
                3.4798220095256945e-17,
                8.684612750070322e-17,
                -5.242748289701302e-17
            ],
            [
                -0.0018214148408545593,
                -0.13717905211301,
                0.5653430808999008,
                -7.030003369475535e-17,
                9.964630302475629e-17,
                0.8818113193909215,
                -4.4028202507548487e-16,
                7.624179117553254e-16,
                -0.41467288077554415,
                0.2083806047203258,
                0.2225517163300557
            ],
            [
                4.937291102768187e-17,
                7.17491146443643e-19,
                2.0392414251960846e-16,
                0.47961897974309914,
                -0.09772283071840132,
                2.76743394836293e-16,
                0.67328634703108,
                -0.7997355105068226,
                -1.623704308449472e-15,
                1.0096525635385627e-16,
                1.306805104034029e-16
            ],
            [
                2.6917381630224274e-17,
                -3.9068584337845924e-18,
                4.285342495968479e-17,
                0.09772283071840145,
                0.4796189797430992,
                4.1222868790248135e-17,
                -0.799735510506822,
                -0.6732863470310815,
                -1.6882904738916674e-16,
                -1.2105136462066451e-16,
                1.728697585462666e-16
            ],
            [
                0.0014534642735188582,
                -0.030563690552791047,
                0.29919659147746114,
                -2.293672045699219e-16,
                -2.1372196862325349e-16,
                -0.39517332796415905,
                2.9327210583139673e-16,
                -9.67785567537795e-16,
                0.4110298391312406,
                -0.2975679764551084,
                -1.611643936238262
            ]
        ],
        [
            [
                -5.8860971230867434e-05,
                0.20637647594830763,
                -0.3219139871030589,
                -1.3070599528900648e-16,
                -8.398078808327084e-17,
                0.5814231816295091,
                -1.2507196486819377e-15,
                1.813011758717075e-16,
                -0.034814510675379946,
                0.6844757408866137,
                -1.5251253838012002
            ],
            [
                0.0024076588493041223,
                -0.022680701106944298,
                -0.06177734884369729,
                4.3523997267182663e-16,
                -2.982509591680159e-17,
                0.08420968268880495,
                2.9474562797915604e-16,
                3.3135574044124343e-16,
                -0.1517711132187672,
                -1.7735284432326668,
                -0.6236288247459018
            ],
            [
                0.9954408052601519,
                -0.225508684514494,
                -0.0768549366484216,
                2.7849316376107426e-17,
                -3.900574198674554e-18,
                0.07268399242462645,
                5.315765493869808e-16,
                -3.9183999388796593e-16,
                0.10738787185253712,
                -0.005537342202491612,
                -0.025227451396793055
            ],
            [
                0.02188961646974192,
                0.4900463498684981,
                0.16055240912501417,
                -2.908550362750957e-16,
                1.1850321654914928e-16,
                -0.5669378952546924,
                -6.92045518292656e-15,
                4.77970233883293e-15,
                -1.3692598694314932,
                -0.4691569971773656,
                -0.5946651135263923
