{
    "dist": 0.75,
    "thetas": [
        0.0041979616052225666,
        -0.20063828010322737,
        0.004916753617765668,
        -2.204278596269102,
        2.0123656205543545,
        -1.12240289192412,
        1.7541019567718958,
        1.9797079610483523,
        -3.0485872024626652,
        -1.7116670481088534,
        1.3303487237216896,
        2.017611826950281,
        1.8430183187708211,
        -0.03005884899993827,
        0.38060203635481615,
        0.0938127945663263,
        -1.3382347235245735,
        -1.9597896027308164,
        -0.9989910534481625,
        -1.4683217553975476,
        -1.8673072594636073,
        -0.5801417420434314,
        0.1334834942899632,
        -3.088481703315672,
        2.910021795475287,
        2.2649266903510474,
        1.8222796736284623,
        1.5842660155966026,
        2.7594641571641203,
        3.0424658479416467,
        -2.6070862416883784,
        0.20512283176273893,
        1.6075647637327464,
        -1.1916817754211517,
        1.2049176098936316,
        -1.9141566965251737,
        2.2255113678159137,
        -0.38900592398375444,
        0.8455951269240969,
        -1.3883354549218891
    ],
    "oo": false,
    "mo": [
        [
            [
                -5.886097123034962e-05,
                0.20637647594831193,
                -0.3219139871030579,
                -8.411007731906144e-17,
                2.284072993166661e-16,
                0.5814109925378382,
                1.1959524128643963e-16,
                -2.2819017151127456e-16,
                -0.03409314352870467,
                0.6845255096126214,
                -1.525123989869956
            ],
            [
                0.002407658849303947,
                -0.022680701106942213,
                -0.06177734884366144,
                2.0115505383876076e-17,
                6.244527264772903e-17,
                0.08438626600018546,
                2.6280200498815297e-16,
                -1.3890234551724907e-16,
                -0.15247613090895448,
                -1.7734544383399882,
                -0.6236434351624607
            ],
            [
                0.9954408052601514,
                -0.22550868451449332,
                -0.07685493664842176,
                -3.5493885149790297e-17,
                -7.699888619362156e-17,
                0.0726390475412539,
                -2.3858137846118705e-16,
                1.1826183344342488e-16,
                0.1074188323904557,
                -0.005581903517704724,
                -0.025215269416269902
            ],
            [
                0.021889616469742006,
                0.4900463498684987,
                0.16055240912501303,
                8.150936838806615e-17,
                -1.0480437740980371e-16,
                -0.5663239170308529,
                3.2843650684235982e-15,
                -1.418609399412449e-15,
                -1.3696497870426076,
                -0.4685677076937486,
                -0.5948168100489547
            ],
            [
                -0.006464021038533264,
                0.4645016982251601,
                0.3423665447077061,
                -1.616621232658009e-17,
                -2.268568710185412e-16,
                0.16364029288510049,
                -3.4323002710756455e-15,
                1.5888764685926433e-15,
                1.442399775355493,
                1.1800615175482774,
                1.818363785042829
            ],
            [
                5.51840405491873e-17,
                -3.431169429948784e-18,
                3.5375010030073356e-16,
                -0.018376243865087523,
                0.6608912265206462,
                -5.181298359654614e-16,
                0.7485484957697068,
                -0.5788227354621165,
                3.0817333366212337e-15,
                -1.778971062988137e-16,
                -6.566298340450156e-17
            ],
            [
                -4.7975910430395634e-18,
                -2.9967213452125234e-17,
                1.3357455862027577e-17,
                0.6608912265206479,
                0.018376243865087676,
                -1.1286393614572948e-16,
                -0.5788227354621156,
                -0.7485484957697065,
                -6.213826668987803e-16,
                -1.2323352202509174e-17,
                3.066286918234051e-17
            ],
            [
                -0.0018214148408546257,
                -0.13717905211301581,
                0.5653430808999071,
                1.2464131290607853e-16,
                -2.4270593417760945e-16,
                0.8819723738399946,
                1.4597532141441777e-15,
                -1.0103957014335869e-15,
                -0.41422806040969223,
                0.2086222851091429,
                0.2225154642486858
            ],
            [
                2.850061945843169e-17,
                -4.4917452942223194e-18,
                2.325626701055426e-16,
                -0.013604668144236701,
                0.48928420205246775,
                5.744933280836676e-16,
                -0.8270075083820002,
                0.6394919647218812,
                -3.3987549148799765e-15,
                1.6315427034000898e-16,
                7.983417758658983e-17
            ],
            [
                2.5460551826995205e-17,
                -7.212605058280499e-18,
                9.456921510320868e-18,
                0.4892842020524658,
                0.013604668144236554,
                1.3002986963688418e-16,
                0.6394919647218815,
                0.8270075083820019,
                6.83789022777461e-16,
                5.61651458965875e-17,
                -6.537833488833857e-17
            ],
            [
                0.001453464273519127,
                -0.03056369055279107,
                0.2991965914774658,
                -2.0312108541756507e-16,
                -1.1411325460013903e-16,
                -0.3953145931001892,
                -1.4964563084414867e-15,
                8.842337256152536e-16,
                0.41089938479985816,
                -0.2977796004052826,
                -1.6116034696076031
            ]
        ],
        [
            [
                -5.886097123034962e-05,
                0.20637647594831193,
                -0.3219139871030579,
                -8.411007731906144e-17,
                2.284072993166661e-16,
                0.5814109925378378,
                -2.5815886740313093e-16,
                2.760331733935245e-16,
                0.03409314352869868,
                0.6845255096126281,
                -1.5251239898699538
            ],
            [
                0.002407658849303947,
                -0.022680701106942213,
                -0.06177734884366144,
                2.0115505383876076e-17,
                6.244527264772903e-17,
                0.08438626600018455,
                -2.756092265684012e-16,
                -1.3258991559798745e-16,
                0.15247613090895495,
                -1.7734544383399857,
                -0.6236434351624671
            ],
            [
                0.9954408052601514,
                -0.22550868451449332,
                -0.07685493664842176,
                -3.5493885149790297e-17,
                -7.699888619362156e-17,
                0.07263904754125328,
                3.8880862987749183e-16,
                -2.752470810554802e-17,
                -0.10741883239045617,
                -0.005581903517704818,
                -0.02521526941626988
            ],
            [
                0.021889616469742006,
                0.4900463498684987,
                0.16055240912501303,
                8.150936838806615e-17,
                -1.0480437740980371e-16,
                -0.5663239170308454,
                -4.859066615881677e-15,
                9.154685451281287e-17,
                1.3696497870426096,
                -0.4685677076937443,
                -0.594816810048957
            ],
