{
    "dist": 0.75,
    "thetas": [
        1.0824581083310676,
        -0.07490562672962531,
        2.045146495060206,
        -2.9440091728923625,
        1.9355350036912204,
        0.4122864067919232,
        -1.2715753426470968,
        -2.8481947885923398,
        3.0827028676546355,
        -3.0987053080191687,
        1.6951595907025174,
        1.5504834232626843,
        -0.7700738744524487,
        -0.036772642089067276,
        2.6951622347532513,
        -0.6568816124913903,
        2.977955240480968,
        0.15340218092467994,
        -2.553404241221722,
        1.968574815808429,
        -1.811525352650629,
        0.34146463524734116,
        -1.3052116384528223,
        1.9863810312485803,
        2.061152232120124,
        -1.749380967135041,
        0.9100232690836672,
        -2.5435488851435126,
        -0.5550362397858817,
        -2.532970267248091,
        -2.2367448611807736,
        -1.8083247626073817,
        -0.14667370733601048,
        -2.6539305358307423,
        -1.6647690189709083,
        -3.1004189234255946,
        2.5047552990058524,
        0.32819858348667985,
        -2.088866144067793,
        2.6947211011102787
    ],
    "oo": false,
    "mo": [
        [
            [
                -5.886097123023578e-05,
                0.20637647594830744,
                -0.3219139871030595,
                1.353541289988394e-16,
                -7.508284370328267e-17,
                0.5814109925378318,
                -7.67492107902443e-16,
                5.493567090194849e-16,
                0.03409314352878538,
                0.6845255096114472,
                -1.525123989870485
            ],
            [
                0.002407658849303753,
                -0.022680701106940176,
                -0.06177734884369258,
                -2.2395566334248963e-16,
                1.4719055512545816e-17,
                0.08438626600019368,
                -3.7788043982318083e-16,
                3.222442220668755e-17,
                0.15247613090889012,
                -1.7734544383404771,
                -0.6236434351610817
            ],
            [
                0.9954408052601514,
                -0.22550868451449388,
                -0.07685493664842166,
                -4.1656142488090536e-17,
                -1.9650060667426411e-16,
                0.07263904754125919,
                7.874157667419778e-16,
                -3.909489916632811e-16,
                -0.10741883239045118,
                -0.0055819035177182225,
                -0.02521526941626621
            ],
            [
                0.021889616469741895,
                0.49004634986849827,
                0.16055240912501484,
                5.409830914252249e-17,
                2.9082655223289346e-17,
                -0.5663239170309178,
                -8.14743958400963e-15,
                4.165532667315107e-15,
                1.3696497870425621,
                -0.46856770769427614,
                -0.5948168100485757
            ],
            [
                -0.006464021038533126,
                0.464501698225164,
                0.3423665447077162,
                -7.079274188870145e-19,
                4.404740762613355e-17,
                0.16364029288516485,
                8.585632587219895e-15,
                -4.394570520011846e-15,
                -1.4423997753554552,
                1.1800615175497478,
                1.8183637850418937
            ],
            [
                5.0110281841256476e-17,
                7.609991748909629e-18,
                -2.316914904199572e-16,
                0.6509909631042873,
                -0.11543684674795703,
                -7.111494372618519e-16,
                -0.3682343847893834,
                0.8716444501433587,
                -5.949237237313461e-15,
                -2.2094373871011787e-16,
                -1.0804672745864812e-16
            ],
            [
                1.6355940079042255e-16,
                -2.6428579625775845e-17,
                -7.510606669619469e-17,
                0.11543684674795686,
                0.6509909631042861,
                -4.865265093461302e-16,
                -0.8716444501433589,
                -0.36823438478938375,
                -5.056687527406744e-15,
                -1.721939952888366e-16,
                -1.110786738167802e-16
            ],
            [
                -0.0018214148408547256,
                -0.1371790521130102,
                0.5653430808998993,
                1.5882757431455738e-16,
                1.500852788533112e-16,
                0.8819723738399793,
                -3.3902557540181087e-15,
                1.800355818767895e-15,
                0.4142280604097428,
                0.2086222851092954,
                0.22251546424853152
            ],
            [
                -3.9907222912378344e-17,
                3.1153056310627925e-18,
                -1.3976758180787067e-16,
                0.48195464116347014,
                -0.08546251362100897,
                7.484840141641935e-16,
                0.40683082363569245,
                -0.9630057491022399,
                6.687708766559784e-15,
                2.9483134770557055e-16,
                1.3352342685353721e-16
            ],
            [
                1.2985391624957597e-17,
                -8.986687668745256e-18,
                -4.7498938578115974e-17,
                0.08546251362100919,
                0.48195464116347103,
                5.143069233846391e-16,
                0.9630057491022386,
                0.40683082363569273,
                5.56992389941243e-15,
                1.7924175581240932e-16,
                1.0571220261954953e-16
            ],
            [
                0.0014534642735192858,
                -0.03056369055278998,
                0.2991965914774634,
                1.749933299154581e-16,
                -1.3464543878634845e-16,
                -0.39531459310015316,
                3.15413122400766e-15,
                -1.6396138772582285e-15,
                -0.4108993847998725,
                -0.29777960040652357,
                -1.6116034696073787
            ]
        ],
        [
            [
                -5.886097123023578e-05,
                0.20637647594830744,
                -0.3219139871030595,
                1.353541289988394e-16,
                -7.508284370328267e-17,
                0.5814109925378314,
                3.463542528091453e-16,
                3.668238948417297e-17,
                -0.034093143528779256,
                0.6845255096114439,
                -1.525123989870488
            ],
            [
                0.002407658849303753,
                -0.022680701106940176,
                -0.06177734884369258,
                -2.2395566334248963e-16,
                1.4719055512545816e-17,
                0.08438626600019282,
                2.3693741361873684e-17,
                3.497999017924759e-16,
                -0.15247613090889459,
                -1.7734544383404787,
                -0.623643435161078
            ],
            [
                0.9954408052601514,
                -0.22550868451449388,
                -0.07685493664842166,
                -4.1656142488090536e-17,
                -1.9650060667426411e-16,
                0.07263904754125827,
                -4.0612009421179904e-16,
                -1.2918603808116306e-16,
                0.1074188323904517,
                -0.005581903517718622,
                -0.02521526941626637
            ],
            [
                0.021889616469741895,
                0.49004634986849827,
                0.16055240912501484,
                5.409830914252249e-17,
                2.9082655223289346e-17,
                -0.5663239170309079,
                3.265869529798115e-15,
                2.55826848742183e-15,
                -1.369649787042568,
                -0.4685677076942741,
                -0.5948168100485737
            ],
