{
    "dist": 0.75,
    "thetas": [
        -1.2505772065726115,
        -1.5892573810424488,
        2.678742656538237,
        2.4605169696278546,
        1.151561845422318,
        0.42024870984405016,
        0.2950953286817728,
        -1.819460699037379,
        1.6949173110487727,
        2.489587148595139,
        1.3926708920249595,
        -0.007663287536284535,
        -0.3630877934619958,
        1.900227048743333,
        2.166638993680615,
        -1.7018748543102284,
        2.9038843056064927,
        -2.77139783336574,
        -1.3204875036640336,
        -1.1802075024498442,
        1.268614493515388,
        1.3044449462369565,
        2.7836318370578113,
        0.6684251508296,
        -0.9096337654423947,
        -0.4976330838188763,
        2.554112145376455,
        -1.5586760466297462,
        -1.2382874039468406,
        -2.6637713125372455,
        -1.5614152906569299,
        2.5800995086330216,
        2.1591747296674244,
        0.8620180788284371,
        3.0794339883431086,
        2.7640959639582094,
        2.2301402312698464,
        2.6461352571082326,
        1.04148016903377,
        -0.6719528336182714
    ],
    "oo": false,
    "mo": [
        [
            [
                -5.88609712306584e-05,
                0.20637647594830916,
                -0.32191398710306085,
                -5.429716958897336e-17,
                4.074171843534177e-17,
                0.5814109925378236,
                2.652906040594629e-17,
                -1.294107927603702e-16,
                0.03409314352852029,
                0.6845255096116304,
                -1.5251239898704119
            ],
            [
                0.0024076588493040577,
                -0.022680701106942508,
                -0.06177734884369909,
                1.2127243828947254e-16,
                7.463521128853526e-18,
                0.08438626600029188,
                4.218916973803734e-17,
                1.0016004883359215e-16,
                0.15247613090919496,
                -1.7734544383403825,
                -0.623643435161263
            ],
            [
                0.9954408052601522,
                -0.22550868451449393,
                -0.076854936648422,
                -9.464401185550662e-17,
                7.33175296092939e-18,
                0.0726390475412398,
                -1.159635696161595e-16,
                9.068459332526133e-17,
                -0.1074188323904643,
                -0.00558190351773237,
                -0.025215269416264348
            ],
            [
                0.021889616469742045,
                0.4900463498684969,
                0.16055240912501584,
                -7.303866156625376e-17,
                -9.31315882748402e-17,
                -0.5663239170306398,
                1.421384096046189e-15,
                -1.1134728059626474e-15,
                1.3696497870427458,
                -0.4685677076939812,
                -0.5948168100486526
            ],
            [
                -0.006464021038532946,
                0.4645016982251659,
                0.3423665447077195,
                7.801425165326117e-17,
                7.136830791617146e-17,
                0.16364029288483797,
                -1.422246324612834e-15,
                1.0965369730783605e-15,
                -1.442399775355675,
                1.1800615175492968,
                1.8183637850420407
            ],
            [
                -6.087014316473543e-17,
                -4.45508964327439e-18,
                -1.4785255291022158e-17,
                -0.3797194838317928,
                0.5412282450399973,
                3.054190729431635e-16,
                0.08311792984276142,
                0.9425773280456026,
                1.028939316134582e-15,
                8.365441799547346e-17,
                7.237769130356131e-17
            ],
            [
                8.754318604791361e-17,
                -5.164256959281803e-18,
                -3.430397076646957e-17,
                0.5412282450399979,
                0.379719483831793,
                -3.36203555155755e-16,
                0.9425773280456019,
                -0.08311792984276123,
                -1.3957391319383167e-15,
                -5.99903411092584e-17,
                -7.75388497525907e-17
            ],
            [
                -0.0018214148408549618,
                -0.13717905211300868,
                0.5653430808998984,
                -2.6173559605534177e-17,
                -8.001838297476224e-17,
                0.8819723738400495,
                9.201432925929836e-16,
                -8.325819599197817e-16,
                0.41422806040954185,
                0.2086222851093821,
                0.22251546424855093
            ],
            [
                -4.469232828775216e-17,
                -3.319773271258548e-19,
                2.9477556941278795e-17,
                -0.2811215177246816,
                0.40069291189837764,
                -3.700883234327336e-16,
                -0.09182992478055849,
                -1.0413734473179443,
                -1.0948090726357039e-15,
                -1.335556453169906e-16,
                -1.4146258659895e-16
            ],
            [
                6.313996041480358e-17,
                -9.82159919556138e-19,
                -2.0699741307665017e-17,
                0.40069291189837764,
                0.28112151772468147,
                4.4036319122411657e-16,
                -1.0413734473179443,
                0.09182992478055868,
                1.683351941758491e-15,
                7.675914802783713e-17,
                1.7708399246613517e-16
            ],
            [
                0.0014534642735192615,
                -0.030563690552790356,
                0.2991965914774614,
                1.1115112011238124e-16,
                1.2544411477957486e-16,
                -0.395314593100206,
                -9.803187249182789e-16,
                8.5901977531878e-16,
                -0.4108993847997721,
                -0.29777960040645357,
                -1.6116034696074044
            ]
        ],
        [
            [
                -5.88609712306584e-05,
                0.20637647594830916,
                -0.32191398710306085,
                -5.429716958897336e-17,
                4.074171843534177e-17,
                0.5814109925378215,
                -3.7529245396729754e-16,
                8.367109955089356e-17,
                0.03409314352852516,
                0.6845255096116355,
                -1.5251239898704092
            ],
            [
                0.0024076588493040577,
                -0.022680701106942508,
                -0.06177734884369909,
                1.2127243828947254e-16,
                7.463521128853526e-18,
                0.08438626600028923,
                -3.9009839419943137e-16,
                -1.834364510233531e-16,
                0.15247613090920004,
                -1.7734544383403796,
                -0.6236434351612689
            ],
            [
                0.9954408052601522,
                -0.22550868451449393,
                -0.076854936648422,
                -9.464401185550662e-17,
                7.33175296092939e-18,
                0.07263904754124052,
                4.681829979485726e-16,
                1.3208984470758587e-17,
                -0.10741883239046375,
                -0.005581903517732562,
                -0.0252152694162647
            ],
            [
                0.021889616469742045,
                0.4900463498684969,
                0.16055240912501584,
                -7.303866156625376e-17,
                -9.31315882748402e-17,
                -0.5663239170306507,
                -5.961973285022665e-15,
                -1.9172360408050622e-16,
                1.369649787042743,
                -0.46856770769397593,
                -0.5948168100486508
            ],
            [
                -0.006464021038532946,
