{
  "num_electrons": 10,
  "full_space_size": 29,
  "active_space_size": 25,
  "MP2_e_corr": -0.18882549670494397,
  "CCSD_e_corr": -0.2041391005478054,
  "CCSD(T)_e_corr": -0.20763609200044186,
  "FCI_e_corr": null,
  "CASSCF_e_corr": null
}