{
    "dist": 1.9,
    "thetas": [
        -0.788287681898749,
        2.8319215077704234,
        1.4576609265440963,
        0.6198895383354297,
        -2.1612986243157413,
        -2.1614501754128375,
        -2.776642555026645,
        2.3007525789727232,
        0.6353243561202211,
        1.3073585636350948
    ],
    "oo": false,
    "mo": [
        [
            [
                0.2233446198931996,
                0.23065447095957908,
                -0.9164302275830828,
                -0.9315048390198963
            ],
            [
                0.4618470282933218,
                0.6621171480175715,
                0.6717385328894926,
                0.985192152739845
            ],
            [
                0.22334461989320506,
                -0.23065447095957686,
                -0.9164302275840109,
                0.9315048390189814
            ],
            [
                0.4618470282933313,
                -0.6621171480175626,
                0.6717385328904764,
                -0.9851921527391755
            ]
        ],
        [
            [
                0.22334462295943547,
                -0.23065447301481257,
                -0.9164302268365525,
                0.9315048385102556
            ],
            [
                0.46184702604580014,
                -0.6621171458438738,
                0.6717385344355499,
                -0.9851921542001775
            ],
            [
                0.22334462295943047,
                0.23065447301481487,
                -0.91643022683599,
                -0.9315048385108085
            ],
            [
                0.4618470260457911,
                0.6621171458438823,
                0.6717385344349538,
                0.9851921542005819
            ]
        ]
    ],
    "uhf_energy": -0.9307072239272705,
    "ump2_energy": -0.9663045287627476,
    "ump2_no_energy": -0.9663045287627479,
    "iterations": 35,
    "final_energy": -1.287614,
    "iter_energies": [
        -1.0250461112262053,
        -1.1919952931097355,
        -1.209483684202668,
        -1.2127200479241889,
        -1.215779141423233,
        -1.217374155103069,
        -1.2528581641374354,
        -1.2544168872757828,
        -1.2573815080905346,
        -1.2629346165021553,
        -1.2721448681569294,
        -1.2783152969024738,
        -1.2849707994582935,
        -1.2872804765152204,
        -1.2875208140476708,
        -1.2875859829008194,
        -1.287604804729863,
        -1.2876096368688241,
        -1.2876111577237168,
        -1.2876112927326913,
        -1.2876113064297314,
        -1.2876113217894782,
        -1.2876113497642712,
        -1.2876114018747595,
        -1.287611498967177,
        -1.287611677075438,
        -1.2876119921066873,
        -1.2876125072097,
        -1.2876131881687933,
        -1.2876135769227641,
        -1.2876139037281622,
        -1.2876139830980844,
        -1.2876139984401724,
        -1.2876139988820106,
        -1.2876139988883097
    ],
    "function_evaluations": 41,
    "gradient_evaluations": 41
}