{
    "dist": 1.0,
    "thetas": [
        -0.056784993922660565,
        1.5911842628401223,
        2.728305721859358,
        2.8837385028787432,
        -2.1477625946102386,
        -2.0986974907536826,
        -1.308909074574009,
        -1.5691489511639578,
        -1.8493797504998024,
        -2.4215032714249807,
        -2.6488184893990607,
        -0.5580480557362817,
        0.3159365582514617,
        -1.9976496835134472,
        -3.1278068030376294,
        -2.0778811943265163,
        -2.21886710169794,
        2.788801461577231,
        0.524161380762699,
        -0.5156381060402917,
        2.9628146148000987,
        -1.0340249760717626,
        0.06303165428460211,
        -0.39537330509245106,
        0.13648006206794872,
        2.0956074340357036,
        -0.49270271999243453,
        -2.580400886513673,
        0.5528710069747036,
        -2.1496237489294936,
        -1.2268216978598252,
        0.42543971194492114,
        1.3054065778213815,
        2.32934393294354,
        2.7029814988600966,
        -1.943340834947688,
        2.756999815558255,
        0.44675721779021194,
        3.0323044464058295,
        -1.5496211951749024
    ],
    "oo": false,
    "mo": [
        [
            [
                0.00036240193557560667,
                0.10603449697415879,
                -0.279183504822417,
                -1.1137575430499908e-17,
                -2.32754819666885e-17,
                0.13047739609804157,
                1.3222466667423638,
                3.980188416760973e-16,
                -1.812423664265908e-17,
                0.38329655438047694,
                -0.49295036900265143
            ],
            [
                0.001498743206229541,
                -0.006944813898503631,
                -0.13694980291367018,
                2.3033343433863835e-17,
                -1.8897968064619707e-17,
                1.2587172501594988,
                -0.95539653712743,
                -3.086318013384938e-17,
                1.2418016883518512e-16,
                -0.03213807499850933,
                -0.5385502451576809
            ],
            [
                0.9955353608027885,
                -0.23253769791335946,
                -0.055015075269694035,
                1.3630149665012762e-16,
                -2.6728483493726696e-17,
                0.059722802249659215,
                0.02721176684496374,
                6.98529092058093e-17,
                9.938372134493322e-17,
                0.0674146842613985,
                0.08555101050798619
            ],
            [
                0.02116896495613242,
                0.5011908436217701,
                0.12671947312610166,
                -2.8121100175031004e-16,
                -4.470106561987826e-17,
                -0.07910945462801662,
                -0.12041569241622227,
                -6.99346660079527e-16,
                1.4772975472049478e-16,
                -0.6780008433803064,
                -1.4469821749335496
            ],
            [
                -0.005512420996320816,
                0.5443379858866134,
                0.20864165375852134,
                1.2607037958036813e-16,
                7.548828723178022e-17,
                -0.6394550699936179,
                0.14299172713287833,
                5.642737240956551e-16,
                -1.775127150761272e-16,
                0.5508194055332146,
                1.8455138071538537
            ],
            [
                -6.224076376377704e-17,
                3.598722175749822e-17,
                3.260955843735685e-16,
                0.6610216987622491,
                0.011970968148013428,
                5.991353031048545e-17,
                -3.114196711759278e-17,
                0.0939952458851913,
                -0.9415664674761655,
                -6.559006925104067e-17,
                -7.670308988521012e-17
            ],
            [
                3.8948675348779714e-17,
                3.1915047385085354e-19,
                -6.344756110103954e-17,
                -0.011970968148013496,
                0.661021698762249,
                7.783220203689787e-18,
                -1.799351117525925e-18,
                -0.9415664674761652,
                -0.09399524588519126,
                1.0735091081873147e-15,
                -2.0218059174436845e-17
            ],
            [
                -0.0013664075099198163,
                -0.0648432641809374,
                0.5391287651794706,
                -2.0301383345422431e-16,
                -1.5817779922798488e-17,
                0.2971516309141288,
                0.3800118316528751,
                -8.478982752703246e-16,
                -1.0463181598422167e-16,
                -0.8088495313870099,
                0.4527098647699896
            ],
            [
                -1.325589164595864e-16,
                2.1965407323335442e-17,
                2.4195549329301023e-16,
                0.48941136375939576,
                0.008863139981349839,
                2.1347879255126112e-17,
                7.261734084685705e-17,
                -0.10384522332101356,
                1.040235377500564,
                5.574527924702655e-17,
                7.909903907314968e-17
            ],
            [
                2.051534107819301e-17,
                8.144053838484825e-19,
                -3.997990606679144e-17,
                -0.008863139981349981,
                0.48941136375939553,
                6.8993608285439806e-18,
                1.3626988588010646e-17,
                1.040235377500564,
                0.10384522332101363,
                -1.0405823745391262e-15,
                9.632734384397219e-18
            ],
            [
                0.0012954130935649967,
                -0.04713440115706035,
                0.3667072717166974,
                -2.9582412684316196e-16,
                8.58317123083169e-17,
                0.4640396911501132,
                0.14210463863241482,
                1.121156369649521e-15,
                1.1151044664031985e-16,
                1.075550983097445,
                -0.923131825522578
            ]
        ],
        [
            [
                0.0003624023340395653,
                0.10603447148664769,
                -0.2791834230899041,
                -3.741047725701089e-17,
                -1.6098682963564115e-16,
                0.13047768251318861,
                1.3222464660046644,
                -3.2077757371604595e-16,
                1.4678077014795895e-16,
                0.38329678766271635,
                -0.49295070201468594
            ],
            [
                0.001498744505745329,
                -0.006945030079806346,
                -0.13694915936969637,
                -1.6266716132382238e-17,
                -7.865725429668992e-17,
                1.2587171418336975,
                -0.9553968216397404,
                2.4711407873935447e-17,
                -1.4487175549246728e-16,
                -0.03213825795008084,
                -0.5385501435504513
            ],
            [
                0.9955353569795504,
                -0.23253777835971215,
                -0.055015027521884634,
                -8.787745028769566e-18,
                -4.0615810861078425e-17,
                0.059722767866610814,
                0.02721176455362856,
                -5.603560316250715e-17,
                5.99568757234222e-17,
                0.06741464556924648,
                0.08555092226146375
            ],
            [
                0.02116898394456053,
                0.5011915022585188,
                0.12671954264558027,
                5.41925363329944e-17,
                1.096113020363692e-16,
                -0.07910945765432936,
                -0.12041586633865202,
                5.786980858968415e-16,
                -2.1784788176209768e-16,
                -0.6780008760417823,
                -1.4469819104926134
            ],
            [
