{
    "dist": 0.975,
    "thetas": [
        2.3463261368903874,
        2.9439278084526643,
        2.319717710563025,
        0.1938720278250048,
        -1.6793174426784083,
        -3.0699718540344296,
        -0.4368772992954577,
        -0.6135444998792989,
        0.1424691618875915,
        -0.1357683511288812,
        0.34781498297773794,
        0.2726023879603252,
        1.639255247336484,
        1.3343888034911187,
        0.7519847877695871,
        -0.4643791018236456,
        -1.3252806848740173,
        2.9773202892406827,
        -1.0444284749192585,
        -1.766825043051343,
        -2.7281063583560097,
        3.033965123374311,
        -2.3382515167002618,
        -1.1175851867391877,
        -2.695845613805822,
        -1.7293214755701178,
        -0.6683115396232484,
        2.4890524741785924,
        -0.9709933288902195,
        3.045770542014389,
        -2.961063865698451,
        -0.931892285898047,
        -0.7479573583046881,
        1.6597670561412299,
        2.7570863008471456,
        -1.1329224215729323,
        -0.4242662269722661,
        -1.444216899225165,
        1.891589921605929,
        0.8685800355148432
    ],
    "oo": false,
    "mo": [
        [
            [
                0.00035046278187080986,
                0.11332697458973652,
                -0.28326836641350456,
                1.4095372855523285e-16,
                -1.334821246008344e-16,
                -0.4620414879842696,
                -1.0866392728336892e-16,
                -4.976286706159281e-16,
                0.04660279252967836,
                1.2994964036273684,
                0.5550365134554237
            ],
            [
                0.0015761133030419404,
                -0.00906046167062871,
                -0.1279410063786161,
                1.5487907560027967e-16,
                -1.2852540759131282e-17,
                -0.2175782370111189,
                -2.762359275129229e-16,
                4.850702100683725e-16,
                0.20568190504013545,
                0.007353444170648595,
                -1.6577044541927999
            ],
            [
                0.9955293826613009,
                -0.2319700637560683,
                -0.05697042091140726,
                -1.8728826695172865e-16,
                4.8723252846043114e-18,
                -0.06443492394180939,
                1.7718388928443055e-16,
                -1.7124475820601908e-16,
                -0.10971184552214289,
                0.007232255297930498,
                -0.005919401101006144
            ],
            [
                0.021225615953887608,
                0.4999799889200499,
                0.12976213010107263,
                1.0475516067814336e-16,
                -5.711276889226073e-17,
                0.4100930873020163,
                -1.9453660779085682e-15,
                1.9639687730282026e-16,
                1.4249277037351433,
                0.49189372412450255,
                -0.39220855719699205
            ],
            [
                -0.005604051728775301,
                0.5406860000639946,
                0.2184821258115237,
                -3.046374323960905e-16,
                1.4800624520113342e-16,
                -0.08976126662536787,
                2.070552602982996e-15,
                -2.3904986210646144e-16,
                -1.5087929664279525,
                -0.954877403580812,
                1.056841934981581
            ],
            [
                -4.8275628504103474e-17,
                2.864203082072289e-17,
                1.2908216249640173e-16,
                0.5814017283271345,
                -0.3142533926809707,
                1.500827951096438e-16,
                0.06822238866341152,
                -0.9439481184944815,
                3.786734076790491e-16,
                -1.26184135714682e-16,
                -1.0724166160206756e-16
            ],
            [
                -1.6953214471339608e-17,
                -2.6329378764622653e-18,
                6.272713240908918e-17,
                0.3142533926809711,
                0.5814017283271354,
                6.948202331987188e-17,
                0.9439481184944812,
                0.06822238866341176,
                1.3713810833926015e-15,
                1.8042842710973875e-17,
                2.424868067488663e-17
            ],
            [
                -0.0014017676397576307,
                -0.07023004035194855,
                0.5418584705747468,
                -2.0996300416070615e-16,
                1.5989540326129858e-16,
                -0.8441291082068164,
                -2.9205221724904873e-16,
                9.675594035917979e-17,
                0.34163694066183975,
                -0.41847079274677207,
                0.28760012235299404
            ],
            [
                6.318923551313488e-17,
                7.153024800426223e-18,
                6.213371071320276e-17,
                0.43084221763062674,
                -0.23287448592591106,
                3.0243627506576892e-18,
                -0.07534979174213746,
                1.0425652859335834,
                -2.480125115509725e-16,
                2.1935999284415813e-16,
                3.2184632914225474e-16
            ],
            [
                2.3324807743086005e-17,
                -4.611386369885138e-19,
                4.675931052119233e-17,
                0.23287448592591026,
                0.4308422176306259,
                -1.0948266476948419e-16,
                -1.0425652859335852,
                -0.07534979174213784,
                -1.3853705003576865e-15,
                -9.182230527955762e-17,
                5.313327365789184e-18
            ],
            [
                0.0013308333581797472,
                -0.04751396312499691,
                0.36214904058622466,
                6.491960591779921e-17,
                -2.069831021309056e-16,
                0.3053791847025258,
                2.250138769535093e-16,
                -2.0359499759061525e-16,
                -0.308347451078861,
                1.3088609968751628,
                -0.6419675310698528
            ]
        ],
        [
            [
                0.00035046278187080986,
                0.11332697458973652,
                -0.28326836641350456,
                1.4095372855523285e-16,
                -1.334821246008344e-16,
                -0.4620414879842694,
                7.88789460685862e-17,
                -5.43217979430842e-16,
                -0.046602792529679214,
                1.299496403627366,
                0.5550365134554303
            ],
            [
                0.0015761133030419404,
                -0.00906046167062871,
                -0.1279410063786161,
                1.5487907560027967e-16,
                -1.2852540759131282e-17,
                -0.21757823701111859,
                -5.513699249871548e-17,
                5.059523590684127e-16,
                -0.20568190504013764,
                0.007353444170656795,
                -1.657704454192799
            ],
            [
                0.9955293826613009,
                -0.2319700637560683,
                -0.05697042091140726,
                -1.8728826695172865e-16,
                4.8723252846043114e-18,
                -0.06443492394180945,
                5.606376503363627e-18,
                -1.2126793370186533e-16,
                0.10971184552214289,
                0.007232255297930679,
                -0.005919401101006256
            ],
            [
                0.021225615953887608,
                0.4999799889200499,
                0.12976213010107263,
                1.0475516067814336e-16,
                -5.711276889226073e-17,
                0.4100930873020176,
                -2.056574147114145e-16,
                -4.483377630817211e-16,
                -1.4249277037351442,
                0.4918937241245027,
                -0.3922085571969876
            ],
