{
    "dist": 0.975,
    "thetas": [
        0.5537421544386962,
        2.498909051664074,
        2.460060126744791,
        1.9844653968763062,
        -2.9160917365612167,
        1.2048484202477079,
        -0.7622701226724877,
        0.11630770046138306,
        0.9924383276466164,
        -1.9235958127940909,
        -1.4305782372210243,
        1.3735415900651207,
        1.7781641208316445,
        2.2011734789331534,
        1.7294146738215828,
        -2.911224022186897,
        -2.40838429156288,
        1.578843198998931,
        -1.6385402723546971,
        -1.5405992506075,
        2.2470274829181465,
        2.8260449683589304,
        0.3875899599017809,
        -2.018281518058492,
        1.6980429755320765,
        -0.047871339949845826,
        0.824687333071147,
        2.133128361069385,
        -0.24479669277424554,
        -0.012942901129407325,
        1.1272732977552549,
        0.9474158401493504,
        -1.4527023588714385,
        -2.718579295467798,
        1.7055401050398515,
        -0.119480220538136,
        -1.073127789488372,
        0.0668597278125862,
        -1.4851638708039598,
        -1.1905910446293386
    ],
    "oo": false,
    "mo": [
        [
            [
                0.0003504627818702671,
                0.11332697458973935,
                -0.28326836641350694,
                -4.117035961571731e-18,
                3.1988259409392003e-18,
                -0.4620414879842784,
                -3.400823658827595e-18,
                1.275537057975062e-16,
                -0.04660279252968364,
                1.2994964036274679,
                0.5550365134551827
            ],
            [
                0.0015761133030424011,
                -0.009060461670628833,
                -0.1279410063785996,
                1.10842183444343e-16,
                -3.1780125213951025e-17,
                -0.21757823701110268,
                -2.5349285542791807e-16,
                1.3050417586019204e-16,
                -0.20568190504011713,
                0.0073534441703497835,
                -1.6577044541928077
            ],
            [
                0.9955293826613014,
                -0.23197006375606813,
                -0.056970420911407124,
                -5.092477420277597e-17,
                -5.449168642556711e-18,
                -0.06443492394181069,
                1.3343170936601682e-16,
                -1.5537625346171855e-16,
                0.10971184552214297,
                0.007232255297929289,
                -0.005919401101006843
            ],
            [
                0.02122561595388799,
                0.49997998892004825,
                0.12976213010107215,
                -1.447920667757451e-16,
                1.2078490034264187e-16,
                0.4100930873020274,
                -9.076261060769437e-16,
                1.5696252611775527e-15,
                -1.4249277037351364,
                0.4918937241244353,
                -0.3922085571970925
            ],
            [
                -0.005604051728775142,
                0.540686000063995,
                0.2184821258115202,
                4.539692331865784e-17,
                -1.1478471634489893e-16,
                -0.08976126662538117,
                1.0271592701001384e-15,
                -1.6397212243010794e-15,
                1.508792966427937,
                -0.9548774035806253,
                1.0568419349817717
            ],
            [
                2.278871346577793e-16,
                -2.7540389100412474e-17,
                1.6950093027044338e-16,
                0.5761518305299788,
                -0.3237780608537777,
                1.9773313461984935e-16,
                0.892438262826628,
                0.31503379464305475,
                -2.1067085478581635e-16,
                4.521226163928584e-17,
                -1.121421284142923e-16
            ],
            [
                6.900636753106955e-17,
                -1.5456386004872549e-18,
                9.619262093614104e-17,
                0.32377806085377825,
                0.5761518305299793,
                9.866406042212139e-17,
                0.31503379464305425,
                -0.8924382628266287,
                -1.3537572121918256e-15,
                1.419157335909771e-17,
                2.7011252841498554e-18
            ],
            [
                -0.0014017676397577057,
                -0.07023004035194959,
                0.5418584705747512,
                3.12780998140025e-17,
                4.022549845452259e-17,
                -0.8441291082068134,
                1.4111227923551778e-16,
                2.774786699407437e-16,
                -0.3416369406618475,
                -0.4184707927467189,
                0.2876001223530619
            ],
            [
                -6.668817304870915e-17,
                -4.948914622934306e-18,
                1.311240061082764e-16,
                0.4269518308308356,
                -0.2399326506299891,
                -1.3555606450039274e-16,
                -0.9856740369861255,
                -0.3479463455201518,
                1.8606606411933511e-16,
                -2.7832693017442183e-17,
                1.6195477724376385e-16
            ],
            [
                1.4696190891275465e-17,
                -1.0384989553691325e-18,
                6.574383666112554e-17,
                0.2399326506299887,
                0.4269518308308349,
                -1.1315175423844577e-16,
                -0.3479463455201513,
                0.9856740369861277,
                1.4478808266246596e-15,
                -3.9278719032087246e-17,
                8.464362474668552e-20
            ],
            [
                0.0013308333581795626,
                -0.04751396312499797,
                0.36214904058622704,
                -2.5622319634996245e-16,
                -6.742636754223876e-17,
                0.30537918470253317,
                -1.451385516722052e-16,
                -2.3156840291527194e-16,
                0.3083474510788708,
                1.3088609968750478,
                -0.6419675310700793
            ]
        ],
        [
            [
                0.0003504627818702671,
                0.11332697458973935,
                -0.28326836641350694,
                -4.117035961571731e-18,
                3.1988259409392003e-18,
                -0.46204148798427797,
                -1.6172846300602981e-16,
                -1.205653695685553e-18,
                0.046602792529683995,
                1.2994964036274657,
                0.5550365134551901
            ],
            [
                0.0015761133030424011,
                -0.009060461670628833,
                -0.1279410063785996,
                1.10842183444343e-16,
                -3.1780125213951025e-17,
                -0.21757823701110254,
                -2.1954336271423963e-16,
                7.64467228339901e-17,
                0.20568190504011952,
                0.007353444170358332,
                -1.657704454192808
            ],
            [
                0.9955293826613014,
                -0.23197006375606813,
                -0.056970420911407124,
                -5.092477420277597e-17,
                -5.449168642556711e-18,
                -0.0644349239418106,
                1.8214123824420853e-16,
                -1.9323779272431922e-17,
                -0.10971184552214296,
                0.007232255297929498,
                -0.005919401101007045
            ],
            [
                0.02122561595388799,
                0.49997998892004825,
                0.12976213010107215,
                -1.447920667757451e-16,
                1.2078490034264187e-16,
                0.41009308730202687,
                -3.01353922997163e-15,
                8.936767186079675e-16,
                1.4249277037351378,
                0.4918937241244355,
                -0.3922085571970872
            ],
