{
    "dist": 0.6,
    "thetas": [
        -2.8354451983958078,
        -1.325063087034727,
        1.3883725037911319,
        -3.0057737497215755,
        -1.8477417604476294,
        -2.822574873123744,
        -1.2423623306579668,
        1.0298787548813921,
        -1.2056528250732828,
        0.5252194785450901,
        -2.7044654537614434,
        2.30847045561727,
        -2.304417780706233,
        -2.022402397232817,
        -0.02557539272590459,
        2.285192262914668,
        1.6269921026744445,
        2.9561452268403734,
        1.6292459897763445,
        -0.7272784976778075,
        -0.573539651253947,
        1.3405831056173065,
        -1.4409243148323205,
        2.2248939625261066,
        2.5959857833208897,
        1.6383787056745502,
        0.10473151153364979,
        -2.0870494395307757,
        -1.2648536355851678,
        -1.357525884977483,
        -1.0856553998608915,
        -0.2504456690610555,
        0.278774624247891,
        -1.7756227029474454,
        1.8841282659115013,
        1.4243004011860876,
        2.194670844684585,
        -1.460703581689548,
        0.7214649379889844,
        0.9597947146749215
    ],
    "oo": false,
    "mo": [
        [
            [
                -0.0006759646126536608,
                0.29927030169732166,
                -0.3462274396779234,
                8.605320332720376e-17,
                3.939882060038481e-17,
                7.889828731142685e-16,
                3.3926404242363087e-15,
                0.7536329047545339,
                -0.04212962597486037,
                -1.9787273803394574,
                0.3919680788579579
            ],
            [
                0.0030199268288898266,
                -0.010376345653220665,
                -0.04252624282106902,
                1.3470655289584015e-16,
                -1.6614267143322017e-17,
                5.349094522909051e-18,
                7.065723549720283e-16,
                -0.0011566598066750737,
                0.08634607499504185,
                -0.6213687388412529,
                -2.011135686114742
            ],
            [
                0.9953307499613268,
                -0.22184396658762484,
                -0.08971598255278482,
                2.563931972313751e-17,
                5.184322122750863e-19,
                1.0482157194006413e-16,
                1.375106114855382e-15,
                0.060403419735312845,
                -0.1126914971906757,
                -0.02914657906188684,
                -0.014683082595571965
            ],
            [
                0.022693837529782587,
                0.48189237781875677,
                0.18906341639521143,
                -4.707933061305829e-17,
                4.14729479528572e-17,
                -1.1003651365141979e-15,
                -1.559533564356011e-14,
                -0.5966555386238003,
                1.38602298482656,
                -0.3514510370971168,
                -0.6951389837446755
            ],
            [
                -0.007031916667583294,
                0.344171671308348,
                0.4570099403342972,
                -1.6507930812759416e-16,
                -7.396133772066832e-17,
                5.320128331587683e-16,
                1.238649414855697e-14,
                0.07187879450067934,
                -1.3761544340635765,
                2.151608256922106,
                1.7716469898030425
            ],
            [
                -4.003810374380619e-18,
                9.752492789031104e-18,
                7.933194664404294e-17,
                0.6464688001988647,
                -0.160273902901884,
                0.941715605701192,
                -0.045139712386845436,
                -8.401874831809158e-16,
                -2.1396222476897811e-16,
                -2.0338977438621235e-17,
                -1.1836249515831898e-17
            ],
            [
                -1.9401686519298743e-18,
                6.812968073517048e-18,
                2.957652831031951e-17,
                0.16027390290188384,
                0.6464688001988649,
                0.04513971238684539,
                0.9417156057011917,
                -4.46924655003111e-15,
                1.0142724298861925e-14,
                4.9448589844807276e-20,
                8.433000001415636e-16
            ],
            [
                -0.002480313769997857,
                -0.197390291976861,
                0.573814453416466,
                -8.911629175320014e-17,
                -5.145632737469923e-18,
                9.25317444485676e-16,
                1.0113116841608344e-15,
                0.9553121291641589,
                0.3675473571874738,
                -0.06704519500445447,
                0.19908525772829241
            ],
            [
                -4.387586910404519e-19,
                4.7891988167636e-18,
                4.733548619986198e-17,
                0.46982667348578877,
                -0.11648041579703845,
                -1.0467346009399952,
                0.05017363899009569,
                9.511938970568604e-16,
                2.9824471033968935e-16,
                5.199702089512663e-17,
                5.1827531242199555e-17
            ],
            [
                -7.90890108953331e-20,
                2.388347709409143e-18,
                2.0260523557834614e-17,
                0.11648041579703844,
                0.46982667348578855,
                -0.05017363899009539,
                -1.0467346009399954,
                5.040628714366818e-15,
                -1.118655815640795e-14,
                1.384648869172288e-16,
                -8.805007620873876e-16
            ],
            [
                0.0013866413598971471,
                0.009157854651314598,
                0.24277157940719554,
                7.85703824037631e-17,
                -1.3996550554936712e-18,
                -4.1227735036260154e-16,
                1.7668798364858056e-15,
                -0.4774153435441483,
                -0.42762135267648826,
                -1.6644270967653751,
                -0.44621895335570005
            ]
        ],
        [
            [
                -0.0006759646126536608,
                0.29927030169732166,
                -0.3462274396779234,
                8.605320332720376e-17,
                3.939882060038481e-17,
                2.666639333283117e-15,
                1.1542871038846164e-14,
                0.7536329047545316,
                0.04212962597485498,
                -1.978727380339467,
                0.39196807885791457
            ],
            [
                0.0030199268288898266,
                -0.010376345653220665,
                -0.04252624282106902,
                1.3470655289584015e-16,
                -1.6614267143322017e-17,
                7.103979326639651e-16,
                1.130916687392087e-15,
                -0.0011566598066703093,
                -0.08634607499504221,
                -0.621368738841206,
                -2.011135686114761
            ],
            [
                0.9953307499613268,
                -0.22184396658762484,
                -0.08971598255278482,
                2.563931972313751e-17,
                5.184322122750863e-19,
                7.063924364948263e-16,
                1.5968201437433238e-15,
                0.060403419735313164,
                0.11269149719067553,
                -0.029146579061886817,
                -0.014683082595572656
            ],
            [
                0.022693837529782587,
                0.48189237781875677,
                0.18906341639521143,
                -4.707933061305829e-17,
                4.14729479528572e-17,
                -7.712687117292219e-15,
                -1.666386150687054e-14,
                -0.596655538623802,
                -1.38602298482656,
                -0.3514510370970967,
                -0.695138983744685
            ],
            [
