{
    "OVOS": [
        -102.39249505164543,
        -102.588078
    ],
    "UHF": [
        -102.21794414331487,
        -102.59794
    ],
    "UMP2": [
        -101.31336303837459,
        -102.59794
    ]
}