{
    "dist": 1.3,
    "thetas": [
        1.704757879308132,
        -3.011204310279467,
        0.8397366260192594,
        1.563280899135842,
        -0.009380718364163876,
        -1.7291536732871136,
        -1.8971269718342263,
        1.6369627429575306,
        -2.0790379300152217,
        -2.586537231132677
    ],
    "oo": false,
    "mo": [
        [
            [
                0.25267378305679095,
                0.20163400551449145,
                0.9274286092292632,
                -0.9269932489976646
            ],
            [
                0.3872630740331241,
                0.924535698753798,
                -0.6955183255627099,
                1.1090011057391365
            ],
            [
                0.25267378305679083,
                -0.20163400551449182,
                0.9274286092292803,
                0.9269932489976467
            ],
            [
                0.387263074033124,
                -0.924535698753798,
                -0.6955183255627294,
                -1.1090011057391231
            ]
        ],
        [
            [
                0.25267378305679095,
                0.20163400551449145,
                0.9274286092292632,
                -0.9269932489976646
            ],
            [
                0.3872630740331241,
                0.924535698753798,
                -0.6955183255627099,
                1.1090011057391365
            ],
            [
                0.25267378305679083,
                -0.20163400551449182,
                0.9274286092292803,
                0.9269932489976467
            ],
            [
                0.387263074033124,
                -0.924535698753798,
                -0.6955183255627294,
                -1.1090011057391231
            ]
        ]
    ],
    "iterations": 50,
    "final_energy": -1.473978,
    "iter_energies": [
        -1.4440528833698212,
        -1.4444906605589958,
        -1.453926964541507,
        -1.4543156575161496,
        -1.4579521409842795,
        -1.4630092071770526,
        -1.4670592011363757,
        -1.4700624898074608,
        -1.4711758107287431,
        -1.4721882723993382,
        -1.4735383372103366,
        -1.4738755694377133,
        -1.4739674645564012,
        -1.4739720118764177,
        -1.4739720780416306,
        -1.473972102298203,
        -1.4739721206231988,
        -1.4739721214378874,
        -1.4739721229723086,
        -1.4739721258919705,
        -1.473972131434291,
        -1.4739721418392338,
        -1.4739721609766516,
        -1.4739721950519804,
        -1.473972253068055,
        -1.4739723478172762,
        -1.4739725030833377,
        -1.4739727664421043,
        -1.4739731926262027,
        -1.4739737119334517,
        -1.473974622138521,
        -1.4739758913818,
        -1.4739761001223781,
        -1.4739763375481232,
        -1.473976455812932,
        -1.473976665017685,
        -1.4739769963307618,
        -1.473977400752109,
        -1.4739775382209794,
        -1.4739776258769486,
        -1.4739776985139752,
        -1.4739777943375034,
        -1.473977832095294,
        -1.473977866132384,
        -1.47397787711658,
        -1.4739778883365173,
        -1.4739778901483398,
        -1.473977890988557,
        -1.4739778910923553,
        -1.473977891095697
    ],
    "function_evaluations": 60,
    "gradient_evaluations": 60
}