{
    "dist": 1.3,
    "thetas": [
        0.5537421544386962,
        2.498909051664074,
        2.460060126744791,
        1.9844653968763062,
        -2.9160917365612167,
        1.2048484202477079,
        -0.7622701226724877,
        0.11630770046138306,
        0.9924383276466164,
        -1.9235958127940909
    ],
    "oo": false,
    "mo": [
        [
            [
                0.252673783056791,
                -0.2016340055144918,
                0.927428609229276,
                0.926993248997651
            ],
            [
                0.38726307403312504,
                -0.9245356987537974,
                -0.6955183255627242,
                -1.1090011057391262
            ],
            [
                0.2526737830567906,
                0.2016340055144925,
                0.9274286092292671,
                -0.9269932489976599
            ],
            [
                0.3872630740331232,
                0.9245356987537978,
                -0.6955183255627142,
                1.1090011057391334
            ]
        ],
        [
            [
                0.252673783056791,
                -0.2016340055144918,
                0.927428609229276,
                0.926993248997651
            ],
            [
                0.38726307403312504,
                -0.9245356987537974,
                -0.6955183255627242,
                -1.1090011057391262
            ],
            [
                0.2526737830567906,
                0.2016340055144925,
                0.9274286092292671,
                -0.9269932489976599
            ],
            [
                0.3872630740331232,
                0.9245356987537978,
                -0.6955183255627142,
                1.1090011057391334
            ]
        ]
    ],
    "iterations": 264,
    "final_energy": -1.473978,
    "iter_energies": [
        -1.2190146213083648,
        -1.2577649923340743,
        -1.3303281159995484,
        -1.436175469662861,
        -1.4544019375082906,
        -1.4640558189494923,
        -1.4719609715164537,
        -1.4730523553265016,
        -1.4734433550887123,
        -1.4737581629950565,
        -1.4737826819246145,
        -1.4738103814931536,
        -1.4738173843603235,
        -1.4738199605157547,
        -1.4738219599118219,
        -1.47382292647071,
        -1.4738232545576422,
        -1.4738234556163239,
        -1.4738236527978092,
        -1.4738237477157725,
        -1.473823765383464,
        -1.4738237664567941,
        -1.4738237665744027,
        -1.473823766784226,
        -1.4738237671710777,
        -1.4738237678915744,
        -1.4738237692307117,
        -1.4738237716929086,
        -1.473823776135657,
        -1.4738237839480774,
        -1.4738237973158201,
        -1.4738238198472107,
        -1.4738238581263268,
        -1.4738239240576194,
        -1.4738240351240883,
        -1.473824198903766,
        -1.4738244533191414,
        -1.4738249000118953,
        -1.4738256652141772,
        -1.473826715159676,
        -1.4738269262109331,
        -1.4738273340897863,
        -1.4738278027196288,
        -1.4738282265256584,
        -1.473828717788572,
        -1.4738290929791054,
        -1.473829773484842,
        -1.47383079569375,
        -1.4738322388698828,
        -1.4738341243166633,
        -1.4738352395657448,
        -1.473836029986573,
        -1.4738373865262133,
        -1.4738396121272674,
        -1.473841206889999,
        -1.4738438393476336,
        -1.4738478652959806,
        -1.4738500312293081,
        -1.4738519158648669,
        -1.4738552032708088,
        -1.473860761443631,
        -1.473869242386776,
        -1.4738810927957375,
        -1.4738874977744836,
        -1.4738900559989045,
        -1.4738945719810985,
        -1.4739019140504521,
        -1.4739111441455006,
        -1.4739205618875937,
        -1.4739256239759122,
        -1.4739287758458492,
        -1.4739331424850084,
        -1.4739366694416405,
        -1.4739415242831873,
        -1.4739447801660261,
        -1.4739473549762507,
        -1.473950338090939,
        -1.4739542288211311,
        -1.473957007576913,
        -1.4739603515789927,
        -1.4739618152143192,
        -1.4739635437016974,
        -1.473966265146611,
        -1.4739692941881288,
        -1.473970860934824,
        -1.4739713006728843,
        -1.4739720462389343,
        -1.4739725914902673,
        -1.473972993012605,
        -1.473973172349587,
        -1.4739733530451309,
        -1.4739733918445135,
        -1.4739734011089056,
        -1.4739734055482663,
        -1.4739734100835393,
        -1.473973415448271,
        -1.4739734244397893,
        -1.473973440390252,
        -1.4739734695222935,
        -1.473973523431822,
        -1.4739736243902388,
        -1.4739741972027585,
        -1.4739746622763736,
        -1.4739754177296667,
        -1.473975676325589,
        -1.4739757500739075,
        -1.4739758470630624,
        -1.473975878999654,
        -1.4739759267923835,
        -1.473976010138917,
        -1.4739761490736745,
        -1.4739763574440325,
        -1.4739765752502607,
        -1.47397664742666,
        -1.4739767679451583,
        -1.4739769427110743,
        -1.4739770084285329,
        -1.4739771126829304,
        -1.47397725021654,
        -1.4739773527325521,
        -1.4739774804009182,
        -1.4739775173371255,
        -1.4739775557040085,
        -1.473977613746141,
        -1.473977678916305,
        -1.4739777324681616,
        -1.4739777565242058,
        -1.4739777933935252,
        -1.473977840418161,
        -1.4739778619135477,
        -1.4739778749150905,
        -1.4739778953571105,
        -1.4739779250875877,
        -1.4739779381054328,
        -1.473977959228712,
        -1.4739779849124144,
        -1.4739779920778349,
        -1.4739780041670671,
        -1.4739780229373451,
        -1.4739780302549728,
        -1.4739780421029813,
        -1.4739780589319103,
        -1.4739780642988538,
        -1.4739780710631936,
        -1.4739780819222972,
        -1.4739780925283392,
        -1.4739781048608533,
        -1.4739781109779209,
        -1.4739781136549288,
        -1.4739781180990081,
        -1.473978125173628,
        -1.4739781295212329,
        -1.4739781362925846,
        -1.4739781432673873,
        -1.4739781510566767,
        -1.473978157115857,
        -1.4739781581936109,
        -1.473978160102245,
        -1.4739781633892435,
        -1.47397816830526,
        -1.4739781750716496,
        -1.4739781766753421,
        -1.4739781790028363,
        -1.4739781826840044,
        -1.4739781871610973,
        -1.4739781886195513,
        -1.4739781907153742,
        -1.4739781940664964,
        -1.4739781980464348,
        -1.4739781991644823,
        -1.4739782009194247,
        -1.4739782037267248,
        -1.4739782074666696,
        -1.4739782083788895,
        -1.4739782099340917,
        -1.4739782124492267,
        -1.473978214553164,
        -1.473978217619002,
        -1.473978218989837,
        -1.4739782211390735,
        -1.4739782237483887,
        -1.473978225276702,
        -1.4739782258770138,
        -1.4739782269178519,
        -1.4739782286271685,
        -1.473978229869905,
        -1.4739782317803396,
        -1.4739782338782257,
        -1.4739782343928236,
        -1.4739782352953754,
        -1.473978236799759,
        -1.473978238510678,
        -1.4739782404656399,
        -1.4739782412873557,
        -1.4739782418219003,
        -1.4739782427121162,
        -1.4739782440578104,
        -1.4739782449835517,
        -1.4739782461356763,
        -1.4739782467329114,
        -1.473978247608287,
        -1.4739782488970383,
        -1.473978249646311,
        -1.4739782502169108,
        -1.4739782508642307,
        -1.473978251720385,
        -1.4739782524548442,
        -1.4739782532555081,
        -1.4739782542883209,
        -1.47397825495592,
        -1.4739782558580985,
        -1.4739782569890596,
        -1.4739782576844234,
