{
    "dist": -0.1,
    "thetas": [
        0.5537421544386962,
        2.498909051664074,
        2.460060126744791,
        1.9844653968763062,
        -2.9160917365612167,
        1.2048484202477079,
        -0.7622701226724877,
        0.11630770046138306,
        0.9924383276466164,
        -1.9235958127940909,
        -1.4305782372210243,
        1.3735415900651207,
        1.7781641208316445,
        2.2011734789331534,
        1.7294146738215828,
        -2.911224022186897,
        -2.40838429156288,
        1.578843198998931,
        -1.6385402723546971,
        -1.5405992506075,
        2.2470274829181465,
        2.8260449683589304,
        0.3875899599017809,
        -2.018281518058492,
        1.6980429755320765,
        -0.047871339949845826,
        0.824687333071147,
        2.133128361069385,
        -0.24479669277424554,
        -0.012942901129407325,
        1.1272732977552549,
        0.9474158401493504,
        -1.4527023588714385,
        -2.718579295467798,
        1.7055401050398515,
        -0.119480220538136,
        -1.073127789488372,
        0.0668597278125862,
        -1.4851638708039598,
        -1.1905910446293386
    ],
    "oo": false,
    "mo": [
        [
            [
                -0.09342635320493621,
                0.29601214994904373,
                0.18601659780982094,
                -1.929859919252385e-16,
                5.159226286320378e-17,
                0.5232134550678098,
                8.737642404144861e-12,
                -1.3319102868793537e-11,
                1.722376167124426,
                8.381774916765652,
                11.081748244919744
            ],
            [
                -0.016049491253332458,
                0.042344070701557386,
                0.022175914432381965,
                -2.5381683210915736e-16,
                -2.153196846137575e-16,
                0.29308433734201955,
                -1.906857938364278e-12,
                2.9099585701201863e-12,
                0.4753849394837955,
                3.244567663683262,
                -0.09307847790530467
            ],
            [
                1.0124718028171837,
                -0.2780638978035073,
                0.008842655827449754,
                9.830085757784265e-18,
                -2.861376708646937e-17,
                -0.08664287490937327,
                -1.3242003341871735e-12,
                2.0181068179216095e-12,
                -0.3332830446888894,
                -1.1528851954845662,
                -1.588218558286033
            ],
            [
                0.049058557005995214,
                0.4876296178666742,
                -0.16223051491465953,
                1.2475315644586657e-17,
                1.137490710036261e-16,
                -0.03646668748267061,
                -5.2020816322136524e-12,
                7.938263569798222e-12,
                0.5705117857337161,
                -3.9123371734971593,
                -6.703185851467094
            ],
            [
                0.06049610989350623,
                0.2443204118773004,
                -0.29597918428354225,
                5.124249027692555e-16,
                2.7322559408868175e-17,
                -0.7600076706299128,
                -2.0062008018040455e-12,
                3.0469301840067895e-12,
                -2.7055869097086442,
                -7.008363102213831,
                -4.269734875436719
            ],
            [
                -2.0774859815488514e-19,
                1.5248064787111006e-17,
                1.542027539471206e-16,
                0.5490424621267032,
                -0.5391839215413178,
                3.454370705186063e-13,
                0.8603524569734728,
                -0.010111011342686573,
                -4.82568808990481e-13,
                5.24698668627053e-13,
                -1.0285485339182272e-12
            ],
            [
                -2.2702240402075413e-20,
                1.8561615155502698e-17,
                4.989000999105357e-16,
                0.5391839215413179,
                0.5490424621267032,
                5.106365881776545e-13,
                -0.010111011342686507,
                -0.8603524569734746,
                -7.109030970055778e-13,
                7.796151272736998e-13,
                -1.529139845213671e-12
            ],
            [
                0.03279461571120595,
                0.1802935472658728,
                0.7787471886122493,
                -4.13412735898496e-16,
                -1.0541265420599377e-16,
                0.7174248127856198,
                -1.5334878163319585e-12,
                2.333928452612056e-12,
                -0.38038549138462346,
                -1.1025593649474361,
                -1.4486843534862726
            ],
            [
                5.085905864265796e-20,
                2.8329841886152288e-18,
                5.4167747028518063e-17,
                0.25755905797700157,
                -0.2529343584294209,
                -4.4014812325329805e-13,
                -1.0963562555578754,
                0.012884568929536752,
                6.150017971809978e-13,
                -6.686801020978789e-13,
                1.3107203851104058e-12
            ],
            [
                -1.6578024788869402e-20,
                3.706656563743002e-18,
                2.1312352234334934e-16,
                0.2529343584294212,
                0.2575590579770015,
                -6.507466983647164e-13,
                0.012884568929536787,
                1.0963562555578774,
                9.059476110128258e-13,
                -9.935631184524523e-13,
                1.9486586739067564e-12
            ],
            [
                -0.0009983870924550758,
                0.003371812663770738,
                0.2618101920234947,
                -2.7734286529045707e-16,
                -1.6246570240699526e-17,
                -1.1658606647939869,
                -3.854306466165226e-14,
                6.310821774092162e-14,
                -0.017383979483169866,
                -0.7281186285845085,
                -0.7873613700943822
            ]
        ],
        [
            [
                -0.09342635320493621,
                0.29601214994904373,
                0.18601659780982094,
                -1.929859919252385e-16,
                5.159226286320378e-17,
                0.5232134548604059,
                -1.2766105294827567e-11,
                -9.534550286992703e-12,
                -1.722376168423942,
                8.381774934838633,
                11.08174823105797
            ],
            [
                -0.016049491253332458,
                0.042344070701557386,
                0.022175914432381965,
                -2.5381683210915736e-16,
                -2.153196846137575e-16,
                0.29308433720018595,
                2.7855854083728654e-12,
                2.0828398766692783e-12,
                -0.47538493964397915,
                3.244567663519092,
                -0.09307848325749915
            ],
            [
                1.0124718028171837,
                -0.2780638978035073,
                0.008842655827449754,
                9.830085757784265e-18,
                -2.861376708646937e-17,
                -0.08664287489413364,
                1.93466767571849e-12,
                1.444716596815567e-12,
                0.33328304487051935,
                -1.152885198070002,
                -1.5882185563719946
            ],
            [
                0.049058557005995214,
                0.4876296178666742,
                -0.16223051491465953,
                1.2475315644586657e-17,
                1.137490710036261e-16,
                -0.03646668721654502,
                7.601062542027566e-12,
                5.681525674163554e-12,
                -0.5705117849840977,
                -3.9123371845139916,
                -6.703185845102352
            ],
            [
