{
    "dist": 1.4,
    "thetas": [
        -2.8354451983958078,
        -1.325063087034727,
        1.3883725037911319,
        -3.0057737497215755,
        -1.8477417604476294,
        -2.822574873123744,
        -1.2423623306579668,
        1.0298787548813921,
        -1.2056528250732828,
        0.5252194785450901,
        -2.7044654537614434,
        2.30847045561727,
        -2.304417780706233,
        -2.022402397232817,
        -0.02557539272590459,
        2.285192262914668,
        1.6269921026744445,
        2.9561452268403734,
        1.6292459897763445,
        -0.7272784976778075,
        -0.573539651253947,
        1.3405831056173065,
        -1.4409243148323205,
        2.2248939625261066,
        2.5959857833208897,
        1.6383787056745502,
        0.10473151153364979,
        -2.0870494395307757,
        -1.2648536355851678,
        -1.357525884977483,
        -1.0856553998608915,
        -0.2504456690610555,
        0.278774624247891,
        -1.7756227029474454,
        1.8841282659115013,
        1.4243004011860876,
        2.194670844684585,
        -1.460703581689548,
        0.7214649379889844,
        0.9597947146749215
    ],
    "oo": false,
    "mo": [
        [
            [
                0.00017433756495419987,
                0.03974764487304716,
                -2.6906288291845324e-16,
                -9.085512374794258e-16,
                -0.22805634390545104,
                -0.24796377391100483,
                1.2489754763690322,
                -1.7745559900444756e-16,
                -4.352775994670337e-16,
                0.3017152412974573,
                -0.25617108001572925
            ],
            [
                0.000798130808646196,
                0.01363306563794081,
                -2.615807833889765e-16,
                -1.0137897945706986e-15,
                -0.2704154740178238,
                -0.8681847590712067,
                -1.219826731935329,
                1.4901495221712535e-16,
                3.498130343692483e-16,
                -0.10686601241301603,
                -0.28621128510903726
            ],
            [
                0.9955818943960264,
                -0.2378770218241248,
                -2.9862333792683977e-16,
                -2.995554842222671e-17,
                -0.03149565521104288,
                -0.03926992607340543,
                -0.0034418873095248847,
                -2.522613806440316e-17,
                -2.1418786589662257e-17,
                0.06399178345305896,
                0.09852509918656584
            ],
            [
                0.02058311685385319,
                0.5175106570875401,
                2.0201131313478635e-16,
                1.5900082164706374e-16,
                0.08355193939641821,
                0.06263634394302954,
                -0.058259696036745336,
                5.67604495065985e-16,
                5.84644535780546e-16,
                -0.7513079219091782,
                -1.3314259075106991
            ],
            [
                -0.004545983369363665,
                0.5614425750752292,
                -2.3210098806275818e-17,
                5.843924012747471e-16,
                0.11086576508313525,
                0.2931696721448048,
                0.3086005857063161,
                -5.858904472075715e-16,
                -6.173560935264387e-16,
                0.7344365114594126,
                1.4217229621996776
            ],
            [
                6.891755680999712e-17,
                4.3917976942440786e-17,
                0.6426549366130966,
                -0.17447850785215566,
                -8.69277627974194e-17,
                1.912617132095436e-17,
                -1.7509171783005485e-16,
                0.5821150827280199,
                -0.7417340645019248,
                -2.0371869200945767e-16,
                -5.068504683375799e-18
            ],
            [
                9.208502587646161e-17,
                2.0010814970389248e-17,
                0.17447850785215585,
                0.6426549366130949,
                -2.9195166376112404e-15,
                1.0778219528731095e-16,
                1.738938048484194e-16,
                0.7417340645019246,
                0.5821150827280208,
                8.303405822833882e-16,
                1.1305801495358837e-16
            ],
            [
                -0.0008594023689629294,
                -0.016980027476689207,
                7.116352502529879e-16,
                2.2041205302690275e-15,
                0.507933974084774,
                -0.3701130362349535,
                0.2276685931436541,
                3.513837953291566e-16,
                3.932873727008185e-16,
                -0.8153556372232877,
                0.5107360091879393
            ],
            [
                7.242685799960373e-17,
                -6.80980978895631e-18,
                0.46727003208397744,
                -0.1268621359881113,
                -6.323366779348813e-17,
                -1.83052260197383e-17,
                1.7093354997403104e-16,
                -0.6469346399660076,
                0.8243274812950971,
                1.8211046644222477e-16,
                1.830200612171136e-17
            ],
            [
                -1.8346252368727396e-16,
                -1.8593743865950495e-19,
                0.1268621359881106,
                0.4672700320839784,
                -2.159336464350754e-15,
                1.2883248096113668e-16,
                -2.2812806067343337e-16,
                -0.824327481295096,
                -0.6469346399660066,
                -8.534010615923545e-16,
                -1.6575188874201151e-16
            ],
            [
                0.000679003221708345,
                -0.026206078118851842,
                5.199296605875028e-16,
                1.7529801993595795e-15,
                0.3963940736134213,
                -0.43711958161247855,
                -0.20805157199485236,
                -3.6806572880193383e-16,
                -4.522265744573584e-16,
                0.9219603576313269,
                -0.6901933964881951
            ]
        ],
        [
            [
                0.00017433755768032013,
                0.039747365629938726,
                -6.593246143516396e-16,
                -3.581420559331291e-17,
                -0.22805380947565496,
                -0.24796422059694398,
                1.2489756131468532,
                -3.769398857380057e-16,
                -5.514335543943528e-18,
                0.30171637326149664,
                -0.256170947148127
            ],
            [
                0.000798131238189605,
                0.013632844393313207,
                -9.161010466124053e-16,
                -3.102469595717826e-17,
                -0.2704120065477934,
                -0.8681867917055208,
                -1.2198260579753628,
                3.1474692903527907e-16,
                2.890668422686295e-17,
                -0.10686580430188959,
                -0.2862113560963001
            ],
            [
                0.9955818913349191,
                -0.23787706788448376,
                -3.621422577351204e-17,
                -1.3930038457273345e-17,
                -0.031495487669557946,
                -0.03926995842980382,
                -0.0034418805006703797,
                -2.0310979402092373e-16,
                1.2982300474168609e-17,
                0.06399162159189561,
                0.09852516493900734
            ],
            [
                0.0205831302818804,
                0.5175109443433163,
                2.000653216709375e-17,
                -7.076553061917825e-17,
                0.08355142402078154,
                0.0626366873015729,
                -0.05825978108250239,
                9.868568101347353e-16,
                -1.2948571733388824e-16,
                -0.7513054930486616,
                -1.3314271786914664
            ],
            [
