{
    "dist": 1.35,
    "thetas": [
        -3.0764099223207433,
        0.01177840984590972,
        -0.026557182477288332,
        -2.3007169235661014,
        -2.248682369474494,
        -1.7683479941393894,
        -0.512028202872056,
        -1.5827270375196305,
        -2.613430288461024,
        -0.9707606747745907,
        -2.0937059634728197,
        2.3785568841181437,
        2.833490577583455,
        -2.8981294278830885,
        1.2510286361875504,
        0.4571634041388086,
        2.5007524773851486,
        1.0486571744320248,
        0.3005736555656977,
        1.2718890166746162,
        -0.7132849799065748,
        1.2216942432770699,
        2.0412213292864516,
        -0.21571133114546903,
        2.767896497391848,
        1.9084532601475015,
        3.0370357265324968,
        -2.075736612374536,
        0.13247914925031923,
        2.7992684884377166,
        0.9395904409587343,
        2.2671738383730498,
        2.9584127451094044,
        -1.975799852373875,
        -1.614051814515542,
        2.346146691061457,
        2.5527154170067154,
        1.622808451808627,
        -0.961943394595556,
        -0.229118149317471
    ],
    "oo": false,
    "mo": [
        [
            [
                0.00021414551886090927,
                0.04443034459947101,
                2.385282581592087e-15,
                3.4516623127941036e-17,
                -0.23286770926341355,
                -0.23885539236087372,
                -1.244412488535867,
                3.120107878175571e-16,
                -2.5654515696457257e-16,
                0.3075580403449422,
                -0.3005499300889291
            ],
            [
                0.0008421076003979479,
                0.012534541762843514,
                2.592209631451104e-15,
                4.221691511159126e-17,
                -0.25660775919753187,
                -0.9035397078902625,
                1.208544222171746,
                -2.335096619311419e-16,
                5.222860203751169e-16,
                -0.11577966189144513,
                -0.2901879380128303
            ],
            [
                0.9955792025771215,
                -0.23750040386424742,
                2.519543145855546e-16,
                1.460543861159567e-17,
                -0.0337318353952878,
                -0.04181073469129531,
                0.0005275823400037957,
                -4.8683398264084487e-17,
                1.13300659204608e-18,
                0.06688936833087071,
                0.09579331542096785
            ],
            [
                0.02062705057939945,
                0.5160083726510947,
                -8.501951893707909e-16,
                -4.34589777559722e-17,
                0.08825547286900524,
                0.06524894273834661,
                0.06971847505164241,
                5.233442483564542e-16,
                -1.4249211306971962e-16,
                -0.7812009513805367,
                -1.3203178402606075
            ],
            [
                -0.004617229406050245,
                0.5610800395032779,
                -1.3732125946734207e-15,
                -2.745172419534001e-17,
                0.11940335504288205,
                0.3250442031897198,
                -0.31748816551039605,
                -4.902921429992934e-16,
                -3.430770278644181e-17,
                0.762548707956154,
                1.4289018544298517
            ],
            [
                1.5899810635220863e-16,
                6.252263094832046e-17,
                0.6600159396712315,
                0.08444896254579273,
                7.13324041450073e-15,
                -2.9594298674136296e-16,
                -5.68979598573343e-18,
                0.6518412947566169,
                0.6817813196270115,
                -1.0713447260762869e-16,
                4.672028151043526e-16
            ],
            [
                1.3528232147672014e-17,
                1.416257001308677e-17,
                -0.0844489625457927,
                0.6600159396712322,
                -7.5081535211369865e-16,
                2.7465878623752844e-17,
                -2.710115299113662e-16,
                -0.6817813196270113,
                0.6518412947566166,
                -4.924733617350409e-16,
                -9.557321187382924e-17
            ],
            [
                -0.000915073519378948,
                -0.02020752468228213,
                -5.731504285022458e-15,
                -1.6340333152637473e-16,
                0.510389207739774,
                -0.36628772520988057,
                -0.24599081599093034,
                1.4106193089796568e-16,
                -5.079834092111992e-16,
                -0.8010569166198317,
                0.5282808437605407
            ],
            [
                3.762644134239594e-18,
                1.5187785349550576e-17,
                0.4808455094320461,
                0.06152412688179402,
                5.239380823864469e-15,
                -1.7638895649873234e-16,
                -9.074651121079219e-17,
                -0.7239563623031753,
                -0.7572087377921055,
                1.2537401854991556e-16,
                -2.903154326068671e-16
            ],
            [
                -3.8793228842413874e-17,
                8.264119097892403e-18,
                -0.061524126881794136,
                0.4808455094320467,
                -5.431223755867626e-16,
                -3.0744760478812624e-17,
                2.8715415635058276e-16,
                0.7572087377921057,
                -0.7239563623031752,
                5.607059043537666e-16,
                8.986856344734769e-17
            ],
            [
                0.0007420449768860485,
                -0.028895820081558197,
                -4.312347847531825e-15,
                -9.70986636328218e-17,
                0.3952036384682086,
                -0.44470882145644114,
                0.18754604893527482,
                -1.1681077375431315e-16,
                6.507538702647237e-16,
                0.9152494616264877,
                -0.7338653075565584
            ]
        ],
        [
            [
                0.00021414553945645385,
                0.044429984661300326,
                5.732384177961098e-15,
                -2.4499767309464053e-15,
                -0.23286451619733295,
                -0.23885590281156477,
                1.244412657694456,
                1.9203390116293668e-17,
                3.355294840775502e-16,
                0.307559545940411,
                -0.3005498105173003
            ],
            [
                0.000842107880034902,
                0.012534303206608869,
                6.450749138243209e-15,
                -2.6204745116745578e-15,
                -0.25660351131428194,
                -0.9035421124188608,
                -1.208543329784923,
                2.038245923242317e-16,
                -1.2286622809718097e-16,
                -0.11577944624713628,
                -0.2901880203266908
            ],
            [
                0.995579199877535,
                -0.23750043672763455,
                8.685511461500135e-16,
                -3.2384161866335646e-16,
                -0.03373160475019116,
                -0.04181080444099606,
                -0.0005275738077925001,
                9.212667760818694e-17,
                9.140049873445101e-17,
                0.0668892057885188,
                0.09579342631793575
            ],
            [
                0.020627061805550267,
                0.5160084778318543,
                -1.8908288334347858e-15,
                9.813745050708785e-16,
                0.08825476292844205,
                0.06524940484046876,
                -0.06971856801639469,
                -6.27886740997966e-16,
                -6.613662402681915e-16,
                -0.7811981791191708,
                -1.320319458965602
            ],
            [
