{
    "dist": 3.0,
    "thetas": [
        1.7448557058857794,
        -1.649077150016919,
        2.0375021118516665,
        2.926388517974451,
        2.9694403750439315,
        -0.2924870046656962,
        0.6851339998803385,
        1.7311841483035746,
        0.8897828870907407,
        1.394981677626908,
        -2.921451680140999,
        -1.2663793231633795,
        -2.773947824309876,
        2.243480068231582,
        -0.7988817039240748,
        1.1300180068818442,
        -1.531338241455982,
        -0.9576754694920289,
        -3.0824504749171866,
        -0.8901150950318448,
        2.8217419638603713,
        -1.7724928009645748,
        -1.1347975131086745,
        2.6249413174642493,
        -2.941136005369488,
        -2.7326544467196805,
        0.815739659640105,
        2.3487391344402075,
        -3.0868300924373417,
        1.5492904725652465,
        1.9656390491245403,
        -2.6658459083030457,
        0.9830378595694711,
        0.05819611947691916,
        -0.12639637898020917,
        2.862456773761779,
        -3.1415170444428115,
        -1.5897797083310843,
        1.3334972435574386,
        -1.1021834873956844
    ],
    "oo": false,
    "mo": [
        [
            [
                -7.033125112118393e-05,
                -0.0003742181938240378,
                -0.015407147025325963,
                -4.535134150217803e-08,
                0.42792971001220204,
                -0.0010430783741937765,
                1.2439777671360102,
                4.364335547931023e-08,
                -0.16847118503563535,
                -0.002891030848646396,
                -0.10443184319523333
            ],
            [
                0.00011013518889470161,
                0.002968199488860846,
                -0.042691433456736025,
                -1.321453505283071e-07,
                0.6636981786077539,
                -2.7026649309068106e-05,
                -1.133864428051482,
                -5.123253681450966e-08,
                0.18949646810236223,
                0.003344546788616268,
                0.11889907130994666
            ],
            [
                0.9958461554777415,
                -0.2393186962738642,
                -0.00020963917502134756,
                -4.381083155020359e-09,
                0.0029531826966173818,
                -4.076402311593169e-07,
                -0.01017277290347328,
                -6.07435058959465e-09,
                0.0077541984310537816,
                0.000569598393528369,
                -0.12215400113820257
            ],
            [
                0.019280530894352353,
                0.5266372177864357,
                0.00044592601544208747,
                -2.3996183777854405e-09,
                -0.008608821114271446,
                -1.0999908681362994e-06,
                0.0851704253444948,
                9.821633922459743e-08,
                -0.08731825468239084,
                -0.006767076235103245,
                1.4783353815494478
            ],
            [
                -0.003983364818367,
                0.5648274277659586,
                0.0006713246768050779,
                2.865249408812771e-08,
                -0.006323592802684259,
                3.8060736973711043e-06,
                -0.061645668594849184,
                -1.0721937487193887e-07,
                0.08139256196410173,
                0.006520751689419626,
                -1.4401353064493654
            ],
            [
                -1.0687324637249633e-08,
                1.4340734699158457e-06,
                -0.005881747387823925,
                0.6161687679324224,
                -0.0005204651286173465,
                -0.21737986491432892,
                8.463245510649374e-05,
                -0.856705716667514,
                0.00913739210849622,
                -0.4141167060571884,
                -0.0013626628222608856
            ],
            [
                2.369889784967293e-08,
                -3.2973284214347107e-06,
                0.013262266031529787,
                0.2731639272655354,
                0.001173998824860629,
                0.49033833719108216,
                -0.00019090915270019755,
                -0.37980039827247797,
                -0.020611692174875185,
                0.934112069148322,
                0.003073860362742032
            ],
            [
                -3.4450418688689087e-06,
                -0.00012417735462397927,
                0.6722197344546063,
                2.028953185497164e-06,
                0.049489162804890706,
                -0.011585681670881979,
                -0.11435693079123642,
                2.799532083829133e-07,
                -0.9291062007322238,
                -0.02388729870376616,
                -0.049341986515350475
            ],
            [
                4.864892317430227e-09,
                4.2605838668518995e-07,
                -0.0041443922679622125,
                0.4343810124842046,
                -0.0004057730928975576,
                -0.25018467366074876,
                -0.00046259152162710635,
                0.9617285360798711,
                -0.010067685024191935,
                0.3951633185103179,
                0.0012393456400972547
            ],
            [
                -1.0864382300152434e-08,
                -9.555056622105446e-07,
                0.009344828152247672,
                0.19257253780521352,
                0.0009152976767516192,
                0.564335163177142,
                0.0010434541208457235,
                0.4263598079104395,
                0.02271017608075205,
                -0.891359436135022,
                -0.0027956852719355865
            ],
            [
                7.154108123135884e-06,
                3.342554405824916e-05,
                0.47355144943176014,
                1.4533436041633792e-06,
                0.03443079817404631,
                -0.013333769648555224,
                0.08268977000064308,
                -3.113135014485752e-07,
                1.0504038356965182,
                0.023229261097953192,
                0.05999293241969471
            ]
        ],
        [
            [
                -7.460809522231436e-05,
                -0.0001757740583637814,
                -4.005699708700567e-05,
                -4.7155102243176495e-07,
                0.0026061631782994163,
                0.184899583949844,
                1.284852680363273,
                0.005493915618703635,
                3.735574710500457e-07,
                -0.24696987122114117,
                -0.15516006638857016
            ],
            [
                0.00011955327391654378,
                0.0009315366316734599,
                0.00021127632547014716,
                2.1427411893008573e-06,
                -0.014170069736565039,
                0.8682036270364284,
                -0.9708636129838577,
                -0.005089757912769139,
                -3.5959959981420337e-07,
                0.2391621899132547,
                0.1557318603061662
            ],
            [
                0.9952833046042211,
                -0.2435249340879336,
                1.0883872590063814e-06,
                7.659790588238617e-09,
                -3.337137094032347e-05,
                0.0038936001400552253,
                -0.012315079532673905,
                -0.0001510983785864451,
                -8.58344291326679e-09,
                0.012364077685223396,
                -0.11774693510291054
            ],
            [
                0.021675403175167446,
                0.5552754550589861,
                -2.703494527135522e-06,
                -5.948217363246235e-09,
                0.00016079664082937185,
                -0.01880535053881833,
                0.12192768602293767,
                0.0017086580604647357,
                6.968371640615414e-08,
                -0.14545054384429582,
                1.4604838647845686
            ],
