{
    "dist": 1.725,
    "thetas": [
        -3.0764099223207433,
        0.01177840984590972,
        -0.026557182477288332,
        -2.3007169235661014,
        -2.248682369474494,
        -1.7683479941393894,
        -0.512028202872056,
        -1.5827270375196305,
        -2.613430288461024,
        -0.9707606747745907,
        -2.0937059634728197,
        2.3785568841181437,
        2.833490577583455,
        -2.8981294278830885,
        1.2510286361875504,
        0.4571634041388086,
        2.5007524773851486,
        1.0486571744320248,
        0.3005736555656977,
        1.2718890166746162,
        -0.7132849799065748,
        1.2216942432770699,
        2.0412213292864516,
        -0.21571133114546903,
        2.767896497391848,
        1.9084532601475015,
        3.0370357265324968,
        -2.075736612374536,
        0.13247914925031923,
        2.7992684884377166,
        0.9395904409587343,
        2.2671738383730498,
        2.9584127451094044,
        -1.975799852373875,
        -1.614051814515542,
        2.346146691061457,
        2.5527154170067154,
        1.622808451808627,
        -0.961943394595556,
        -0.229118149317471
    ],
    "oo": false,
    "mo": [
        [
            [
                -5.777381325992372e-05,
                0.02078682007126258,
                -2.4315710231852028e-17,
                -4.324948324982634e-16,
                -0.20508210499342705,
                0.285340994406081,
                1.2905356244774187,
                1.9580802143227475e-16,
                9.481749339085862e-17,
                0.1636602450927934,
                0.04874577387738886
            ],
            [
                0.0006304825716747402,
                0.015636823115312354,
                -6.2155535720185655e-18,
                -6.613715076521107e-16,
                -0.33839110974712727,
                0.7139353142522589,
                -1.2140503898941657,
                -2.6864796411790013e-16,
                3.87216177511209e-17,
                0.054212669244596154,
                -0.3307599331230778
            ],
            [
                0.9955900204350487,
                -0.2393163822075972,
                -1.6837568282752497e-17,
                -9.7541183773129e-17,
                -0.020412645419438418,
                0.025425622523615302,
                -0.017420102335315185,
                1.0789285269487789e-16,
                2.0613365181476297e-17,
                0.03409335128547039,
                0.11445416317505809
            ],
            [
                0.02042148094336431,
                0.5238180174057556,
                1.0893191162553714e-16,
                9.980925339511638e-17,
                0.05853080556377375,
                -0.04621544848755907,
                0.0378642499017483,
                -1.680444518170872e-15,
                -5.258620807784352e-16,
                -0.39454311200301734,
                -1.453669646799823
            ],
            [
                -0.0042726220642362155,
                0.562233988973357,
                -7.49772693772075e-17,
                1.9160367396795036e-16,
                0.0663078971175769,
                -0.14927474381686695,
                0.16750636323649293,
                1.67667427470988e-15,
                4.962062862354134e-16,
                0.3687057827844159,
                1.4842985464852847
            ],
            [
                1.2960908696210498e-17,
                -1.5444888022650408e-16,
                0.04459185005387485,
                0.666612436282405,
                -2.028225214808252e-15,
                -4.237160542817405e-16,
                3.274608930289823e-17,
                0.11167925892042452,
                -0.9346885465580956,
                4.485645207843682e-16,
                1.0450017581656623e-16
            ],
            [
                -4.280075907564841e-17,
                -1.97029817717434e-17,
                0.6666124362824047,
                -0.04459185005387486,
                2.289645046043747e-17,
                -7.404454702311597e-18,
                3.1033631840295984e-18,
                -0.9346885465580954,
                -0.11167925892042369,
                9.34456451182093e-16,
                1.0130197008917462e-15
            ],
            [
                -0.0005726359472039144,
                -0.004906352897091262,
                1.2149453835136235e-16,
                1.9291608391488568e-15,
                0.4993940554796405,
                0.3787931077826454,
                0.08909021992486642,
                -5.6123183444919e-16,
                -5.01064834386444e-16,
                -0.9330187417251197,
                0.2875219548208168
            ],
            [
                6.337930041228173e-17,
                -4.028638219994666e-17,
                0.03215431931788178,
                0.4806813153434749,
                -1.543509703680387e-15,
                -3.8931803544804015e-16,
                1.9397161216772215e-17,
                -0.12445152899089951,
                1.0415848016355598,
                -5.31015853678423e-16,
                -1.0088700187594869e-16
            ],
            [
                4.601504923189764e-17,
                -4.267102246123464e-18,
                0.4806813153434745,
                -0.03215431931788184,
                2.0347327146393174e-17,
                -5.9255584716525936e-18,
                -2.1581959817360915e-18,
                1.0415848016355596,
                0.12445152899089904,
                -9.935721819443505e-16,
                -9.69181533275917e-16
            ],
            [
                0.00039712071811814914,
                -0.013501777686875013,
                6.282956169790405e-17,
                1.1917014544764154e-15,
                0.402129578138135,
                0.38883521952014327,
                -0.20886865992129322,
                5.402278422350376e-16,
                6.858184355764388e-16,
                1.0222818460842145,
                -0.36814107668979495
            ]
        ],
        [
            [
                -5.777404455418465e-05,
                0.02078666665542595,
                8.828274748662467e-17,
                5.013641267723457e-17,
                -0.20507970297416378,
                0.2853416043422641,
                1.2905358339625526,
                1.1101406823650372e-17,
                -2.0771470277500837e-16,
                0.16366046434056056,
                0.048746092408247274
            ],
            [
                0.0006304832124556907,
                0.015636626340035844,
                7.210955250258334e-17,
                1.9337148825328197e-17,
                -0.3383871551378225,
                0.7139380358462601,
                -1.2140498707642564,
                -8.903084360337037e-18,
                -8.543047991070504e-17,
                0.05421325369134275,
                -0.33075992342632105
            ],
            [
                0.9955900162072209,
                -0.23931644981299732,
                5.899150914541884e-17,
                5.835360757061606e-17,
                -0.020412536176953402,
                0.025425634212950857,
                -0.01742009131640807,
                9.611872908064091e-18,
                7.467608554196639e-17,
                0.03409313137079868,
                0.114454142663509
            ],
            [
                0.020421500177516594,
                0.5238185932234414,
                -3.510290989827425e-16,
                1.834214132068226e-17,
                0.058530456599203265,
                -0.04621573218603154,
                0.03786429500245985,
                -1.0460035070227315e-16,
                -1.5837830228285076e-16,
                -0.3945401947310903,
                -1.453670234673829
            ],
            [
