{
    "dist": 1.725,
    "thetas": [
        2.1855667552925073,
        -0.013626910764637845,
        -1.859523032357932,
        1.585069256382293,
        0.8220384850650033,
        -2.7839212907039954,
        -2.872867837764958,
        -0.5027397606753228,
        3.060297672971223,
        -2.5741139851023065,
        -2.3744251662846403,
        0.2496673797027653,
        1.8406245937279886,
        -0.716805742586871,
        -1.0835715142998037,
        -2.8692551741767,
        -1.0142829333960175,
        0.27121062892473846,
        0.33197733616490144,
        1.363914835828135,
        0.40354106223186115,
        0.6218572486113025,
        1.8077324953950757,
        2.288024164747765,
        1.9156297680911916,
        -1.4815332252829163,
        0.49399948671315874,
        -2.2878061385722064,
        0.47215045733477545,
        -2.8732461523736585,
        1.9721328625056227,
        -1.3432578969727325,
        2.807964494593704,
        2.0480359071919585,
        -2.8761355781010147,
        -0.6624231992419629,
        -1.2241454708515218,
        1.6813635975262828,
        -2.651227798597092,
        -0.001082322442041761
    ],
    "oo": false,
    "mo": [
        [
            [
                -5.777381325990632e-05,
                0.0207868200712635,
                4.735052508696501e-17,
                -4.115375250759722e-18,
                -0.20508210499342985,
                0.28534099440607813,
                1.290535624477419,
                1.388544793155086e-16,
                -8.13272972159021e-17,
                0.163660245092794,
                0.048745773877386586
            ],
            [
                0.0006304825716746895,
                0.015636823115309284,
                1.3071808639493323e-16,
                -4.889071819187008e-17,
                -0.3383911097471387,
                0.7139353142522543,
                -1.2140503898941657,
                -5.983511666242594e-17,
                3.6481383037791575e-17,
                0.05421266924459607,
                -0.3307599331230753
            ],
            [
                0.9955900204350492,
                -0.23931638220759685,
                1.169267116308379e-16,
                2.0130474059185063e-17,
                -0.020412645419439067,
                0.025425622523614456,
                -0.017420102335314817,
                3.672596572742618e-17,
                -5.282338983285356e-17,
                0.03409335128547061,
                0.11445416317505779
            ],
            [
                0.02042148094336411,
                0.5238180174057552,
                2.6906478051283568e-18,
                -2.1776604324879699e-16,
                0.058530805563774706,
                -0.046215448487556474,
                0.03786424990174527,
                -2.1155816100858358e-16,
                5.038500011424749e-16,
                -0.39454311200301706,
                -1.4536696467998227
            ],
            [
                -0.004272622064236058,
                0.5622339889733573,
                -1.5784753964159216e-16,
                1.6118531200278488e-16,
                0.06630789711758026,
                -0.14927474381686467,
                0.16750636323649487,
                1.739385202382949e-16,
                -4.823219453745834e-16,
                0.3687057827844154,
                1.4842985464852838
            ],
            [
                -3.213626808070852e-17,
                8.762913435578928e-17,
                0.4071220102035999,
                0.529728460728109,
                2.943900369434687e-16,
                1.7031021588597157e-16,
                8.663611896935556e-18,
                -0.9259467226901639,
                -0.1695216879318004,
                5.18799646042724e-16,
                -1.0643104635866258e-16
            ],
            [
                -5.446246277444164e-17,
                5.961671954813389e-17,
                0.5297284607281095,
                -0.4071220102035999,
                2.9726554417926074e-16,
                7.088501497836476e-17,
                -4.2432223499024114e-19,
                0.16952168793180078,
                -0.9259467226901632,
                -4.974929433042606e-16,
                -3.0993899130654865e-16
            ],
            [
                -0.0005726359472039308,
                -0.004906352897093221,
                -4.547829916504255e-16,
                -8.482597557258581e-17,
                0.4993940554796356,
                0.3787931077826537,
                0.08909021992486658,
                -5.307901968415944e-16,
                3.394137714787349e-16,
                -0.9330187417251186,
                0.28752195482081594
            ],
            [
                -2.4750114048468472e-17,
                5.698804389853114e-17,
                0.29356779549645307,
                0.3819769320501986,
                2.5196284979801595e-16,
                1.2911712382845886e-16,
                -2.3824139309186054e-17,
                1.0318432134745177,
                0.18890914449265162,
                -5.139003063887573e-16,
                6.72282829492376e-17
            ],
            [
                -3.454901214019479e-17,
                1.7795690741660313e-17,
                0.38197693205019806,
                -0.29356779549645307,
                2.2902341679867243e-16,
                7.128346570122944e-17,
                1.795378474790074e-18,
                -0.18890914449265184,
                1.0318432134745175,
                5.600162224840192e-16,
                2.3287417580160635e-16
            ],
            [
                0.0003971207181181142,
                -0.013501777686876578,
                -2.0995423946639825e-16,
                -3.8005441663353643e-17,
                0.402129578138129,
                0.3888352195201481,
                -0.20886865992129441,
                4.473867405510865e-16,
                -3.899744382755906e-16,
                1.022281846084214,
                -0.3681410766897942
            ]
        ],
        [
            [
                -5.7774044554101815e-05,
                0.020786666655426046,
                -3.855457307080792e-17,
                -3.005201089940373e-16,
                -0.20507970297416042,
                0.28534160434226413,
                1.2905358339625523,
                3.074520880056502e-17,
                2.2784494788489487e-16,
                0.1636604643405609,
                0.04874609240824511
            ],
            [
                0.0006304832124556307,
                0.01563662634003539,
                6.114760425908485e-18,
                -4.568292624689506e-16,
                -0.3383871551378219,
                0.7139380358462617,
                -1.2140498707642549,
                -6.510806356588026e-19,
                -1.4535032247189607e-16,
                0.054213253691343576,
                -0.33075992342631955
            ],
            [
                0.9955900162072224,
                -0.23931644981299766,
                -3.954159048998753e-17,
                -1.248304475056143e-16,
                -0.020412536176953353,
                0.025425634212950753,
                -0.01742009131640789,
                1.4185518152370517e-17,
                1.0238063158734214e-16,
                0.03409313137079863,
                0.11445414266350887
            ],
            [
                0.020421500177516802,
                0.5238185932234425,
                1.6565687944757622e-16,
                -4.0598488428764133e-17,
                0.05853045659920296,
                -0.04621573218603102,
                0.037864295002457436,
                -1.2937647414394233e-16,
                -1.286925850053468e-15,
                -0.39454019473109275,
                -1.4536702346738288
            ],
