{
    "dist": 1.175,
    "thetas": [
        2.830292529664302,
        -1.3161554982377885,
        2.3138906146080664,
        1.7926006138769264,
        -0.8056669505775651,
        -0.6842470368635021,
        1.988065916926888,
        1.0279108726635657,
        2.2478519852938046,
        1.5172433989400274,
        1.0390654303130313,
        1.2173868599350657,
        -1.6681467403549353,
        2.736038079650694,
        1.2281751786387307,
        0.5880475170514226,
        0.5792178168397495,
        2.3186216093984537,
        2.544651754696443,
        0.20810838014218325,
        -2.84414722614307,
        1.0486728991472214,
        1.7496481108822177,
        3.04237855011527,
        -2.9373252832894425,
        -2.120084351655082,
        2.2498224214658036,
        -0.8067266665731956,
        2.664372052366776,
        1.9546659025502526,
        0.47498217055780456,
        0.4534616092773205,
        2.9644732223995502,
        1.4515888763411802,
        -1.8121575832237378,
        -1.8345214820930618,
        1.3253969360738322,
        -2.4090702818534,
        -2.269592057169401,
        -2.3406893074721826
    ],
    "oo": false,
    "mo": [
        [
            [
                0.00033582184540212925,
                0.06743886785512909,
                -0.25326788906297054,
                -1.9477269775177143e-16,
                4.244859073956022e-16,
                0.19500868154730516,
                1.2515291955817427,
                -5.323170383424025e-16,
                -2.482703126960436e-16,
                0.3315711460204263,
                -0.42423821210651175
            ],
            [
                0.001078547246105885,
                0.005588855016402323,
                -0.20057516512347653,
                -1.7414782109108693e-16,
                4.129487412589723e-16,
                1.0591274091917071,
                -1.1279511827270194,
                3.9294968297498396e-16,
                7.88589138784078e-17,
                -0.1089246254723944,
                -0.36200533377689537
            ],
            [
                0.9955643690547161,
                -0.2356281216781643,
                -0.04302660917485216,
                -4.240882189150721e-17,
                1.0715823412563588e-16,
                0.05110885750355754,
                0.011637454252485442,
                -1.7413089732096594e-16,
                -1.1948671807682352e-17,
                0.07078833757538221,
                0.08883590265997103
            ],
            [
                0.02084185882077552,
                0.5094089705921275,
                0.10643465188306271,
                1.706284288369093e-17,
                -3.3315141711585086e-16,
                -0.07371284463813087,
                -0.10084356661537344,
                2.1188494895193745e-15,
                1.7879173185031087e-16,
                -0.7930318732950413,
                -1.3434359327897853
            ],
            [
                -0.004969472105459562,
                0.5576493116385041,
                0.1554236510305356,
                2.269448330919868e-16,
                -1.7128048481689097e-16,
                -0.46293177759391485,
                0.2952988417871111,
                -2.1305817759946973e-15,
                -1.4431535360116287e-16,
                0.7490952422563358,
                1.5556796190495905
            ],
            [
                -5.237122535459138e-17,
                4.059095145744362e-17,
                1.137369414779175e-15,
                -0.2432465393087182,
                0.6170433183144274,
                -1.0876308031140689e-16,
                1.2588203237452407e-18,
                0.12833000629224234,
                -0.9359997773292349,
                -2.281548999073354e-16,
                2.2796529744150724e-16
            ],
            [
                2.719196020300624e-18,
                -2.0136580150390577e-17,
                -9.337454979956141e-17,
                0.6170433183144288,
                0.24324653930871834,
                -1.6417123853042245e-17,
                -1.92726306908303e-17,
                -0.9359997773292341,
                -0.1283300062922414,
                -2.100875485457078e-15,
                -4.1488637365827578e-16
            ],
            [
                -0.0011304413870909947,
                -0.0365529951653341,
                0.5222097739986605,
                3.942892354359158e-16,
                -8.658044368478523e-16,
                0.34282968902746586,
                0.3102227415818979,
                1.3796446871562466e-15,
                4.154142116260499e-16,
                -0.7852356131995847,
                0.5312835572070248
            ],
            [
                -5.1631650636490103e-17,
                8.61128552040232e-18,
                8.115080060975978e-16,
                -0.17865519252700046,
                0.4531944961858389,
                -7.702912563149761e-17,
                5.05259237412456e-17,
                -0.14215095149961804,
                1.0368055203533832,
                1.4185915790850884e-16,
                -1.6683875774524534e-16
            ],
            [
                3.899260580852413e-18,
                -1.1532265518980613e-18,
                -6.587888353635987e-17,
                0.45319449618583946,
                0.17865519252700093,
                -3.464458838485483e-17,
                2.957412887765584e-17,
                1.0368055203533824,
                0.14215095149961707,
                2.1374640687000537e-15,
                3.7322733424838175e-16
            ],
            [
                0.0010072267921401939,
                -0.03922073183591689,
                0.3872670383646954,
                2.6738050411488852e-16,
                -4.122391257753027e-16,
                0.4658035544860977,
                -0.06576053539828325,
                -1.5884499035712895e-15,
                -5.010733553573902e-16,
                0.9490537495072434,
                -0.8547070532217868
            ]
        ],
        [
            [
                0.00033582156091382123,
                0.06743907549857829,
                -0.25326972636028944,
                2.560379815943188e-16,
                -1.0477506364068352e-17,
                0.19500837876246785,
                1.2515291269916842,
                -4.634213496886946e-16,
                1.6109934664419208e-16,
                0.33157006423147867,
                -0.42423826925419617
            ],
            [
                0.0010785475013268136,
                0.005588952719869688,
                -0.20057769237944262,
                3.1475015266996704e-16,
                4.456869986685798e-17,
                1.059126375145954,
                -1.1279517081732358,
                3.196730047831025e-16,
                -2.3203315603276916e-17,
                -0.108924726702774,
                -0.36200528965337686
            ],
            [
                0.9955643695417119,
                -0.23562813187778991,
                -0.04302679355125784,
                1.2589658016958778e-17,
                -1.1315046955822382e-17,
                0.05110876091132153,
                0.011637444327738996,
                -1.3958711590784407e-16,
                3.9117244565355056e-17,
                0.07078837607928413,
                0.08883580703779101
            ],
            [
                0.02084185760713328,
                0.509409227662159,
                0.10643519046272328,
                -1.021454581861377e-16,
                1.6430249578722532e-16,
                -0.07371251581450403,
                -0.10084357386836279,
                1.6066215813766532e-15,
                -3.8700632015837194e-16,
                -0.7930331758285057,
                -1.3434350412720604
            ],
            [
