{
    "dist": 2.0,
    "thetas": [
        0.4431632708051181,
        -1.456066771688601,
        0.6615894899646975,
        -2.6084243085547607,
        2.9760580638363034,
        0.10266254757066129,
        2.444092040737413,
        -2.5296581630843313,
        -2.581821335329188,
        -3.0258194229693456,
        1.786020658848761,
        -3.002143112637201,
        -2.1240149900011014,
        -0.47440610752512624,
        -1.7057614172626203,
        -2.024797595404695,
        2.3160498681702926,
        -1.0424888373011796,
        1.9124335685257599,
        -0.23588497664817476,
        -0.7819304433204426,
        0.9396708066250827,
        -0.36797510554288504,
        -2.0962846163005464,
        -0.04977946971708658,
        1.843325195741718,
        -2.5214797027502143,
        -1.3757499329684877,
        -0.6501429306290829,
        1.9478181180387235,
        -2.1844744068161277,
        -0.7920754121143565,
        2.7973526693447326,
        0.6016014965515235,
        1.4326041207957578,
        -1.8071176754737086,
        -1.069761197176884,
        -2.390088718012377,
        -2.0009789311021535,
        -1.7817630482814513
    ],
    "oo": false,
    "mo": [
        [
            [
                -0.00015906341259811302,
                0.012663653700537342,
                7.498561530784247e-17,
                -1.0106641158155547e-17,
                -0.1928099998273673,
                0.3486318005373246,
                1.3620371014565828e-16,
                5.223091099946887e-17,
                0.03918961077298708,
                -1.172898889304002,
                0.5362819401328369
            ],
            [
                0.0005217078790891156,
                0.014721676986692024,
                1.2103252688416208e-16,
                1.882621547086623e-17,
                -0.3746375884907068,
                0.5125815908409348,
                2.31025641869513e-16,
                1.4194156421980987e-16,
                0.07868905870599416,
                1.2767006770850684,
                -0.08482016238722705
            ],
            [
                0.9955899530865068,
                -0.2398105293759003,
                4.5346554894635464e-17,
                -3.719736616718895e-19,
                -0.01433536154529319,
                0.01826440957514123,
                -3.2500913962561715e-16,
                -2.1551528060833917e-16,
                -0.12166557477325074,
                0.0010671219029752756,
                -0.0058694005795722915
            ],
            [
                0.02037069347027669,
                0.52604493890006,
                -1.411390279969151e-16,
                -1.6735107999978515e-17,
                0.04381529114075681,
                -0.0678201707820306,
                3.9693088518038835e-15,
                2.5840834571286963e-15,
                1.4831405348147597,
                0.175074454617724,
                0.07781135336303954
            ],
            [
                -0.004163851928228728,
                0.5626446355470519,
                2.145894853759315e-16,
                3.5272436265757087e-17,
                0.03957603174105942,
                -0.03315093770980866,
                -3.896151086001453e-15,
                -2.479066759446089e-15,
                -1.455905782182768,
                -0.33205103444533524,
                -0.07516147498460193
            ],
            [
                1.1177981777051332e-16,
                6.5877907928697546e-18,
                0.6422974553237503,
                0.18563065215457514,
                3.245935283868953e-16,
                1.0714787638455014e-16,
                0.13603757392447816,
                0.931109299482901,
                -2.253368183992806e-15,
                1.77427463559718e-17,
                -2.7124003233442614e-17
            ],
            [
                -3.0039813203358275e-17,
                6.5350985054825355e-18,
                -0.18563065215457514,
                0.6422974553237492,
                -1.125856413359942e-16,
                9.554768969422263e-17,
                -0.9311092994829003,
                0.13603757392447816,
                2.5839385574184103e-15,
                -9.849619628833735e-17,
                -2.1275833580607933e-16
            ],
            [
                -0.00041297976346522757,
                -0.0012170436728289324,
                -2.8920928634889205e-16,
                -3.2286587506190347e-17,
                0.4984916581244681,
                0.6335432567067126,
                7.401419011295874e-16,
                3.005164316107974e-17,
                0.07274848815011867,
                -0.28227366901829076,
                -0.7821199092429105
            ],
            [
                2.0613740436032572e-17,
                2.0630163156637954e-17,
                0.46229832376282126,
                0.13360902899234364,
                2.855982919849696e-16,
                4.962762542942225e-17,
                -0.15168637463423906,
                -1.0382175302920011,
                2.4753309128446776e-15,
                1.9388998066684765e-17,
                3.7642607032136864e-17
            ],
            [
                -1.7350172744761618e-17,
                2.4118696922771066e-18,
                -0.1336090289923439,
                0.4622983237628215,
                -9.048093390599093e-17,
                -1.6577227900306068e-16,
                1.0382175302920003,
                -0.15168637463423906,
                -2.8874141779688478e-15,
                1.10762733022889e-16,
                2.522303513898599e-16
            ],
            [
                0.0002632096327808907,
                -0.007987248858437084,
                -2.1751022159824086e-16,
                9.375869239231699e-17,
                0.4088569332580331,
                0.038525005298902223,
                -6.55350603139578e-16,
                3.2794308572030976e-17,
                -0.07449102560394039,
                0.5537146108297495,
                0.989688105796929
            ]
        ],
        [
            [
                -0.00015906341259811302,
                0.012663653700537342,
                7.498561530784247e-17,
                -1.0106641158155547e-17,
                -0.1928099998273673,
                -0.3486318005373247,
                6.770302054751827e-16,
                -7.52873084092815e-17,
                -0.03918961077298568,
                -1.172898889304,
                0.5362819401328425
            ],
            [
                0.0005217078790891156,
                0.014721676986692024,
                1.2103252688416208e-16,
                1.882621547086623e-17,
                -0.3746375884907068,
                -0.5125815908409344,
                3.618138527593416e-16,
                7.194989104160724e-17,
                -0.07868905870599574,
                1.2767006770850686,
                -0.08482016238723256
            ],
            [
                0.9955899530865068,
                -0.2398105293759003,
                4.5346554894635464e-17,
                -3.719736616718895e-19,
                -0.01433536154529319,
                -0.018264409575141218,
                -1.064102705678398e-15,
                8.127464093495448e-18,
                0.12166557477325066,
                0.0010671219029753742,
                -0.005869400579572237
            ],
            [
                0.02037069347027669,
                0.52604493890006,
                -1.411390279969151e-16,
                -1.6735107999978515e-17,
                0.04381529114075681,
                0.06782017078203055,
                1.2944258832193129e-14,
                -1.2979404884470635e-16,
                -1.4831405348147584,
                0.17507445461772275,
                0.07781135336303822
            ],
