{
    "dist": 1.0,
    "thetas": [
        -0.788287681898749,
        2.8319215077704234,
        1.4576609265440963,
        0.6198895383354297,
        -2.1612986243157413,
        -2.1614501754128375,
        -2.776642555026645,
        2.3007525789727232,
        0.6353243561202211,
        1.3073585636350948
    ],
    "oo": false,
    "mo": [
        [
            [
                0.28733231381530716,
                0.16786363289102504,
                0.8672873525805753,
                -0.9820680090215906
            ],
            [
                0.3317255872923219,
                1.2279807103598064,
                -0.6984671565506283,
                1.2059485380355857
            ],
            [
                0.28733231381530744,
                -0.1678636328910247,
                0.8672873525805769,
                0.9820680090215876
            ],
            [
                0.33172558729232154,
                -1.2279807103598064,
                -0.6984671565506317,
                -1.2059485380355832
            ]
        ],
        [
            [
                0.28733231634423073,
                0.16786363403415108,
                0.8672873517427429,
                -0.982068008826197
            ],
            [
                0.3317255852556613,
                1.2279807089560848,
                -0.698467157517907,
                1.2059485394649547
            ],
            [
                0.28733231634423106,
                -0.16786363403415192,
                0.8672873517427452,
                0.9820680088261944
            ],
            [
                0.3317255852556606,
                -1.2279807089560844,
                -0.6984671575179109,
                -1.205948539464953
            ]
        ]
    ],
    "iterations": 31,
    "final_energy": -1.641534,
    "iter_energies": [
        -1.3718472432532978,
        -1.563952716124433,
        -1.6098445749358306,
        -1.6133952532121667,
        -1.6191314544300985,
        -1.6236629349998715,
        -1.6244060695532314,
        -1.62448506056823,
        -1.624619240364764,
        -1.6269695841790288,
        -1.627478630795281,
        -1.628449745077401,
        -1.630284358513119,
        -1.6335341629592477,
        -1.6382222143330143,
        -1.6398317954382662,
        -1.640118817790769,
        -1.6405896903898498,
        -1.6411211088530402,
        -1.6412233623942984,
        -1.6412649736356546,
        -1.6412966888749474,
        -1.641351989850087,
        -1.6414401536959071,
        -1.6415145933674535,
        -1.6415288720209775,
        -1.6415343445005832,
        -1.6415344672214305,
        -1.6415344864676358,
        -1.6415344885566026,
        -1.6415344886832437
    ],
    "function_evaluations": 37,
    "gradient_evaluations": 37
}