{
    "dist": 0.875,
    "thetas": [
        -0.485632194328141,
        -0.7671863714960319,
        2.2058628717934416,
        -0.00983268767414236,
        0.2991997046172967,
        1.252080172939956,
        -1.8559306988226674,
        -2.6983709538979874,
        -0.8559765547093554,
        2.3799525745062535,
        -0.2823271905508098,
        -0.4255673234466637,
        -2.0494026704695405,
        -1.9800306645750347,
        -0.1641425856253087,
        1.9996298921060802,
        -0.9392595787998337,
        2.3384695298489593,
        0.9205032020379997,
        2.2212117546283254,
        1.0104267682871626,
        -2.5667210747053706,
        0.3183583542672346,
        -1.1771808841356899,
        0.44065677369874745,
        2.0725161184900145,
        -2.9116880194542154,
        0.0008883315555285876,
        0.9161192104764773,
        1.8938914441496797,
        2.631500069573991,
        -0.3192017378028167,
        -0.8935733353289592,
        -1.9605392863764173,
        -2.157361704247257,
        -0.9330906655898241,
        3.06381984431897,
        -0.8112154932405922,
        2.4758493372933383,
        2.6808767738093326
    ],
    "oo": false,
    "mo": [
        [
            [
                0.0002427725207076158,
                0.14813656717157486,
                -0.3002644310389441,
                -3.14742903504256e-17,
                4.2987456935244476e-18,
                0.5012779410320666,
                -2.0579977001118266e-17,
                1.7987404038597526e-16,
                -0.04387539004157889,
                1.4324145387614282,
                -0.4567494478618365
            ],
            [
                0.00192288208988056,
                -0.01723725344732092,
                -0.09427048067454262,
                -4.366044594517622e-17,
                8.600253002237068e-17,
                0.16073308832700928,
                -4.8256209119436096e-17,
                -3.2087860200633346e-16,
                -0.18992834867368039,
                -0.9360931703423347,
                -1.466446645110412
            ],
            [
                0.9954988609583446,
                -0.22936051295795878,
                -0.06538040791702089,
                -4.3557240125850375e-18,
                -3.844502465978832e-17,
                0.06935387975079985,
                -4.007560987919052e-17,
                -6.119966729835216e-18,
                0.10821576748383402,
                0.007197263467103357,
                -0.014268566011967724
            ],
            [
                0.021480073805959864,
                0.4953201072781133,
                0.14245699381266144,
                1.0510945160500639e-16,
                8.715533461809336e-17,
                -0.4782970088209109,
                7.060319100628298e-16,
                1.2554223738205352e-17,
                -1.4006909539707522,
                0.1439066624661797,
                -0.6818310504524102
            ],
            [
                -0.005988499421397167,
                0.5183750126560788,
                0.2652975083133055,
                -6.501637064852865e-17,
                -2.0917476449493997e-16,
                0.12829693750422644,
                -6.521944152796284e-16,
                9.516650306328254e-17,
                1.4870481468115848,
                -0.24151212596087704,
                1.705189436690722
            ],
            [
                -1.44789537999185e-17,
                7.588373266455162e-18,
                -7.952875651784622e-17,
                0.6047612532952887,
                -0.26519365742328527,
                3.066732963567119e-16,
                -0.08955255378850463,
                -0.9425454895773586,
                -1.684771985885419e-16,
                6.667116737676064e-17,
                1.2564824199003473e-16
            ],
            [
                2.7365833818190615e-18,
                7.929645042656269e-19,
                1.7255052320233494e-16,
                0.2651936574232855,
                0.6047612532952903,
                -9.011009776702454e-17,
                0.9425454895773581,
                -0.08955255378850435,
                7.605213766226501e-16,
                2.5056073749044553e-17,
                -8.560993966267304e-17
            ],
            [
                -0.0015551060092735991,
                -0.09581033493589972,
                0.5529534349857032,
                1.0389189416829003e-16,
                4.169507309780528e-17,
                0.8590795333882452,
                3.981268655905795e-16,
                3.956288829587103e-16,
                -0.37886355916336506,
                -0.10351839319336222,
                0.41541777665851454
            ],
            [
                -1.832938996502697e-17,
                -1.939386946051106e-18,
                -6.18350151051257e-17,
                0.4490725422149705,
                -0.19692265215313268,
                -2.8529785988835697e-16,
                0.0988420346130264,
                1.040317779492694,
                2.281407920679406e-16,
                -1.1979925493263506e-16,
                -2.608235392638043e-16
            ],
            [
                5.4613091857039023e-17,
                -2.7406380424989726e-19,
                1.150638317926877e-16,
                0.19692265215313193,
                0.4490725422149698,
                1.1060882207556435e-16,
                -1.040317779492695,
                0.09884203461302629,
                -9.091407590696475e-16,
                -4.7262353766193766e-17,
                1.2308767435415328e-16
            ],
            [
                0.001435330209351467,
                -0.04535800077722569,
                0.3389624872081938,
                -1.484569494874219e-16,
                -3.1135990257901745e-16,
                -0.3468578083442182,
                -4.952952574561853e-16,
                -3.7153311959752344e-16,
                0.3551009893728584,
                0.7650249416521112,
                -1.3355986309497847
            ]
        ],
        [
            [
                0.0002427725207076158,
                0.14813656717157486,
                -0.3002644310389441,
                -3.14742903504256e-17,
                4.2987456935244476e-18,
                -0.5012779410320656,
                3.4591045442083723e-17,
                -2.422509339688258e-16,
                0.04387539004157706,
                1.4324145387614255,
                -0.4567494478618398
            ],
            [
                0.00192288208988056,
                -0.01723725344732092,
                -0.09427048067454262,
                -4.366044594517622e-17,
                8.600253002237068e-17,
                -0.16073308832700717,
                2.7673236250732214e-16,
                -5.307341044427894e-16,
                0.1899283486736845,
                -0.9360931703423366,
                -1.4664466451104075
            ],
            [
                0.9954988609583446,
                -0.22936051295795878,
                -0.06538040791702089,
                -4.3557240125850375e-18,
                -3.844502465978832e-17,
                -0.06935387975079936,
                -1.2698068629971117e-16,
                3.108845933663918e-16,
                -0.10821576748383413,
                0.007197263467103179,
                -0.01426856601196804
            ],
            [
                0.021480073805959864,
                0.4953201072781133,
                0.14245699381266144,
                1.0510945160500639e-16,
                8.715533461809336e-17,
                0.4782970088209063,
                1.7030358921981867e-15,
                -3.825736605108078e-15,
                1.4006909539707542,
                0.14390666246617975,
                -0.6818310504524063
            ],
            [
