{
    "dist": 1.325,
    "thetas": [
        0.08760861272552134,
        1.7163466416595838,
        2.32746579231868,
        -3.091032184819611,
        -1.1954644373498238,
        2.8752090916942024,
        0.08241473380009046,
        -1.141752631729318,
        0.24630047087519147,
        -1.751406850186827,
        1.9256791650342215,
        -0.9911434186133583,
        0.24434584507180768,
        -3.1046865705178597,
        1.0879491068056106,
        -1.8219712953171123,
        2.717839512084492,
        -0.7901435423585768,
        1.5859948625045268,
        1.6533511101416858,
        2.3279167336815005,
        -2.4497437162116813,
        -1.256059131577146,
        -0.15767172267494178,
        1.0865934529393346,
        -1.5230916638223246,
        1.2638710166126836,
        0.9864604662866885,
        -1.9980041845417171,
        -1.1180111890597026,
        2.4349696553066904,
        -2.6178944295162165,
        1.5492080569438746,
        -2.749835741914887,
        1.4544388133711452,
        1.523743782519647,
        -0.5785820079441057,
        3.08745043887678,
        -0.3007302212031986,
        -1.9485505812597712
    ],
    "oo": false,
    "mo": [
        [
            [
                0.00023370929972499176,
                0.04703734388673702,
                -0.23543421610224502,
                -4.52968223033482e-15,
                9.327846301371436e-15,
                -0.39717102138705357,
                -3.518404322489099e-16,
                6.7466476370875824e-18,
                -0.04190214945452961,
                0.33672628721698367,
                -1.2353854178857755
            ],
            [
                0.0008673464290470307,
                0.011856978684427788,
                -0.24932159073003587,
                -4.796502517469068e-15,
                9.825078778413123e-15,
                -0.3653368838350889,
                -1.3868084399646316e-15,
                -2.9174918871334603e-16,
                -0.19185493646959126,
                0.7188185911529746,
                1.306950014951801
            ],
            [
                0.9955776444389138,
                -0.2372894431782428,
                -0.034914729586127596,
                -6.570594086600277e-16,
                1.3446919584927278e-15,
                -0.044153426563395846,
                1.0086130468619857e-15,
                1.2355422106212105e-16,
                0.11578329622931947,
                -0.0023293285464775506,
                0.007962332373373817
            ],
            [
                0.02065165618411433,
                0.5151938465052003,
                0.09069327862043312,
                1.8631164659314227e-15,
                -3.6806099292808654e-15,
                0.22537343760406592,
                -1.2699440482901645e-14,
                -1.5328299498064014e-15,
                -1.4744646739180751,
                0.38365498952891747,
                0.026252768427494928
            ],
            [
                -0.00465717981237777,
                0.5608351093954655,
                0.12390619014511951,
                2.2946235362834017e-15,
                -4.891166535844901e-15,
                0.006762815968907754,
                1.2908679461250228e-14,
                1.5609267031231965e-15,
                1.5124239372123178,
                -0.6990110204683785,
                -0.3209718813370856
            ],
            [
                1.3292724490831425e-17,
                6.226366375256228e-17,
                2.9297317433860355e-14,
                -0.27436951781397423,
                0.605890431961182,
                6.952979263250005e-17,
                0.26217560699113407,
                0.9062878198942881,
                -3.6111393897199866e-15,
                -4.9012942459671323e-17,
                -2.9087937667765753e-18
            ],
            [
                -2.533019109011648e-18,
                1.805181282395238e-18,
                -7.827949731312991e-16,
                0.605890431961183,
                0.27436951781397456,
                -5.607859409523573e-17,
                0.9062878198942865,
                -0.2621756069911343,
                -8.612147475172786e-15,
                -2.2353044873543977e-16,
                -4.397482271090252e-17
            ],
            [
                -0.0009440089477426657,
                -0.022023957046137313,
                0.5117634497703435,
                9.86867144613563e-15,
                -2.0238932276651854e-14,
                -0.785125141458798,
                -1.8278216290407237e-15,
                -8.947270294927593e-17,
                -0.2124804023277796,
                -0.6677729007048216,
                0.09079796068484312
            ],
            [
                1.458673887878675e-18,
                1.5790449734825262e-17,
                2.1365538441696742e-14,
                -0.2000995533154672,
                0.44188000824402485,
                -6.30747944955702e-17,
                -0.2910803719556706,
                -1.0062057212006155,
                3.941382690141189e-15,
                9.954647209223741e-18,
                -1.1999592018400538e-17
            ],
            [
                2.3782427937655363e-18,
                5.585486622950604e-19,
                -5.711140943781079e-16,
                0.44188000824402396,
                0.20009955331546664,
                4.6212054038819526e-17,
                -1.0062057212006148,
                0.2910803719556715,
                9.509568603675483e-15,
                2.1973501536698407e-16,
                6.301730152359375e-17
            ],
            [
                0.0007758423235146494,
                -0.030305107297494232,
                0.39449125713448596,
                7.575770736710218e-15,
                -1.578240745478647e-14,
                0.16702963414344071,
                1.7062083116534084e-15,
                -8.493861692030823e-18,
                0.179382038022471,
                1.2544453797227353,
                -0.05238973611578072
            ]
        ],
        [
            [
                0.00023370929972499176,
                0.04703734388673702,
                -0.23543421610224502,
                -4.52968223033482e-15,
                9.327846301371436e-15,
                0.3971710213870536,
                1.2132627619881054e-17,
                -1.4547912245686714e-16,
                0.041902149454529705,
                0.33672628721703307,
                -1.235385417885761
            ],
            [
                0.0008673464290470307,
                0.011856978684427788,
                -0.24932159073003587,
                -4.796502517469068e-15,
                9.825078778413123e-15,
                0.36533688383508844,
                -3.016160302164088e-16,
                -4.739846407187321e-16,
                0.19185493646959184,
                0.718818591152921,
                1.3069500149518307
            ],
            [
                0.9955776444389138,
                -0.2372894431782428,
                -0.034914729586127596,
                -6.570594086600277e-16,
                1.3446919584927278e-15,
                0.044153426563395846,
                1.254314661915439e-16,
                3.3803145910222455e-16,
                -0.11578329622931946,
                -0.0023293285464777817,
                0.007962332373373706
            ],
            [
                0.02065165618411433,
                0.5151938465052003,
                0.09069327862043312,
                1.8631164659314227e-15,
                -3.6806099292808654e-15,
                -0.22537343760406653,
                -1.5649475041447406e-15,
                -4.235911826052639e-15,
                1.4744646739180745,
                0.38365498952891497,
                0.026252768427511113
            ],
