{
    "dist": 1.5,
    "thetas": [
        0.10303561663791783,
        0.4440175435037328,
        -2.9626838121493106,
        -2.0638903033331175,
        1.1641296091591355,
        2.0979358614283568,
        -1.2128670123447274,
        2.47314391898043,
        1.392001137158437,
        -1.9481710072691576
    ],
    "oo": false,
    "mo": [
        [
            [
                0.23794069630285142,
                -0.47704069786011705,
                -0.9347584814124136,
                0.8162532017102656
            ],
            [
                0.41659599573491785,
                -0.45483580574848936,
                0.6860568577829422,
                -1.251104923001597
            ],
            [
                0.23794069630285125,
                0.47707906563536645,
                -0.9346259232455104,
                -0.8163825598452799
            ],
            [
                0.41659599573491773,
                0.4548076472684764,
                0.6859023724434316,
                1.251199860183533
            ]
        ],
        [
            [
                0.23794069630285142,
                -0.477079065635369,
                0.9346259232455016,
                -0.8163825598452892
            ],
            [
                0.41659599573491785,
                -0.4548076472684745,
                -0.6859023724434216,
                1.2511998601835401
            ],
            [
                0.23794069630285125,
                0.4770406978601143,
                0.9347584814124217,
                0.8162532017102562
            ],
            [
                0.41659599573491773,
                0.45483580574849214,
                -0.6860568577829519,
                -1.2511049230015885
            ]
        ]
    ],
    "iterations": 280,
    "final_energy": -1.40581,
    "iter_energies": [
        -1.2942508577288951,
        -1.3455205938645063,
        -1.3560640477901493,
        -1.358021681921345,
        -1.370365698044277,
        -1.3793229105946732,
        -1.3937296243609811,
        -1.3996623020662804,
        -1.4027708106737957,
        -1.4033138215218572,
        -1.4036670975854444,
        -1.4037148185015693,
        -1.4037643674331108,
        -1.4038273452434842,
        -1.4039354212970574,
        -1.4040999347474814,
        -1.4043332244784126,
        -1.4047214690887941,
        -1.4053108994558003,
        -1.405641581749378,
        -1.4056910101171394,
        -1.4057262778321418,
        -1.4057378111844507,
        -1.4057451230590128,
        -1.405752557512431,
        -1.4057643432329572,
        -1.4057804261550773,
        -1.4057908412678244,
        -1.4057934495391582,
        -1.4057959524564643,
        -1.4057990165390444,
        -1.4058010657897992,
        -1.405802907637965,
        -1.4058038639819042,
        -1.40580435027825,
        -1.4058049741967087,
        -1.4058053384687468,
        -1.4058055648674352,
        -1.4058058709555308,
        -1.405806036914209,
        -1.4058061453140978,
        -1.4058062138681053,
        -1.4058062775969498,
        -1.4058063101349,
        -1.4058063561675873,
        -1.4058064222578472,
        -1.405806515310713,
        -1.4058066750779488,
        -1.405806947625704,
        -1.4058071175411695,
        -1.4058073984556114,
        -1.4058078453113418,
        -1.4058081006411225,
        -1.4058085277963481,
        -1.405809161829987,
        -1.4058094291330798,
        -1.4058097715748519,
        -1.405810030269748,
        -1.4058100953990267,
        -1.4058101103574678,
        -1.4058101137954093,
        -1.4058101145007205,
        -1.4058101145613227,
        -1.4058101146715842,
        -1.405810114875286,
        -1.4058101152522247,
        -1.405810115946082,
        -1.405810117216393,
        -1.4058101195630364,
        -1.4058101293791951,
        -1.4058101354469494,
        -1.4058101438689234,
        -1.405810157222944,
        -1.4058101749166374,
        -1.4058101804564356,
        -1.4058101841832362,
        -1.4058101854514014,
        -1.4058101875834725,
        -1.405810191204402,
        -1.4058101974042019,
        -1.4058102057727018,
        -1.4058102163254258,
        -1.405810228322382,
        -1.4058102347079076,
        -1.405810238601694,
        -1.4058102442122464,
        -1.4058102513178254,
        -1.4058102596124111,
        -1.4058102680258018,
        -1.4058102709669644,
        -1.4058102755796476,
        -1.4058102829042556,
        -1.4058102919443514,
        -1.40581029410885,
        -1.4058102977977234,
        -1.4058103037748721,
        -1.4058103097321903,
        -1.405810317695453,
        -1.4058103202859362,
        -1.4058103236106518,
        -1.4058103287426817,
        -1.4058103331240066,
        -1.4058103392817614,
        -1.4058103415961365,
        -1.405810344591077,
        -1.4058103490856435,
        -1.405810351936013,
        -1.405810356244013,
        -1.4058103591433595,
        -1.4058103631781538,
        -1.405810367393354,
        -1.4058103697040438,
        -1.4058103708827958,
        -1.4058103728563427,
        -1.4058103757855924,
        -1.4058103772508386,
        -1.4058103796162882,
        -1.4058103832458206,
        -1.405810387560006,
        -1.4058103899469954,
        -1.4058103906948043,
        -1.4058103919368226,
        -1.4058103939954953,
        -1.4058103968978286,
        -1.4058104005182546,
        -1.4058104020389475,
        -1.4058104028675218,
        -1.4058104042428106,
        -1.4058104063472694,
        -1.405810407541931,
        -1.4058104093896808,
        -1.405810412016008,
        -1.4058104131039684,
        -1.4058104141089967,
        -1.4058104157197824,
        -1.4058104180840612,
        -1.4058104204177475,
        -1.405810422581608,
        -1.405810424092683,
        -1.4058104270455496,
        -1.4058104273659082,
        -1.4058104278157655,
        -1.405810428532262,
        -1.4058104294000304,
        -1.405810430389013,
        -1.4058104309976802,
        -1.4058104319379188,
        -1.4058104333711434,
        -1.405810434743324,
        -1.405810435360811,
        -1.4058104360663244,
        -1.4058104371955016,
        -1.4058104385790697,
        -1.4058104393771704,
        -1.4058104406710112,
        -1.4058104421484492,
        -1.4058104434595207,
        -1.405810444309165,
        -1.4058104449022293,
        -1.40581044521955,
        -1.4058104457349,
        -1.4058104465120473,
        -1.4058104474687805,
        -1.4058104480944107,
        -1.405810449137311,
        -1.4058104499068302,
        -1.4058104510834237,
        -1.4058104515106387,
        -1.4058104522369153,
        -1.4058104533190523,
        -1.4058104547909107,
        -1.405810455165178,
        -1.405810455633069,
        -1.4058104564011529,
        -1.4058104574041121,
        -1.4058104584997118,
        -1.4058104588979556,
        -1.4058104591999732,
        -1.405810459692053,
        -1.4058104604742505,
        -1.4058104609831088,
        -1.4058104617155065,
        -1.4058104626471366,
        -1.405810463383734,
        -1.405810464118562,
        -1.4058104647053256,
        -1.4058104650086067,
        -1.4058104651789736,
        -1.405810465462721,
        -1.4058104658959196,
        -1.4058104662935023,
        -1.4058104669211928,
        -1.4058104673017964,
        -1.4058104679140049,
        -1.4058104685904669,
        -1.405810469059913,
        -1.405810469374963,
        -1.4058104695882696,
        -1.4058104699482883,
        -1.4058104704547543,
        -1.4058104706441352,
        -1.4058104709480772,
        -1.4058104714416457,
        -1.405810471957501,
        -1.4058104726793101,
        -1.4058104728926306,
        -1.4058104732388803,
        -1.4058104737579176,
        -1.4058104739440338,
        -1.4058104742093465,
        -1.405810474626147,
        -1.4058104750674107,
        -1.4058104755212468,
