{
    "dist": 1.5,
    "thetas": [
        2.3463261368903874,
        2.9439278084526643,
        2.319717710563025,
        0.1938720278250048,
        -1.6793174426784083,
        -3.0699718540344296,
        -0.4368772992954577,
        -0.6135444998792989,
        0.1424691618875915,
        -0.1357683511288812
    ],
    "oo": false,
    "mo": [
        [
            [
                0.2379406963028518,
                0.4766003326675716,
                -0.934685962039503,
                -0.8165934181445683
            ],
            [
                0.4165959957349178,
                0.45552731877314473,
                0.6859723416960539,
                1.2508996598209263
            ],
            [
                0.23794069630285145,
                -0.4765967255212551,
                -0.934698447444643,
                0.8165812322461056
            ],
            [
                0.4165959957349178,
                -0.4555299660925895,
                0.6859868920723321,
                -1.2508907164726062
            ]
        ],
        [
            [
                0.2379406963028518,
                0.4765967255212526,
                0.9346984474446517,
                0.8165812322460995
            ],
            [
                0.4165959957349178,
                0.45552996609259105,
                -0.6859868920723413,
                -1.250890716472601
            ],
            [
                0.23794069630285145,
                -0.476600332667574,
                0.9346859620394946,
                -0.8165934181445751
            ],
            [
                0.4165959957349178,
                -0.4555273187731431,
                -0.6859723416960447,
                1.2508996598209303
            ]
        ]
    ],
    "iterations": 89,
    "final_energy": -1.405827,
    "iter_energies": [
        -1.1508888682358451,
        -1.2521540462086542,
        -1.2569293278466191,
        -1.2657848365497422,
        -1.2810943645747406,
        -1.3020561599808327,
        -1.3212870989512822,
        -1.3504865688542236,
        -1.3559343188976785,
        -1.363106496186233,
        -1.370206146239955,
        -1.3822333754866791,
        -1.3875483925932715,
        -1.393828301474469,
        -1.4014909729394134,
        -1.4031545537794465,
        -1.4034365401014717,
        -1.4034490066063963,
        -1.4034578400744082,
        -1.403463192456029,
        -1.403465004981008,
        -1.40346559863742,
        -1.4034660495870215,
        -1.4034662957835944,
        -1.4034663469825361,
        -1.4034663505361182,
        -1.4034663507855885,
        -1.403466351159389,
        -1.4034663518057395,
        -1.4034663529573705,
        -1.4034663550272208,
        -1.4034663587398233,
        -1.4034663653496966,
        -1.4034663770180311,
        -1.4034663975241757,
        -1.403466433745807,
        -1.4034664989463954,
        -1.4034666208989295,
        -1.4034714545394569,
        -1.4034717851817735,
        -1.4034828945540367,
        -1.4034968780630663,
        -1.4035004791144865,
        -1.40350358370949,
        -1.4035085577125694,
        -1.4035177826157492,
        -1.4035617143229666,
        -1.4035937043305806,
        -1.4036511193853065,
        -1.4037569632271913,
        -1.4039363183543365,
        -1.404195409835068,
        -1.4043587436909402,
        -1.404571406124753,
        -1.4047255924986635,
        -1.4049496330820417,
        -1.4050796436255264,
        -1.4051427572082957,
        -1.4052539458000046,
        -1.4054250643320472,
        -1.405514143069028,
        -1.4055656954596143,
        -1.4055959631100083,
        -1.4056408382161556,
        -1.4056771623529873,
        -1.4057080241884523,
        -1.4057424508611174,
        -1.4057541928949526,
        -1.4057660589678203,
        -1.4057834977600785,
        -1.405789261419717,
        -1.405797739004864,
        -1.405807038666998,
        -1.4058137736606175,
        -1.4058177975938715,
        -1.4058202852024735,
        -1.4058215230248974,
        -1.405822703314745,
        -1.4058241933182227,
        -1.4058260002072012,
        -1.4058266307030114,
        -1.4058269970217825,
        -1.4058272926554727,
        -1.4058273645305361,
        -1.405827408401945,
        -1.4058274207868862,
        -1.4058274221946645,
        -1.4058274222331595,
        -1.4058274222415477
    ],
    "function_evaluations": 106,
    "gradient_evaluations": 106
}