{
    "dist": 2.6,
    "thetas": [
        1.7448557058857794,
        -1.649077150016919,
        2.0375021118516665,
        2.926388517974451,
        2.9694403750439315,
        -0.2924870046656962,
        0.6851339998803385,
        1.7311841483035746,
        0.8897828870907407,
        1.394981677626908
    ],
    "oo": false,
    "mo": [
        [
            [
                0.21703900886858507,
                -0.23760805467059098,
                -0.8960447509176168,
                -0.936001156226046
            ],
            [
                0.5125493318548993,
                -0.5655117820732872,
                0.6937810746325526,
                0.876198858221356
            ],
            [
                0.21703900886857228,
                0.23760805467059645,
                -0.8960447509175937,
                0.9360011562260689
            ],
            [
                0.5125493318548772,
                0.5655117820733119,
                0.6937810746325282,
                -0.8761988582213721
            ]
        ],
        [
            [
                0.21703902131321534,
                0.23760806306781607,
                -0.896044747903262,
                0.9360011540944009
            ],
            [
                0.5125493222193563,
                0.5655117742126017,
                0.6937810817510236,
                -0.8761988632947937
            ],
            [
                0.21703902131322778,
                -0.23760806306780968,
                -0.8960447479032922,
                -0.936001154094371
            ],
            [
                0.5125493222193782,
                -0.5655117742125769,
                0.6937810817510549,
                0.8761988632947727
            ]
        ]
    ],
    "uhf_energy": -0.8473394856236032,
    "ump2_energy": -0.9175287093426838,
    "ump2_no_energy": -0.9175287093426844,
    "iterations": 52,
    "final_energy": -1.195422,
    "iter_energies": [
        -0.8941104359864299,
        -0.9566944309376119,
        -1.0463548921562933,
        -1.0607020695127691,
        -1.0652517706036242,
        -1.0990484480453873,
        -1.1039079734074115,
        -1.1377253564619005,
        -1.162281484420638,
        -1.1692798453288358,
        -1.1809717214216102,
        -1.1941161686872552,
        -1.195278120981569,
        -1.1954022148388146,
        -1.195419496088124,
        -1.1954214927209212,
        -1.1954216068078691,
        -1.1954216256586505,
        -1.1954216298371028,
        -1.195421630008335,
        -1.1954216300417193,
        -1.1954216303375107,
        -1.1954216308771148,
        -1.1954216318723663,
        -1.1954216337099388,
        -1.1954216370951656,
        -1.1954216433696603,
        -1.1954217310628454,
        -1.1954217404131229,
        -1.1954217579844728,
        -1.1954217876839992,
        -1.195421814858903,
        -1.1954218171541637,
        -1.1954218362195619,
        -1.195421862665229,
        -1.1954218950751643,
        -1.1954219048375707,
        -1.1954219211928097,
        -1.1954219262965669,
        -1.1954219334127674,
        -1.1954219418708063,
        -1.1954219469927427,
        -1.1954219547448608,
        -1.1954219597334852,
        -1.195421961317285,
        -1.1954219637268824,
        -1.195421964215138,
        -1.1954219645465043,
        -1.1954219647189148,
        -1.1954219648390658,
        -1.1954219648735895,
        -1.1954219648755091
    ],
    "function_evaluations": 68,
    "gradient_evaluations": 68
}