{
    "dist": 1.8,
    "thetas": [
        2.3463261368903874,
        2.9439278084526643,
        2.319717710563025,
        0.1938720278250048,
        -1.6793174426784083,
        -3.0699718540344296,
        -0.4368772992954577,
        -0.6135444998792989,
        0.1424691618875915,
        -0.1357683511288812,
        0.34781498297773794,
        0.2726023879603252,
        1.639255247336484,
        1.3343888034911187,
        0.7519847877695871,
        -0.4643791018236456,
        -1.3252806848740173,
        2.9773202892406827,
        -1.0444284749192585,
        -1.766825043051343,
        -2.7281063583560097,
        3.033965123374311,
        -2.3382515167002618,
        -1.1175851867391877,
        -2.695845613805822,
        -1.7293214755701178,
        -0.6683115396232484,
        2.4890524741785924,
        -0.9709933288902195,
        3.045770542014389,
        -2.961063865698451,
        -0.931892285898047,
        -0.7479573583046881,
        1.6597670561412299,
        2.7570863008471456,
        -1.1329224215729323,
        -0.4242662269722661,
        -1.444216899225165,
        1.891589921605929,
        0.8685800355148432
    ],
    "oo": false,
    "mo": [
        [
            [
                -9.577305140122494e-05,
                0.01812972750579075,
                4.129313829450864e-16,
                1.702100957838791e-17,
                -0.20123524254483766,
                -0.29061655051742,
                -1.2943413882962376,
                1.4642995591877489e-16,
                -1.9087423541572317e-16,
                0.10810371710280386,
                0.09745139843041883
            ],
            [
                0.0006020790742867671,
                0.01547711565294754,
                6.491317998792239e-16,
                5.130136104114675e-18,
                -0.3498110711141759,
                -0.6919527442515567,
                1.1998714233226089,
                -1.8359801329992032e-16,
                -1.9900412496686548e-16,
                0.09697342990169874,
                -0.33801081732622923
            ],
            [
                0.9955903987119651,
                -0.23949235391291623,
                -3.871346807860863e-17,
                4.922814952705511e-18,
                -0.018518963689827916,
                -0.022913805913089204,
                0.01936280708869809,
                6.198610706108711e-17,
                -7.354360789849322e-17,
                0.03000096943640775,
                0.1157418676381603
            ],
            [
                0.020403260122544235,
                0.5246314854962416,
                -1.2525880766851236e-16,
                -4.9949995451960856e-18,
                0.05399908261832422,
                0.04274659259527908,
                -0.060221360797850225,
                -6.914083887894427e-16,
                4.303878365542619e-16,
                -0.34338600973722305,
                -1.4625375412577302
            ],
            [
                -0.0042367706053403455,
                0.5623306772971173,
                -5.999913237001882e-17,
                -2.864660196366971e-17,
                0.05813835723948232,
                0.12773149045648668,
                -0.12824390796079327,
                6.987124312681603e-16,
                -4.179128267970834e-16,
                0.31531913817533075,
                1.4855761687070967
            ],
            [
                -6.435673391988931e-17,
                -3.0988628964747086e-17,
                0.6678188330961803,
                -0.026274306133287878,
                2.00348587441975e-15,
                -3.9869820817631395e-16,
                1.4713866002848858e-17,
                0.07481662749346657,
                -0.93819275657365,
                -1.6297127986002765e-15,
                5.396529464499509e-17
            ],
            [
                -5.2568365983902276e-18,
                2.339278625320735e-17,
                0.026274306133287875,
                0.6678188330961793,
                2.0180905250251244e-16,
                -6.718612471227022e-17,
                -4.447670285138424e-17,
                0.9381927565736504,
                0.07481662749346651,
                -1.228074701803893e-16,
                -2.802598991778439e-16
            ],
            [
                -0.0005230921853277982,
                -0.0035157861904950728,
                -1.891191281655179e-15,
                -1.3401400320058254e-16,
                0.4987513135388034,
                -0.3785719602683242,
                -0.05344649394510564,
                -1.381410260430258e-16,
                1.5330071915649708e-15,
                -0.9447947383710698,
                0.252714927768921
            ],
            [
                4.6308091165350017e-17,
                -9.173749511671088e-18,
                0.48112335133903267,
                -0.018929059191618466,
                1.5222552854973134e-15,
                -3.664951482733008e-16,
                -2.6497535147168534e-17,
                -0.08339723805565716,
                1.0457927239355778,
                1.6679258052969965e-15,
                -3.286173831619327e-17
            ],
            [
                2.615383988056382e-18,
                2.0220068021246933e-18,
                0.01892905919161845,
                0.48112335133903283,
                1.5761261454009807e-16,
                -6.343128121180055e-17,
                5.3157090659654084e-17,
                -1.0457927239355775,
                -0.08339723805565706,
                1.3516179723506196e-16,
                3.971633096744137e-16
            ],
            [
                0.0003546328812528739,
                -0.01162142793161375,
                -1.318691281789249e-15,
                -1.0808448916729291e-16,
                0.40372288094791614,
                -0.379259414798795,
                0.18497203984733335,
                1.4477222093167639e-16,
                -1.822146675740558e-15,
                1.0329200292191494,
                -0.3238887960095458
            ]
        ],
        [
            [
                -9.577324215154966e-05,
                0.01812964180986564,
                -2.539380417756951e-16,
                8.594684479004036e-18,
                -0.20123355543064783,
                -0.29061699856933815,
                1.2943415351063585,
                1.9377353159520844e-16,
                7.309137001787599e-16,
                0.10810377412078337,
                0.09745154887806542
            ],
            [
                0.0006020795449113107,
                0.015476998909998445,
                -5.231351597873966e-16,
                1.0934774925867321e-17,
                -0.34980823720502846,
                -0.6919547490192753,
                -1.1998710688427148,
                2.3155646060904865e-16,
                -8.519566699222825e-16,
                0.09697374529201534,
                -0.33801081932172905
            ],
            [
                0.9955903956223062,
                -0.23949240332125896,
                6.721659186397668e-17,
                -4.2936675584316986e-18,
                -0.018518872702492205,
                -0.02291383274085161,
                -0.019362798070854927,
                1.8980182270845962e-17,
                3.667160864833322e-17,
                0.03000085384178549,
                0.11574183269770982
            ],
            [
                0.02040327424442352,
                0.5246319180813107,
                1.38753442118141e-16,
                5.765247811910752e-17,
                0.05399887270132163,
                0.042746784722157115,
                0.06022141723319601,
                -2.945051197654069e-16,
                -5.739053706905054e-16,
                -0.34338458604672456,
                -1.462537719962407
            ],
