{
    "dist": 1.8,
    "thetas": [
        2.6642912079054266,
        -2.1496625415376767,
        2.3053954196316866,
        -2.6128189992718975,
        0.4622770899119768,
        -1.3701128529271016,
        -1.5313344182421782,
        0.4020007843637723,
        -1.7604017992677186,
        0.9338120242786836,
        0.8026910124677635,
        -0.5593642767808649,
        -0.6123381419475225,
        -0.3131409369257323,
        -1.6718146755238117,
        -2.297561711699521,
        -2.483662932392931,
        -0.16970739510385746,
        -2.4262674891507134,
        -1.3443064296088185,
        2.125046712902188,
        -1.1682111365695702,
        -2.6617063424381278,
        1.6928598255164848,
        -1.5207194334820011,
        2.7295255334943684,
        1.9354703609260708,
        -1.0346545769819757,
        -0.05436527175048056,
        -1.7421129792025705,
        -0.4131309769728362,
        0.907253796106815,
        2.9013660158372616,
        -0.38018158604402075,
        -0.382485110624724,
        0.881078877024569,
        2.595581313190542,
        0.3522367566250084,
        0.2227459122705251,
        -0.35651160698077966
    ],
    "oo": false,
    "mo": [
        [
            [
                -9.577305140130084e-05,
                0.018129727505791293,
                3.9251421318894335e-17,
                3.95504310348882e-16,
                -0.20123524254484051,
                -0.29061655051741936,
                1.2943413882962378,
                -3.6251568101559995e-16,
                5.55481089227056e-17,
                0.1081037171028033,
                0.09745139843041617
            ],
            [
                0.00060207907428691,
                0.015477115652947397,
                -7.298565829683884e-17,
                5.720634615265875e-16,
                -0.3498110711141791,
                -0.6919527442515551,
                -1.1998714233226107,
                6.978552177285026e-16,
                -2.3546199752443114e-16,
                0.09697342990169898,
                -0.33801081732622457
            ],
            [
                0.9955903987119645,
                -0.23949235391291573,
                3.67133062240269e-17,
                1.3073563147367547e-16,
                -0.01851896368982854,
                -0.022913805913088905,
                -0.01936280708869762,
                1.3076951808949547e-17,
                -7.427093307000609e-18,
                0.030000969436407076,
                0.11574186763816091
            ],
            [
                0.020403260122544606,
                0.5246314854962393,
                -4.1894172381343023e-16,
                -1.6577181997954084e-16,
                0.053999082618325346,
                0.04274659259527693,
                0.06022136079784604,
                2.1409231047062805e-16,
                -5.897752341987816e-17,
                -0.343386009737217,
                -1.4625375412577315
            ],
            [
                -0.004236770605340841,
                0.5623306772971194,
                3.998471900560826e-16,
                -2.419465299081279e-16,
                0.05813835723948382,
                0.12773149045648802,
                0.12824390796079718,
                -3.721616199153201e-16,
                1.1357582681659811e-16,
                0.3153191381753256,
                1.4855761687070954
            ],
            [
                1.036716431105174e-16,
                1.7603399102214654e-16,
                0.14282425902927287,
                0.6528962888801453,
                2.1320247881220032e-15,
                -5.215828933431335e-16,
                3.139855882008263e-16,
                0.9206678686868416,
                -0.19538129850216598,
                -1.2185032970448653e-15,
                5.003965870135776e-16
            ],
            [
                -2.1273432157411024e-17,
                -1.851297482228737e-17,
                0.6528962888801447,
                -0.14282425902927293,
                -4.4287215048866284e-16,
                1.2425543319104734e-16,
                2.4906653422009785e-17,
                0.1953812985021664,
                0.9206678686868427,
                3.6940957930833953e-16,
                -6.590622898026975e-17
            ],
            [
                -0.0005230921853276719,
                -0.0035157861904959653,
                5.700460929201767e-17,
                -2.1598158694307994e-15,
                0.4987513135388004,
                -0.3785719602683255,
                0.05344649394510637,
                -1.1351431901219813e-15,
                5.888362790844559e-16,
                -0.9447947383710711,
                0.25271492776891763
            ],
            [
                4.2943086640387534e-17,
                5.761967467164713e-17,
                0.10289629874331771,
                0.4703725546739628,
                1.6371580106684473e-15,
                -4.95069259964644e-16,
                -3.5149757608393485e-16,
                -1.0262579320589633,
                0.21778929642653838,
                1.2402677626861297e-15,
                -4.585202278338771e-16
            ],
            [
                -5.012878367923333e-18,
                -8.325090924708655e-18,
                0.4703725546739638,
                -0.10289629874331792,
                -3.5145087051307633e-16,
                1.2000583562300156e-16,
                -3.652094891237254e-17,
                -0.21778929642653844,
                -1.0262579320589633,
                -3.580448379948579e-16,
                5.5464949668040664e-17
            ],
            [
                0.0003546328812528171,
                -0.01162142793161503,
                -7.659179642707889e-17,
                -1.5330596574009445e-15,
                0.403722880947915,
                -0.37925941479879965,
                -0.18497203984733376,
                1.4249983649279326e-15,
                -7.248734870151351e-16,
                1.0329200292191492,
                -0.3238887960095405
            ]
        ],
        [
            [
                -9.577324215135201e-05,
                0.01812964180986588,
                -2.2820600358505136e-18,
                -2.9295362938818467e-16,
                -0.20123355543064783,
                -0.29061699856933837,
                -1.2943415351063592,
                1.2057677624923495e-15,
                4.950808635211124e-16,
                0.10810377412078442,
                0.09745154887806101
            ],
            [
                0.0006020795449109604,
                0.01547699891000071,
                5.97285390602419e-17,
                -5.141257567797049e-16,
                -0.3498082372050254,
                -0.6919547490192772,
                1.1998710688427163,
                -1.1653006967543676e-15,
                -6.150075670320254e-16,
                0.09697374529201166,
                -0.33801081932172516
            ],
            [
                0.9955903956223067,
                -0.2394924033212589,
                -1.3048887278517673e-17,
                -5.495951053623992e-17,
                -0.01851887270249209,
                -0.02291383274085224,
                0.01936279807085475,
                5.2458534484124006e-18,
                6.30996199837644e-17,
                0.030000853841786308,
                0.11574183269770966
            ],
            [
                0.020403274244423654,
                0.5246319180813093,
                1.8634136456937492e-16,
                9.909043127698179e-17,
                0.05399887270132194,
                0.04274678472215665,
                -0.060221417233191944,
                -1.933111322138839e-16,
                -8.626048749700325e-16,
                -0.3433845860467368,
                -1.4625377199624037
