{
    "dist": 1.025,
    "thetas": [
        -0.485632194328141,
        -0.7671863714960319,
        2.2058628717934416,
        -0.00983268767414236,
        0.2991997046172967,
        1.252080172939956,
        -1.8559306988226674,
        -2.6983709538979874,
        -0.8559765547093554,
        2.3799525745062535,
        -0.2823271905508098,
        -0.4255673234466637,
        -2.0494026704695405,
        -1.9800306645750347,
        -0.1641425856253087,
        1.9996298921060802,
        -0.9392595787998337,
        2.3384695298489593,
        0.9205032020379997,
        2.2212117546283254,
        1.0104267682871626,
        -2.5667210747053706,
        0.3183583542672346,
        -1.1771808841356899,
        0.44065677369874745,
        2.0725161184900145,
        -2.9116880194542154,
        0.0008883315555285876,
        0.9161192104764773,
        1.8938914441496797,
        2.631500069573991,
        -0.3192017378028167,
        -0.8935733353289592,
        -1.9605392863764173,
        -2.157361704247257,
        -0.9330906655898241,
        3.06381984431897,
        -0.8112154932405922,
        2.4758493372933383,
        2.6808767738093326
    ],
    "oo": false,
    "mo": [
        [
            [
                0.0003694035928871387,
                0.09924500801583656,
                -0.27518240510090425,
                -9.02527223208372e-17,
                -3.7305302240035484e-17,
                -0.4477450586575721,
                -2.2336277642084044e-16,
                1.5331240356717994e-16,
                0.04641922523217223,
                0.4162347672811916,
                1.314598312865689
            ],
            [
                0.001425638092803854,
                -0.004873317493840515,
                -0.14607591777284304,
                -8.389438496019597e-17,
                -7.265431478758705e-17,
                -0.24360319848778525,
                1.363975794162342e-17,
                -1.272251093231281e-17,
                0.21021732571960847,
                -1.604003292322941,
                -0.25815457715661283
            ],
            [
                0.9955407869703357,
                -0.23307167256307507,
                -0.053121275682457975,
                2.6876807652519015e-17,
                1.0478549058307148e-17,
                -0.061590841653621685,
                1.450563977461656e-16,
                -3.6265850770914237e-17,
                -0.11059822682971858,
                -0.006120558751687633,
                0.0033950947407504852
            ],
            [
                0.021114878643678957,
                0.5024065369596165,
                0.12371550767644651,
                -3.9059294154163737e-17,
                -1.1182533933820778e-16,
                0.377714563061084,
                -1.7512177332698368e-15,
                4.857537548074382e-16,
                1.4357996341291885,
                -0.4214393883253989,
                0.41548194152061313
            ],
            [
                -0.005423700396313317,
                0.5474118987949409,
                0.19945715383179694,
                1.0319874278678959e-16,
                1.4581198727324485e-16,
                -0.07069251014662031,
                1.7759865506074715e-15,
                -5.170862268477059e-16,
                -1.515712147640165,
                1.0877752720695446,
                -0.7028379908635799
            ],
            [
                1.4485544501655597e-18,
                3.0925709762883844e-17,
                -1.7020838954574812e-17,
                0.3724684123170644,
                0.546540863038801,
                -1.0752231540528797e-16,
                0.8244700568792376,
                -0.4639881479109653,
                1.3281458826743823e-15,
                1.269555814013259e-16,
                -5.4767138686388486e-18
            ],
            [
                2.0043179317440002e-17,
                1.3474715144045297e-17,
                -8.078235323895756e-17,
                0.5465408630388013,
                -0.3724684123170642,
                -1.368097761061957e-16,
                0.46398814791096477,
                0.8244700568792374,
                4.0077279993453844e-16,
                5.69471871656389e-17,
                -5.0456660723981134e-17
            ],
            [
                -0.0013316414314456324,
                -0.059830976437733364,
                0.5364553748715821,
                9.766797594142798e-17,
                2.982292157523872e-18,
                -0.8366485821694374,
                -5.238323252475899e-16,
                -1.176903755327865e-16,
                0.3217286282171694,
                0.3526442800512309,
                -0.41035592471447635
            ],
            [
                2.4245356756918663e-17,
                1.152558549553161e-17,
                3.646005845739019e-18,
                0.2754980944447429,
                0.40425163939862074,
                -1.0925011093525763e-18,
                -0.9111626733131112,
                0.5127762709011014,
                -1.5853909692312148e-15,
                -2.023940931124279e-16,
                -4.523797987786082e-17
            ],
            [
                1.8774540067100087e-17,
                5.2400512248352846e-18,
                -5.634481026673678e-17,
                0.40425163939862074,
                -0.2754980944447426,
                1.711249714406441e-16,
                -0.5127762709011008,
                -0.9111626733131112,
                -5.139221193920275e-16,
                -9.424679098626594e-17,
                1.1403298178951924e-16
            ],
            [
                0.0012574655869125094,
                -0.04648778174348745,
                0.37080437381291753,
                -4.6627902411643395e-17,
                -8.753386202208647e-17,
                0.2843879281288911,
                5.243276814707166e-16,
                1.5439050280659605e-16,
                -0.28568346252173993,
                -0.8172437363156279,
                1.161113556688611
            ]
        ],
        [
            [
                0.0003694035928871387,
                0.09924500801583656,
                -0.27518240510090425,
                -9.02527223208372e-17,
                -3.7305302240035484e-17,
                -0.4477450586575716,
                2.31334436657164e-16,
                7.71907879199182e-17,
                -0.04641922523217294,
                0.4162347672811843,
                1.314598312865691
            ],
            [
                0.001425638092803854,
                -0.004873317493840515,
                -0.14607591777284304,
                -8.389438496019597e-17,
                -7.265431478758705e-17,
                -0.24360319848778528,
                8.041608467023262e-17,
                1.9083578241977697e-17,
                -0.21021732571960886,
                -1.6040032923229397,
                -0.2581545771566208
            ],
            [
                0.9955407869703357,
                -0.23307167256307507,
                -0.053121275682457975,
                2.6876807652519015e-17,
                1.0478549058307148e-17,
                -0.061590841653621685,
                -2.2644727037123623e-16,
                5.636513464411093e-18,
                0.11059822682971851,
                -0.006120558751687726,
                0.003395094740750513
            ],
            [
                0.021114878643678957,
                0.5024065369596165,
                0.12371550767644651,
                -3.9059294154163737e-17,
                -1.1182533933820778e-16,
                0.37771456306108525,
                2.7634222494945108e-15,
                -1.792402429672712e-17,
                -1.4357996341291894,
                -0.4214393883254004,
                0.4154819415206103
            ],
