{
    "dist": 1.225,
    "thetas": [
        2.3463261368903874,
        2.9439278084526643,
        2.319717710563025,
        0.1938720278250048,
        -1.6793174426784083,
        -3.0699718540344296,
        -0.4368772992954577,
        -0.6135444998792989,
        0.1424691618875915,
        -0.1357683511288812,
        0.34781498297773794,
        0.2726023879603252,
        1.639255247336484,
        1.3343888034911187,
        0.7519847877695871,
        -0.4643791018236456,
        -1.3252806848740173,
        2.9773202892406827,
        -1.0444284749192585,
        -1.766825043051343,
        -2.7281063583560097,
        3.033965123374311,
        -2.3382515167002618,
        -1.1175851867391877,
        -2.695845613805822,
        -1.7293214755701178,
        -0.6683115396232484,
        2.4890524741785924,
        -0.9709933288902195,
        3.045770542014389,
        -2.961063865698451,
        -0.931892285898047,
        -0.7479573583046881,
        1.6597670561412299,
        2.7570863008471456,
        -1.1329224215729323,
        -0.4242662269722661,
        -1.444216899225165,
        1.891589921605929,
        0.8685800355148432
    ],
    "oo": false,
    "mo": [
        [
            [
                0.00030607652394896084,
                0.059609129660928,
                -0.24685277918213164,
                9.72174669194572e-16,
                -8.81749394923422e-17,
                0.2096708929215652,
                1.2447397785248653,
                -2.875047967980144e-16,
                5.396877072470094e-16,
                0.3227069070118523,
                -0.3940207914137328
            ],
            [
                0.0009952085213079554,
                0.008135208482400454,
                -0.21771463397306945,
                9.87004906187794e-16,
                -8.195228784228342e-17,
                1.009508534536751,
                -1.1586503930993455,
                2.028673968710343e-16,
                -9.375084616392041e-17,
                -0.11688134995240933,
                -0.33135730551335724
            ],
            [
                0.9955696610636895,
                -0.23626613535701144,
                -0.040118404369979016,
                9.488726612981809e-17,
                6.5645675772612206e-18,
                0.04843681222417507,
                0.007821244546584578,
                -1.123700532225516e-16,
                7.934239046986625e-17,
                0.07053758436117692,
                0.09041580611246186
            ],
            [
                0.0207698274095513,
                0.5115034359417044,
                0.10098967012905413,
                -3.039541674628396e-16,
                1.6404887379792772e-17,
                -0.07148241149492258,
                -0.09327920486474293,
                1.0321765446632597e-15,
                -1.8535308733303323e-16,
                -0.8033178485934963,
                -1.327193261745692
            ],
            [
                -0.004850395595120127,
                0.5591572953294195,
                0.1438987491966451,
                -5.574898646398645e-16,
                9.000560741068383e-18,
                -0.41922728524559877,
                0.3118477333322743,
                -1.0198145862780046e-15,
                9.212880234403315e-17,
                0.770565223507078,
                1.5024133891691325
            ],
            [
                1.9376720148152206e-17,
                -1.0397182553598473e-16,
                2.3925083584308292e-15,
                0.6559372010286353,
                -0.1025460480332542,
                -1.7209793599962593e-16,
                6.763834929414139e-17,
                0.03267141759605163,
                -0.9437366073482776,
                8.397779124396639e-16,
                -3.6040847227441344e-16
            ],
            [
                -1.3420644569875448e-17,
                3.230566338005228e-17,
                1.85393161621104e-16,
                0.10254604803325418,
                0.655937201028636,
                -4.382151572846759e-18,
                -1.1334963171748053e-17,
                -0.9437366073482781,
                -0.03267141759605204,
                -1.0312787533728524e-15,
                -2.4503187241151556e-16
            ],
            [
                -0.00106617792245057,
                -0.03092271476357051,
                0.5182942951930521,
                -1.6333888366923328e-15,
                1.3014399717465274e-16,
                0.35144947710447905,
                0.29145538369506,
                7.058094569212042e-16,
                -7.721444494936847e-16,
                -0.7846862866640365,
                0.5390809421787802
            ],
            [
                -2.2309903778219836e-17,
                -2.148025097584594e-17,
                1.7114569667911065e-15,
                0.480583663276596,
                -0.07513212444891923,
                -1.257936405702425e-16,
                -1.6747337316675825e-16,
                -0.036219012592067445,
                1.0462113547614489,
                -8.029064224406058e-16,
                3.227002360841756e-16
            ],
            [
                8.737761101497037e-18,
                4.646117499243837e-18,
                1.1914436626914805e-16,
                0.07513212444891923,
                0.4805836632765959,
                -2.0237303883653725e-17,
                1.877991211204267e-17,
                1.0462113547614496,
                0.03621901259206793,
                9.621724017674065e-16,
                1.454821737287114e-16
            ],
            [
                0.0009253481935325617,
                -0.03622975596402944,
                0.3903958475584277,
                -1.4042570355840888e-15,
                1.0404741920953473e-16,
                0.4611726153222974,
                -0.10878326919785557,
                -7.98156150833612e-16,
                1.069796110410692e-15,
                0.9299391945709083,
                -0.8247499399545709
            ]
        ],
        [
            [
                0.00030607587731724197,
                0.05960959454490421,
                -0.24685679505276323,
                -1.7960077080857594e-15,
                -6.054692104413275e-17,
                0.20967007929958387,
                1.244739702669615,
                -3.8144145698413666e-16,
                3.985767551191934e-17,
                0.32270465423435335,
                -0.39402072275936195
            ],
            [
                0.00099520811923533,
                0.008135542819241514,
                -0.21772037502055136,
                -1.7506030350108923e-15,
                -9.194375929993517e-17,
                1.0095061174274307,
                -1.1586514184702195,
                6.834185318774403e-17,
                -9.78408218952337e-17,
                -0.1168814333380703,
                -0.33135727427926426
            ],
            [
                0.9955696655112716,
                -0.23626608115172262,
                -0.04011882180576234,
                -3.511551958994995e-16,
                -5.728944355768884e-17,
                0.04843664932379617,
                0.007821221024619124,
                -6.57439026384135e-17,
                3.6813901051274587e-17,
                0.07053773980576253,
                0.09041568159526085
            ],
            [
                0.0207698080738346,
                0.5115032889389584,
                0.1009906925526593,
                7.701949916136499e-16,
                -2.8424544661503294e-18,
                -0.07148174506250916,
                -0.09327911780170398,
                3.444193322175012e-16,
                -4.489727662528231e-16,
                -0.803320719801798,
                -1.3271915450401113
            ],
            [
