{
    "dist": 1.9,
    "thetas": [
        0.5537421544386962,
        2.498909051664074,
        2.460060126744791,
        1.9844653968763062,
        -2.9160917365612167,
        1.2048484202477079,
        -0.7622701226724877,
        0.11630770046138306,
        0.9924383276466164,
        -1.9235958127940909
    ],
    "oo": false,
    "mo": [
        [
            [
                0.22334461989317256,
                0.23065447095956065,
                0.9164302275826375,
                -0.9315048390203454
            ],
            [
                0.4618470282933415,
                0.6621171480175913,
                -0.6717385328890013,
                0.9851921527401579
            ],
            [
                0.22334461989317816,
                -0.23065447095955827,
                0.9164302275844696,
                0.9315048390185415
            ],
            [
                0.4618470282933515,
                -0.662117148017582,
                -0.6717385328909405,
                -0.9851921527388366
            ]
        ],
        [
            [
                0.22334462295946278,
                -0.23065447301483105,
                0.9164302268363731,
                0.9315048385104199
            ],
            [
                0.46184702604578076,
                -0.6621171458438535,
                -0.671738534435381,
                -0.9851921542003138
            ],
            [
                0.2233446229594575,
                0.2306544730148329,
                0.9164302268361554,
                -0.9315048385106344
            ],
            [
                0.46184702604577005,
                0.6621171458438628,
                -0.6717385344351493,
                0.9851921542004707
            ]
        ]
    ],
    "iterations": 88,
    "final_energy": -1.287614,
    "iter_energies": [
        -1.2082217584425077,
        -1.2475241815501998,
        -1.261362034488557,
        -1.2699198373250116,
        -1.2732478318764855,
        -1.277166826224049,
        -1.2784127021957474,
        -1.280261137948257,
        -1.2825784341022002,
        -1.2846265773150114,
        -1.285132718261945,
        -1.2853852770774334,
        -1.2854397867246772,
        -1.28544014919845,
        -1.28544024756854,
        -1.2854402825775322,
        -1.2854403431358377,
        -1.2854404522773077,
        -1.2854406514361303,
        -1.2854410136368193,
        -1.2854416636279695,
        -1.285442807594538,
        -1.2854447801523756,
        -1.2854481137800708,
        -1.2854534575825054,
        -1.285460532413403,
        -1.2854728212328763,
        -1.2854955273614768,
        -1.2855356274505172,
        -1.2856031496780442,
        -1.2857176174717444,
        -1.285900501432984,
        -1.2860512681061163,
        -1.2863104535948187,
        -1.2867078203078022,
        -1.2871035327274492,
        -1.2871568029061153,
        -1.2872345610869982,
        -1.287320488220775,
        -1.2873518359299763,
        -1.2873842110946454,
        -1.2874122479566303,
        -1.2874397906294166,
        -1.2874757978797147,
        -1.287493400831726,
        -1.2875061959605918,
        -1.2875189397106608,
        -1.287527243957322,
        -1.2875363518564091,
        -1.2875429571173544,
        -1.2875529044508118,
        -1.287561254614244,
        -1.2875656996479945,
        -1.2875719630506655,
        -1.2875754187862725,
        -1.2875784964308346,
        -1.2875827172724574,
        -1.2875851393477424,
        -1.2875890426941172,
        -1.2875936036912414,
        -1.287595903685469,
        -1.2875976771681685,
        -1.2876005854335926,
        -1.2876022624827597,
        -1.2876036115722007,
        -1.2876045682684145,
        -1.287606247747819,
        -1.2876071585285382,
        -1.2876082384571537,
        -1.2876090570639194,
        -1.2876103164239163,
        -1.2876106211358753,
        -1.2876111307386178,
        -1.2876119112026658,
        -1.2876124881710072,
        -1.287613141669623,
        -1.2876133664442595,
        -1.2876134708555524,
        -1.2876136305338564,
        -1.2876138302023954,
        -1.2876138942248532,
        -1.2876139739348824,
        -1.287614008192088,
        -1.2876140252140065,
        -1.2876140291887017,
        -1.2876140308389783,
        -1.2876140310265882,
        -1.287614031037431
    ],
    "function_evaluations": 98,
    "gradient_evaluations": 98
}